tree
version=v4
num_class=1
num_tree_per_iteration=1
label_index=0
max_feature_idx=29
objective=binary sigmoid:1
feature_names=Column_0 Column_1 Column_2 Column_3 Column_4 Column_5 Column_6 Column_7 Column_8 Column_9 Column_10 Column_11 Column_12 Column_13 Column_14 Column_15 Column_16 Column_17 Column_18 Column_19 Column_20 Column_21 Column_22 Column_23 Column_24 Column_25 Column_26 Column_27 Column_28 Column_29
feature_infos=[-29.983067299591742:1.3600531960265978] [-44.999555256577928:13.650641012772557] [-23.671154354759057:6.3064207688080689] [-4.1186749887755818:12.022599467160319] [-30.968220641757629:25.718407223461433] [-19.986905976665621:17.148637601327994] [-36.116833268679059:30.486293017675653] [-61.560040861666216:16.803901033390765] [-11.876403534425716:13.773642821671791] [-22.82142357484825:22.061454295427783] [-4.7402016146035422:11.449472872494518] [-17.102001330866415:7.2761934729032092] [-5.6486780446852043:4.3904134500250329] [-19.991927517956853:10.86983658917192] [-4.8554113850398295:6.0356277416427986] [-16.011394097700574:6.9176312586407125] [-28.572190515579095:10.465287448353704] [-11.287271464793474:6.0530226991088822] [-8.7976991085148608:6.8497798470949132] [-33.74945805605698:52.679369361745749] [-48.150760552027833:37.643747539117314] [-15.778977951995291:15.294341702380269] [-73.49501683568252:31.20526447602672] [-4.7076423964217158:6.6583685383263376] [-21.077884747371325:15.181454818921198] [-5.3454660898353543:7.187749876956147] [-58.52331815507025:31.503088115813739] [-37.652539876405179:108.79533601791772] [-1.916264506814445:4.0454289047285048] [-2.0627297693219995:1.7300790145164913]
tree_sizes=3378 3447 3432 3423 3421 3428 3419 3442 3443 3440 3475 3456 3449 3458 3453 3455 3454 3457 3282 3489 3495 3454 3452 3471 3441 3451 3474 3481 3464 3474 3491 3468 3476 3491 3486 3478 3469 3468 3473 3495 3491 3481 3477 3492 3473 3473 3490 3501 3481 3502 3488 3509 3459 3509 3455 3513 3517 3499 3474 3496 3503 3491 3495 3516 3528 3498 3467 3468 3467 3497 3493 3499 3482 3503 3414 3521 3502 3493 3272 3299 3490 3496 3351 3462 3475 3466 3471 3459 3458 3476 3463 3470 3491 3480 3472 3507 3510 3523 3517 3510 3527 3530 3530 3545 3502 3513 3491 3513 3537 3525 3520 3513 3510 3510 3518 3519 3511 3517 3517 3521 3544 3537 3230 3498 3496 3508 3513 3519 3497 3506 3499 3525 3544 3537 3000 3529 3479 3504 3487 3500 3504 3488 3522 3507 3528 3519 3558 3529 3538 3548 3523 3177 3298 3331 3193 2887 2954 3405 3476 3506 3524 3487 3502 3467 3482 3378 3159 3491 3516 3490 3513 3200 3084 3483 3483 3496 3516 3507 3494 3521 3519 3491 3507 3446 3506 3508 3478 3494 3525 3493 3468 3480 3393 3497 3401 3483 3492 3499 2539 3560

Tree=0
num_leaves=31
num_cat=0
split_feature=13 9 15 25 26 6 3 16 11 27 0 28 3 16 0 27 28 13 22 25 7 19 0 4 12 6 16 13 0 0
split_gain=58772.7 66814.7 3738.58 3150.72 8690.78 1236.6 685.788 522.078 4504.58 257.268 103.527 23.2498 19.8223 113.032 331.63 1129.66 124.317 27.6936 78.9405 23.8256 16.7276 9.29044 44.452 192.59 31.0556 4.84785 63.9188 3.38882 1.11022e-16 1.11022e-16
threshold=-3.9074159136352793 -1.7452818846413893 1.2268010297513599 -0.57220870216967146 2.7529616263015506 -0.21759194148947106 1.2424117575055311 -1.8632890144386625 -2.0634948065297238 1.2875412531874346 0.63769166273344813 2.0784155246126192 1.7499371652409101 1.6278697081242146 0.60446183221945204 0.1071486941712945 1.5604938824904886 -2.1852736024447892 -0.15777560325656079 2.7651104191903042 0.87521408943277457 -1.8279267169439317 -0.92647100126158721 -1.0000000180025095e-35 -1.5484982936020244 2.0050234400966214 1.9197669766505479 -0.90135916658118054 0.19900901355138098 -0.22530109140885921
decision_type=2 2 2 2 2 2 2 2 2 2 2 2 2 2 2 2 2 2 2 2 2 2 2 2 2 2 2 2 2 2
left_child=1 2 3 4 20 -3 -5 8 -2 -8 -7 28 21 17 16 -16 -15 18 -14 -19 -1 22 24 -24 -9 27 -27 -23 29 -10
right_child=7 5 -4 6 -6 10 9 12 11 -11 -12 -13 13 14 15 -17 -18 19 -20 -21 -22 25 23 -25 -26 26 -28 -29 -30 -31
leaf_value=20.837630634592703 6.8979724824574253 3.169113926761093 2.7160750368167621 12.682930615593349 -3.8735815441926302 -6.344702762071166 20.656415078615304 -5.508323272943044 -6.344702762071166 17.864562919332798 -3.6264694224048055 -5.1091421531319074 -3.6264694224048055 -6.344702762071166 -6.3447027620711651 3.5397821094428918 -4.079508312349172 -6.3238231029274532 -6.3447027620711625 -5.1091421531318781 19.478513964759248 -6.3269365310929535 -6.3447027620711651 -2.2673527525715169 -6.3290717480420318 -6.3101416261567804 -4.6458069247796701 -6.3430484600137103 -6.3447027620711642 -6.344702762071166
leaf_weight=0.058861762285232544 0.071737772785127163 0.03678860142827034 0.049664611928164959 0.03678860142827034 0.060701192356646061 0.73209316842257866 0.27591451071202755 0.11956295464187938 0.54815016128122807 0.11772352457046509 0.03678860142827034 0.040467461571097374 0.03678860142827034 0.71002000756561656 0.10116865392774343 0.040467461571097374 0.066219482570886612 16.762726240791384 0.097489793784922507 0.040467461571096375 0.03678860142827034 36.586264120414853 0.13611782528460026 0.036788601428269341 3.1987688941881061 2.8934235023334618 0.058861762285232433 302.24227332416922 0.044146321713924408 0.051504041999577477
leaf_count=32 39 20 27 20 33 398 150 65 298 64 20 22 20 386 55 22 36 9113 53 22 20 19890 74 20 1739 1573 32 164313 24 28
internal_value=-6.29461 3.77933 15.8882 17.0031 10.9241 -5.78616 19.2113 -6.33453 -5.02196 19.8215 -6.21464 -6.27163 -6.33727 -6.2859 -5.74549 -3.52056 -6.15146 -6.31518 -5.59998 -6.3209 20.3149 -6.33992 -6.25877 -5.47718 -6.2995 -6.34075 -6.27696 -6.34131 -6.3447 -6.3447
internal_weight=365.326 1.44211 0.636443 0.586778 0.156352 0.80567 0.430427 363.883 0.756006 0.393638 0.768882 0.684268 363.127 17.8553 0.917876 0.141636 0.776239 16.9375 0.134278 16.8032 0.0956504 345.272 3.49124 0.172906 3.31833 341.781 2.95229 338.829 0.643801 0.599654
internal_count=198608 784 346 319 85 438 234 197824 411 214 418 372 197413 9707 499 77 422 9208 73 9135 52 187706 1898 94 1804 185808 1605 184203 350 326
is_linear=0
shrinkage=1


Tree=1
num_leaves=31
num_cat=0
split_feature=16 25 9 27 18 5 25 11 13 6 3 23 27 9 21 21 27 9 13 3 0 9 28 13 19 3 7 14 16 18
split_gain=467.881 641.994 13691 41805.2 88068.9 2917.17 1329.81 379.688 213.351 118.64 106.121 166.196 86.2747 81.6452 74.5872 46.8189 37.0464 21.6593 15.2302 80.4161 84.5887 14.1608 7.62457 37.6781 84.9607 11.0731 4.25468 24.3364 5.27186 0.096193
threshold=-1.8632890144386625 -0.56450834449546206 -2.5366060588563664 0.93386279202721745 0.45474503995342802 -0.99718428091263622 -0.54119491440585732 -2.4823734980974708 -3.9074159136352793 0.21692603818795125 -0.99462616217737054 0.27959228852761531 -2.6035326283449596 -1.7452818846413893 -1.8370294977879482 -1.7646843003010384 2.9996133201763011 -1.6320907716769968 -2.8694824988781913 1.9758806009868362 0.63769166273344813 -1.0066819171892623 1.4598908066522018 -1.5704454847031448 1.6179079884984249 3.2991048220167891 -1.8520374819606578 1.5953264208892024 1.6278697081242146 3.283747335452579
decision_type=2 2 2 2 2 2 2 2 2 2 2 2 2 2 2 2 2 2 2 2 2 2 2 2 2 2 2 2 2 2
left_child=1 10 3 5 -5 6 -3 -4 9 21 11 -1 -7 -11 -12 -16 -17 -15 19 -10 -21 -2 26 24 -24 -25 27 -20 -28 -9
right_child=8 2 7 4 -6 12 -8 29 18 13 14 -13 -14 17 15 16 -18 -19 22 20 -22 -23 23 25 -26 -27 28 -29 -30 -31
leaf_value=-4.61803419290748 -0.74516523851252847 -99.1759061719047 -3.0748972104358812 -49.458480227937088 -585.78147335367123 -0.050302027467469729 -32.889524671207106 -0.04989127149802991 -0.050134498355341277 -0.54450028594707878 -3.6204649704390164 -0.050087800123740811 -7.0188701764431514 0.58671094605491747 2.4557195321538625 -0.095501580774302375 0.85886825645918619 -0.050580008083416374 -0.028419507089914843 -0.050871159245377433 -1.4142635753179111 -1.1834396656824957 0.094028481753634943 -0.032954402023361119 1.4865415889565328 0.26366700955254346 -0.046325494252239974 0.41689942832443228 -0.085750644098509299 0.018492054860170026
leaf_weight=0.032771234866231569 0.31366805159793731 0.0010078008173550739 0.12798196305114462 0.0030297809017127966 0.0010241852538772633 0.011937855362802452 0.0030358618920587341 0.47604273273579756 2.6554017810849468 1.3382246069965991 0.013976215345510412 0.050746335182338953 0.0070732157654197483 0.15673985844478022 0.01994607572267737 0.91956304416383916 0.11432593544731406 0.89243829809129227 6.8401530855331876 0.21609425079077471 0.24024606309831142 0.44688562490045702 0.69283557450399058 26.065780597738925 0.13010638835839927 0.31847777171060343 304.53307726711546 0.32120651262812305 8.7220923262648267 0.057654358446598053
leaf_count=20 28 7 18 30 72 6 67 260 1421 30 7 29 44 9 2 192 22 322 3634 48 20 23 302 14175 22 127 172749 181 4734 7
internal_value=-0.0531931 -0.848416 -2.05587 -36.8827 -184.954 -10.8457 -49.4101 -0.629029 -0.0490581 -0.45885 -0.126052 -1.84249 -2.64301 -0.2856 0.00819692 0.0563211 0.0100312 0.0446268 -0.0453801 -0.155505 -0.768646 -1.00269 -0.0443943 -0.0189823 0.314184 -0.029374 -0.0465521 -0.00844574 -0.0474232 -0.0425039
internal_weight=355.724 1.84012 0.688788 0.0271087 0.00405397 0.0230547 0.00404366 0.661679 353.883 3.14796 1.15133 0.0835176 0.0190111 2.3874 1.06781 1.05384 1.03389 1.04918 350.735 3.11174 0.45634 0.760554 347.624 27.2072 0.822942 26.3843 320.417 7.16136 313.255 0.533697
internal_count=198608 783 511 226 102 124 74 285 197825 412 272 49 50 361 223 216 214 331 197413 1489 68 51 195924 14626 324 14302 181298 3815 177483 267
is_linear=0
shrinkage=0.05


Tree=2
num_leaves=31
num_cat=0
split_feature=9 20 25 13 10 11 13 25 7 3 13 19 25 3 12 11 5 1 14 11 18 24 10 11 7 9 13 7 11 10
split_gain=6583.33 17469.8 66725.2 331758 613203 979525 6215.73 68333.8 441154 1.37822e+06 93.6289 36.7309 36.7604 40.6796 32.1638 119.788 31.475 27.6827 27.5243 25.3338 35.3082 21.1329 20.5792 111.519 13.6352 12.6481 8.3791 23.9076 71.1528 21.8351
threshold=-2.5366060588563664 2.3580492622531444 -0.49306347337182549 0.39242066302057349 -1.0000000180025095e-35 0.10152334320551455 -3.9074159136352793 -0.56450834449546206 0.20304117354345033 0.94501131640623426 -2.4692804104799468 -0.050389734836596277 0.21504901723074574 1.9758806009868362 0.98894350567660838 -1.5022809549109419 -0.52359606811710846 -1.246734895842873 -2.0192743714938 -2.830976474373657 -1.3094565096978308 2.3595699347662005 2.6016881451477079 -3.2946583790412771 -0.06448592175131225 -1.4691726545867143 -0.90135916658118054 -1.5726404662211462 -0.55316281782114018 2.3163243082536376
decision_type=2 2 2 2 2 2 2 2 2 2 2 2 2 2 2 2 2 2 2 2 2 2 2 2 2 2 2 2 2 2
left_child=1 6 -3 4 -4 -6 7 -1 -9 -10 11 12 13 21 16 -16 -8 -13 -14 25 -21 -2 26 -24 -15 -19 27 28 -12 -29
right_child=10 2 3 -5 5 -7 14 8 9 -11 22 17 18 24 15 -17 -18 19 -20 20 -22 -23 23 -25 -26 -27 -28 29 -30 -31
leaf_value=-0.030822774475776624 -0.086895607064246469 0.96473408640814862 -0.050087945276713723 -0.050441376574715091 1649.73013237706 -0.050087945276694669 -0.52321589538929936 4.104455499884784 9.7275193979771988 1141.6589489313519 0.94841466380430206 -1.8409910660835154 1.5640610018173509 -0.27020915084298641 3.8450747388357058 -0.050102408780657387 0.045199135936993984 -0.30817040501021498 0.060745894606359152 -0.37852463304214157 -0.11896347359032607 0.96029950677835174 -2.3372334607324396 -0.05009014419657102 -0.63273714170075712 -0.68588323635460802 -0.046678005120455751 -0.026993549399233527 0.0017332264572385702 -1.0991602601344137
leaf_weight=0.88659659699128657 1.8279078701943521 0.147597484914953 0.005258032470010221 0.033306373981758952 0.0018487313095635893 0.001752677490003407 0.27182480274798937 0.098785731133640198 0.010333411675004678 0.0036352058481671232 0.25036957464180887 0.027926965489314948 0.030958388932049385 0.52473458730673883 0.025729892198492088 0.084754398558288702 2.3407270309980919 0.41375006439814044 1.8463017596547266 2.1859965337393641 3.2702385649500076 0.049481564434245118 0.062805483117699623 0.35202630804633273 0.51287573549780041 0.47733170396531921 296.52246917734726 32.933779859568006 0.95775413515548169 0.047555127297527089
leaf_count=73 790 38 3 10 67 1 41 29 8 120 130 8 5 53 22 46 328 11 253 221 1389 24 3 208 28 29 175297 18902 442 29
internal_value=-0.0259099 2.01356 16.8118 72.2831 344.215 846.841 1.25916 4.63182 41.2946 304.302 -0.0492194 -0.191614 -0.0870252 -0.198156 0.0213962 0.857017 -0.013942 -0.270234 0.0855375 -0.263323 -0.222955 -0.0592951 -0.044417 -0.396363 -0.449401 -0.510502 -0.0439755 -0.0205372 0.197922 -0.0285395
internal_weight=346.206 3.91215 0.189763 0.0421658 0.00885944 0.00360141 3.72239 0.999351 0.112754 0.0139686 342.294 11.1675 4.79226 2.915 2.72304 0.110484 2.61255 6.37524 1.87726 6.34732 5.45624 1.87739 331.127 0.414832 1.03761 0.891082 330.712 34.1895 1.20812 32.9813
internal_count=198608 786 119 81 71 68 667 230 157 128 197822 2811 1153 895 437 68 369 1658 258 1650 1610 814 195011 211 81 40 194800 19503 572 18931
is_linear=0
shrinkage=0.05


Tree=3
num_leaves=31
num_cat=0
split_feature=13 25 23 18 23 18 12 22 12 4 8 14 7 3 29 2 0 29 16 13 8 17 3 12 6 13 18 19 0 19
split_gain=34.4442 162.58 304.22 1062.19 76.5353 213.031 58.9812 51.496 222.324 46.923 35.1317 22.1844 9.79173 22.0276 25.0161 90.3305 17.8552 76.858 17.4077 16.2253 93.6592 13.2328 8.14612 24.9272 65.7808 6.83128 6.50716 22.2873 6.30167 3.85351
threshold=-3.3356271479323412 1.1453678368749398 -1.7483580404454051 1.3391459910123003 1.0871632495676351 -1.0000000180025095e-35 -0.67003806660577514 -1.0037297003291783 0.61389227389298051 -3.5780307616273812 -2.4340309445854755 1.0299439442101774 -1.5726404662211462 0.91860262017778804 -1.6504679449917286 -0.57257152304426895 -0.016783732936627594 0.98800773072200399 -1.8632890144386625 -2.8694824988781913 -1.643258388349734 -1.4670618565431799 3.2991048220167891 2.2297827423500256 0.95052498516171624 -0.90135916658118054 2.7786210890898873 1.0978370917149454 0.28115279641175878 -1.8279267169439317
decision_type=2 2 2 2 2 2 2 2 2 2 2 2 2 2 2 2 2 2 2 2 2 2 2 2 2 2 2 2 2 2
left_child=1 4 -3 -4 6 -6 10 8 -8 -9 -1 -12 13 26 15 -15 25 -18 19 -14 -21 -22 29 28 -25 -16 -2 -28 -24 -20
right_child=12 2 3 -5 5 -7 7 9 -10 -11 11 -13 18 14 16 -17 17 -19 22 20 21 -23 23 24 -26 -27 27 -29 -30 -31
leaf_value=0.57419330431902327 -0.043979155215969505 0.03928275713878298 12.237722512652155 -1.6173693072772264 -0.023992950813246025 4.5068207782338545 -0.0055782345320186978 0.11856175468671044 -4.9690169783930527 -0.28699106941726638 -0.000872421323200825 -0.57101701600472432 0.0093629234987585835 2.1451664044279433 0.18756019558075923 -0.050313144314313496 -0.050086920466578991 2.5254961341965152 0.0070326380612505393 -5.2241695774497918 -0.61180849971339002 -0.18730223801947166 -0.050219351867256158 -0.050097859181463311 2.4080557622126224 -0.0052534942222522193 -0.050126233419186997 1.4073812886980237 0.32270995190614471 -0.046417349717579708
leaf_weight=0.25412498969925401 8.3979952809531788 0.1400550315156579 0.024424068139404009 0.031901730955610219 0.12246705297729932 0.032916797015656196 0.086669304946216247 0.80500800970125208 0.03050094506361492 6.2561083884816817 2.319326465535982 0.18416284148102713 0.61868775590202441 0.068324606549140299 0.62719675388507412 0.14906697766855392 0.11404836596920942 0.03882609261199832 3.4095747016255578 0.0095993505122869971 0.22528903058569705 0.99158636620097174 0.77300557913258561 0.082257909351028502 0.040672759525477886 1.716800537193194 0.11139573832042593 0.034306182526051998 0.13272718596272171 306.87971613835515
leaf_count=26 4226 14 29 20 65 28 52 55 24 956 201 98 21 26 123 66 67 22 1321 6 9 263 385 47 11 674 57 21 27 189668
internal_value=-0.0474812 -0.137553 1.28729 4.39049 -0.165281 0.935823 -0.182501 -0.258007 -1.29763 -0.240756 0.014046 -0.0428137 -0.0446249 0.00118935 0.125275 0.63971 0.080485 0.604043 -0.0462719 -0.199395 -0.304702 -0.265894 -0.0453643 0.0951078 0.763205 0.0463388 -0.0382315 0.293051 0.00443016 -0.04583
internal_weight=334.709 10.2877 0.196381 0.0563258 10.0913 0.155384 9.9359 7.17829 0.11717 7.06112 2.75761 2.50349 324.421 11.258 2.71426 0.217392 2.49687 0.152874 313.163 1.84516 1.22647 1.21688 311.318 1.02866 0.122931 2.344 8.5437 0.145702 0.905733 310.289
internal_count=198608 1568 63 49 1505 93 1412 1087 76 1011 325 299 197040 5282 978 92 886 89 191758 299 278 272 191459 470 58 797 4304 78 412 190989
is_linear=0
shrinkage=0.05


Tree=4
num_leaves=31
num_cat=0
split_feature=13 25 21 23 3 12 11 21 6 21 1 18 7 11 11 14 23 6 26 16 5 0 28 10 28 13 27 9 28 16
split_gain=80.6336 265.615 527.391 933.126 87.2967 42.4016 54.4301 37.217 35.6588 216.636 16.4005 11.3053 8.86796 15.3375 23.8702 51.9333 58.0323 11.6503 14.709 9.74041 99.5967 9.82388 6.52475 19.7771 6.15293 20.5299 23.3307 11.4193 5.6529 5.51616
threshold=-3.3356271479323412 1.1778272263680205 -0.30320350390667217 -1.3836643503733248 -2.3283181720141832 0.016133088011481587 -3.2946583790412771 -0.17990922663554179 -1.1553555437546241 -0.49904048092248326 0.69721044494448792 -0.85255020017841077 -1.5726404662211462 -0.55316281782114018 -0.74529840539396031 1.3781570419299254 -2.2360561871134137 -0.76555535234606298 1.333846404340761 -1.8632890144386625 -1.5596358989794232 -1.2510672545497921 -1.6737733579312282 0.4376175253721582 1.767324539810289 -1.7320214508875968 0.18224212170888024 1.6042625251574212 -0.49402062416133324 1.6278697081242146
decision_type=2 2 2 2 2 2 2 2 2 2 2 2 2 2 2 2 2 2 2 2 2 2 2 2 2 2 2 2 2 2
left_child=1 4 -3 -4 -1 6 7 -6 9 -7 -8 -10 13 14 17 16 -16 18 -2 20 -14 28 23 -15 29 26 -26 -27 -22 -21
right_child=12 2 3 -5 5 8 10 -9 11 -11 -12 -13 19 22 15 -17 -18 -19 -20 24 21 -23 -24 -25 25 27 -28 -29 -30 -31
leaf_value=-2.4201815912056075 0.070998899514218547 0.041078352599678479 0.048328778603863774 -9.9174190505599054 0.033345599585287981 -0.17839838049801543 -0.25917595082468275 0.5047691709344142 -0.2228111002039419 -2.4988851103382892 -0.052162352501639836 -0.078485117680769545 4.7021960555094227 -0.050089823055323217 3.1590339128046221 1.389714599179297 0.05654045741958609 -0.074497501687591533 0.57948544428494997 -0.045390791589694945 -0.45583125076826941 -0.055837682406328762 -0.044423535413654 1.2824428861976891 0.7250344676507815 -0.029512158577336946 0.063320141905638269 0.56551621886050618 -0.20674072324631121 -0.084741013203320767
leaf_weight=0.041836640171823869 1.3648240698021261 0.14921205124119297 0.048897978267632411 0.045202272663279155 1.2995395253463327 0.65153617171414635 1.6606820031262723 0.61763362040236502 4.1748410819237884 0.11894170916608415 2.2571326400479923 2.0101851676869904 0.010521075233016375 0.10808079538401116 0.015579928876832128 0.10413227183744311 0.46286005747970094 1.4362440528166187 0.1587657828349619 275.95661228377134 0.30410640418995172 0.97151647843113154 8.3331846785167141 0.037508304114453495 0.19333834655117144 12.001751564559523 0.42829462396912277 0.0811769211431973 0.90738883278192706 9.2030105568410345
leaf_count=34 242 10 15 34 57 65 118 61 262 89 488 335 8 62 5 16 136 424 58 178867 46 210 4328 11 44 7047 37 34 35 5430
internal_value=-0.0493266 -0.170969 -1.80754 -4.73885 -0.139938 -0.132479 -0.0330849 0.185219 -0.215861 -0.536621 -0.139911 -0.175904 -0.04423 -0.0021206 0.0852553 0.377811 0.15757 0.0276728 0.123986 -0.045917 -0.150894 -0.174283 -0.038626 0.293212 -0.0451439 -0.0110979 0.269124 -0.0255146 -0.269267 -0.0466607
internal_weight=325.155 13.0756 0.243312 0.0941003 12.8323 12.7905 5.83499 1.91717 6.9555 0.770478 3.91781 6.18503 312.079 12.0212 3.54241 0.582572 0.47844 2.95983 1.52359 300.058 2.19353 2.18301 8.47877 0.145589 297.864 12.7046 0.621633 12.0829 1.2115 285.16
internal_count=198608 1568 59 49 1509 1475 724 118 751 154 606 597 197040 5282 881 157 141 724 300 191758 299 291 4401 73 191459 7162 81 7081 81 184297
is_linear=0
shrinkage=0.05


Tree=5
num_leaves=31
num_cat=0
split_feature=13 6 24 2 27 23 3 25 23 23 18 12 27 21 28 7 11 3 13 11 16 3 7 0 29 11 29 3 20 18
split_gain=25.1117 30.4832 43.7443 45.6657 49.8614 38.6138 24.4072 23.1389 15.2338 19.799 14.4546 12.4604 19.0402 16.3559 12.1989 8.54246 13.3569 12.2415 31.4969 21.9509 7.44837 6.08466 8.1286 8.89279 5.22844 4.44044 4.25049 16.1069 4.04715 24.171
threshold=-2.4692804104799468 -1.8785297122085172 1.916966964752461 -2.9865825183719816 0.35141811302874471 -0.37173651836053256 -2.3283181720141832 1.011803317220884 -0.74233391072870203 -0.84497749270132083 2.2882268825124092 1.4309798393265172 0.16661613527978178 0.59342932766061984 -1.5736545141145453 -1.5726404662211462 -0.55316281782114018 0.53196593296999817 -1.8387459752497677 -0.93505421580074111 -1.8632890144386625 3.2991048220167891 -0.29945250609424351 -0.53574968923526545 1.1529124604541126 -2.1249738696816052 1.482721919918329 1.8034237842838674 3.2723943518088947 0.83675869893595001
decision_type=2 2 2 2 2 2 2 2 2 2 2 2 2 2 2 2 2 2 2 2 2 2 2 2 2 2 2 2 2 2
left_child=1 2 3 5 -5 -1 -3 11 9 -9 -7 13 -13 -8 -10 16 17 24 -19 -20 25 28 23 -23 -2 -17 -18 -28 -22 -30
right_child=15 6 -4 4 -6 10 7 8 14 -11 -12 12 -14 -15 -16 20 26 18 19 -21 21 22 -24 -25 -26 -27 27 -29 29 -31
leaf_value=0.92883095799876081 -0.050948976967914075 -0.86899569399613652 -0.45244694102023564 0.093247331050756305 -0.91626134716329577 0.06925946652151449 -0.15459845912395942 0.021928685663517886 -0.62454250524268218 0.63493131007041936 0.37089879972653628 -0.1517730252508187 -0.59101006005325052 0.017663619731382293 -0.0096666157615970007 -0.22966816611598972 -0.050384630405303714 1.0858451637475417 0.0056630878855290744 0.37273691061532804 -0.044811621761804428 -0.050457883773605751 -0.050288384092732945 0.35299082390724568 0.24361982522550141 -0.072428979390341416 -0.050201775331444681 0.47361684444367241 -0.050178585601564199 -1.4502398986310334
leaf_weight=0.17140490550427356 1.5269911149516704 0.11125389707581135 0.39475832728203553 0.30022033975122453 0.20641392473170517 1.5252876914277571 11.329163474035482 0.33468534204184863 0.087036937533427561 0.21720949527697386 0.5369876038396425 0.67846952170906216 0.38771809209720232 1.5687588678811035 1.1018291877770634 0.84860157547653281 7.1463593224198672 0.087961422977969383 1.3282043463514128 0.58738502953201499 280.71549496985961 0.21826772578060627 0.7053566533140827 0.36497090477496386 0.1671268029604106 0.95349480572078216 0.64615719893481571 0.18987967609427869 0.22521737182978441 0.03571651189122349
leaf_count=60 553 51 41 15 32 69 1986 56 62 12 58 50 20 446 178 8 3898 13 186 58 189509 80 346 21 22 243 374 25 119 17
internal_value=-0.0469966 -0.102793 0.0396397 0.110528 -0.318049 0.207736 -0.131026 -0.125798 0.0460966 0.263188 0.147802 -0.147226 -0.311501 -0.133646 -0.0546817 -0.0434212 -0.001514 0.0770461 0.160702 0.11822 -0.0451444 -0.0444974 0.0639043 0.202007 -0.0218894 -0.146472 -0.0379052 0.0687673 -0.0449946 -0.241818
internal_weight=314.698 18.9512 3.13507 2.74031 0.506634 2.23368 15.8161 15.7049 1.74076 0.551895 2.06228 13.9641 1.06619 12.8979 1.18887 295.747 11.6801 3.69767 2.00355 1.91559 284.067 282.265 1.2886 0.583239 1.69412 1.8021 7.9824 0.836037 280.976 0.260934
internal_count=198608 3136 275 234 47 187 2861 2810 308 68 127 2502 70 2432 240 195472 5129 832 257 244 190343 190092 447 101 575 251 4297 399 189645 136
is_linear=0
shrinkage=0.05


Tree=6
num_leaves=31
num_cat=0
split_feature=13 6 14 7 26 27 5 25 6 7 12 24 3 7 3 12 15 12 5 16 5 8 22 28 4 4 12 16 24 16
split_gain=19.5074 30.6491 42.0431 36.968 166.325 893.308 25.3436 21.7615 21.1668 23.2284 15.9237 10.8254 8.30204 7.97281 10.8053 9.37667 76.896 12.3877 8.95549 8.44443 19.6925 7.3035 5.68999 5.53183 14.1724 23.1559 123.176 23.1323 11.2168 22.2548
threshold=-3.3356271479323412 -1.8785297122085172 -0.93008655497006931 0.6632976251667122 4.1516572850080715 1.2875412531874346 -0.30818503772072431 1.83468313268966 -1.1553555437546241 0.21306607850206752 -0.67003806660577514 1.2357340607817484 -1.9767938777157081 -1.5726404662211462 1.1606748606959101 -0.11755492244436554 -2.4216760821646646 -0.2525144753974658 -1.7891778384094923 2.2586288425470591 -0.51717956769879248 2.88336522349331 -0.52166267950286771 1.4598908066522018 -0.13058210701640216 -0.11067271825092896 -1.2404683786799324 1.80448107615818 2.7660138904421969 -1.0000000180025095e-35
decision_type=2 2 2 2 2 2 2 2 2 2 2 2 2 2 2 2 2 2 2 2 2 2 2 2 2 2 2 2 2 2
left_child=1 2 6 -4 5 -5 -1 8 9 -3 11 -10 -12 14 19 17 -17 18 -16 -2 -21 -22 -6 -15 28 26 -26 -27 -25 -30
right_child=13 7 3 4 22 -7 -8 -9 10 -11 12 -13 -14 23 15 16 -18 -19 -20 20 21 -23 -24 24 25 27 -28 -29 29 -31
leaf_value=0.80509557293273248 -0.044059312257102835 -0.097458991569970677 0.18264926399214743 -0.050981538909914186 0.1962231489101412 -8.9864925105677802 0.10149237761320654 0.30893854985851171 -0.068663829155954703 -0.72859816911076347 -0.48872836605808712 0.19952356968300855 -0.14943039251134027 -0.047444210833920197 0.59593423842756643 3.824558347559404 -0.051209661412046775 0.36702542910514302 0.041724347550211288 1.2755979989580324 -0.051190208735828059 0.44667941071681228 -0.06459866186737577 -0.040658693423377301 7.0052023601743763 -0.0089134419248195346 0.32477159850995863 0.35257579808762829 -0.050120332890338098 -1.7075133072716859
leaf_weight=0.26228084057631429 8.5824715286834667 0.27085167407610289 0.92820995133096085 0.16751945566661464 0.3946430217474699 0.033576986189957969 0.2499490705532601 0.27092266105016349 1.471404520396731 0.3157131992839054 0.18381344301962776 0.50556501491542727 9.3950882187688105 252.31426283921826 0.077063206117600092 0.012903002476832737 1.5664941362956584 0.47314782696776125 1.3467482764972372 0.037705428607296199 0.28377846680814478 0.099484984297305346 0.44476885290350765 17.922288173345063 0.0070868973853066555 4.7155510268330643 0.26181679673027236 0.4883904963498934 0.061635899823158979 0.030167351360431804
leaf_count=37 4453 14 43 87 16 37 9 11 195 35 20 65 969 177809 9 4 393 41 258 12 109 3 30 11058 5 2707 74 54 32 19
internal_value=-0.0463978 -0.102196 0.058241 -0.0467493 -0.25139 -1.54294 0.461763 -0.134261 -0.14415 -0.437164 -0.129277 -8.09988e-05 -0.155941 -0.043515 -0.0044253 0.0704481 -0.0195463 0.145377 0.0717207 -0.033335 0.185306 0.0780435 0.0580247 -0.0452837 -0.0220743 0.0483914 0.500833 0.0250124 -0.0434825 -0.594754
internal_weight=303.175 14.8943 2.48095 1.96872 1.04051 0.201096 0.51223 12.4134 12.1424 0.586565 11.5559 1.97697 9.5789 288.281 12.4798 3.47636 1.5794 1.89696 1.42381 9.00344 0.420969 0.383263 0.839412 275.801 23.4869 5.47285 0.268904 5.20394 18.0141 0.0918033
internal_count=198608 1568 259 213 170 124 46 1309 1298 49 1249 260 989 197040 5282 705 397 308 267 4577 124 112 46 191758 13949 2840 79 2761 11109 51
is_linear=0
shrinkage=0.05


Tree=7
num_leaves=31
num_cat=0
split_feature=13 6 24 2 10 21 25 19 25 6 20 1 15 23 23 24 13 3 7 7 12 3 25 0 11 3 11 17 19 19
split_gain=15.5954 22.5608 44.6715 35.4626 30.3488 28.3651 114.297 12.4489 19.4265 25.9846 18.1237 117.888 28.5225 11.7846 9.64622 9.47016 8.11564 14.2345 20.6898 29.817 107.44 25.8255 5.02459 31.597 3.82169 3.61562 7.94871 16.7477 42.583 3.41719
threshold=-2.4692804104799468 -1.8785297122085172 1.916966964752461 -2.9865825183719816 2.6016881451477079 -0.43825945845820363 -0.52498143610616843 -0.050389734836596277 0.37275137228749061 -1.0845974503804179 0.94037990635588586 -1.246734895842873 -3.2656479115144936 -0.61480978764428595 -0.84497749270132083 2.3595699347662005 -0.90135916658118054 0.48615219757438455 0.12209895023067853 0.10777287402046028 -0.63215398719450733 0.51869508096070771 2.4414422552179755 0.67588688732862312 -2.6839861699909777 2.6159816495256254 -1.7860417399945923 -0.080680908683580729 -0.39635573627198795 -1.8279267169439317
decision_type=2 2 2 2 2 2 2 2 2 2 2 2 2 2 2 2 2 2 2 2 2 2 2 2 2 2 2 2 2 2
left_child=1 2 3 5 -5 -1 -7 8 9 -3 11 -9 -13 14 -10 -11 17 22 19 21 -21 -19 24 -24 -2 29 27 28 -27 -18
right_child=16 7 -4 4 -6 6 -8 10 13 15 -12 12 -14 -15 -16 -17 25 18 -20 20 -22 -23 23 -25 -26 26 -28 -29 -30 -31
leaf_value=0.058706402925742432 -0.19824514635383161 -1.5455309390948568 -0.51449549115291782 0.082223008183394702 -0.57730603546248915 0.13811598338335573 1.6457587032950138 -6.1738740973261965 0.005596934373681986 -0.11760725751671369 0.089418957643339375 -0.78583649309643555 -0.15007609192049104 -0.025991504771835001 0.36593422994954627 0.29219937909312449 -0.00090030740011122793 0.57767663007073999 -0.064852510111877412 3.6132672371973982 -0.050069804407627927 0.048341352881389604 -0.050069617569138275 1.7919173042514456 -0.042699768451547812 1.492578106095537 -0.050418626606848538 -0.05034979611615828 0.14676135543164381 -0.047933594396935765
leaf_weight=1.349054795539502 0.4027762848418267 0.031525074029749578 0.33363355172332498 0.39349119935663524 0.3133119403780279 0.63768636185494199 0.15658032772725472 0.0081638836327336817 0.30840685476687213 4.7398063677310525 0.73850856443140145 0.1800130380579511 8.8320609786293076 1.2379726005811824 0.46691170840448215 0.14529551280429576 3.9269635251839068 0.23894944088533243 3.853033043998157 0.027297525084577501 0.075021852040663251 6.457845089113107 0.16359482321422447 0.02714462298899889 20.179530438806069 0.064823562745004892 3.0827625565871122 0.95473907794803359 0.63008858705870807 233.0153294787068
leaf_count=61 30 9 41 18 29 28 98 8 48 884 45 31 1615 181 15 25 1497 171 2212 20 54 2851 118 20 14124 47 1843 523 57 171905
internal_value=-0.0462935 -0.0890587 0.0329141 0.0969935 -0.210133 0.198275 0.43533 -0.112328 -0.0610823 -0.114652 -0.148719 -0.168216 -0.162775 0.0697407 0.222599 -0.105419 -0.0431817 -0.019279 0.0277141 0.0801712 0.927263 0.0672287 -0.0433764 0.212068 -0.0457436 -0.0462898 -0.00301594 0.0855672 0.272303 -0.0471541
internal_weight=292.972 19.8724 3.18376 2.85012 0.706803 2.14332 0.794267 16.6887 6.92992 4.91663 9.75875 9.02024 9.01207 2.01329 0.775319 4.8851 273.1 31.4252 10.6521 6.79911 0.102319 6.69679 20.773 0.190739 20.5823 241.675 4.73241 1.64965 0.694912 236.942
internal_count=198608 3136 275 234 47 187 126 2861 1162 918 1699 1654 1646 244 63 909 195472 19600 5308 3096 74 3022 14292 138 14154 175872 2470 627 104 173402
is_linear=0
shrinkage=0.05


Tree=8
num_leaves=31
num_cat=0
split_feature=13 6 24 2 21 25 3 17 20 15 24 14 20 13 3 19 21 21 12 3 3 11 11 22 14 25 19 10 18 13
split_gain=11.8633 20.0407 53.09 30.9914 29.4304 97.3145 25.9394 10.9605 16.3286 14.1683 11.4762 9.30728 8.95179 7.87126 11.7353 18.8983 24.4772 20.3273 16.321 13.1376 3.41919 6.68877 17.2368 18.5642 5.50376 31.1058 3.39883 9.54273 25.1636 7.55498
threshold=-2.4692804104799468 -1.8785297122085172 1.916966964752461 -2.9865825183719816 -0.43825945845820363 -0.54119491440585732 1.9170863709417352 -1.7326726160389321 0.45557210583364199 -3.2656479115144936 2.3595699347662005 -2.1695011465006719 -0.13056177059857452 -0.90135916658118054 0.48615219757438455 1.6179079884984249 0.69099724391382245 -1.3666122778523591 -1.0821835410007941 0.51869508096070771 2.6159816495256254 -2.4823734980974708 -2.5744164177720479 0.38221041344512119 -2.7344467471434837 0.32311281436597689 -1.8279267169439317 -1.1436021690761258 1.3391459910123003 2.6788316329037967
decision_type=2 2 2 2 2 2 2 2 2 2 2 2 2 2 2 2 2 2 2 2 2 2 2 2 2 2 2 2 2 2
left_child=1 2 3 4 -1 -6 -5 8 -3 -9 11 -11 -12 14 -2 17 -17 18 -16 -19 26 22 -22 -24 25 -23 27 28 -15 -29
right_child=13 7 -4 6 5 -7 -8 9 -10 10 12 -13 -14 20 15 16 -18 19 -20 -21 21 24 23 -25 -26 -27 -28 29 -30 -31
leaf_value=0.054750336705262484 -0.042878433893177088 -0.12744258407892381 -0.67983092827736291 0.077972166669189061 0.077099223305214376 1.3306513645483813 -0.48868960684417834 -0.59622472932768755 0.15061144723740016 0.24689053386118084 -0.049219000738849938 -0.12963022710972555 0.29271944824468371 0.036354645067396073 0.59909305837034832 0.0414053813641867 0.6121947397758648 0.21996012376145418 0.10388151500072232 -0.030219672682565653 0.023733429403710912 -0.050078993398439811 -0.050170589789667777 1.0565749274302696 -0.050418948119292532 1.7934336386275374 -0.047801000039083108 -0.051671212594873464 0.86742295698339422 0.34218012413700694
leaf_weight=1.3735506222389302 20.082661141694139 1.1311819427083087 0.24163449605112042 0.46201441059398107 0.52796096284188854 0.21906061418669776 0.35878436072287445 0.15398997315540519 0.99016965070813068 0.16610715388459141 0.5901510237032106 13.781096336409311 0.28328354109768739 0.56394838925916735 0.22951995371840894 0.50429747486487109 0.29929535163682885 0.55497884622309079 0.60482926346958166 9.6336075918816793 0.95205700572114438 0.1463726686779413 0.065352314733899908 0.090165115194395185 3.4916138570115427 0.027121554827317595 222.25061352775288 3.1243921279092315 0.10862801503390074 0.12669868918601412
leaf_count=61 14292 75 41 23 26 100 24 33 28 27 57 2621 20 206 18 67 35 239 107 4842 271 105 32 15 2030 17 171905 1252 14 25
internal_value=-0.0457295 -0.0825772 0.0326171 0.091145 0.192118 0.444698 -0.169725 -0.104025 0.00234291 -0.119093 -0.114135 -0.125146 0.0616829 -0.0428867 -0.0196095 0.0199036 0.253994 0.002838 0.240109 -0.0165922 -0.0461028 -0.00422194 0.103454 0.591493 -0.036761 0.238109 -0.0469866 -0.000856031 0.170581 -0.0363224
internal_weight=283.135 20.279 3.18301 2.94137 2.12057 0.747022 0.820799 17.096 2.12135 14.9746 14.8206 13.9472 0.873435 262.856 31.9092 11.8265 0.803593 11.0229 0.834349 10.1886 230.947 4.77268 1.10757 0.155517 3.66511 0.173494 226.174 3.92367 0.672576 3.25109
internal_count=198608 3136 275 234 187 126 47 2861 103 2758 2725 2648 77 195472 19600 5308 102 5206 125 5081 175872 2470 318 47 2152 122 173402 1497 220 1277
is_linear=0
shrinkage=0.05


Tree=9
num_leaves=31
num_cat=0
split_feature=7 3 15 22 16 22 0 24 10 13 20 4 10 28 14 24 2 8 8 10 0 1 13 21 12 28 13 11 20 16
split_gain=9.32446 20.936 18.1812 19.708 16.6956 14.8792 19.6445 10.2705 142.491 270.72 18.2636 16.5698 12.3128 62.264 9.56712 47.1098 14.5766 8.17611 7.31045 34.1602 7.21055 9.97022 6.98063 7.5361 6.55872 23.8943 6.21475 5.76331 5.21902 4.53673
threshold=-0.37695591511472193 1.8034237842838674 -1.1338488203493651 0.33988562631725955 1.6278697081242146 1.9206110231158304 -0.46670732039730739 2.7660138904421969 1.3283992992751992 -1.1746262874469446 2.3580492622531444 -3.5780307616273812 2.3163243082536376 -1.4967715298118887 -1.4710155802429121 0.92422175829827402 0.18173445941680719 3.6289435418608273 -2.4340309445854755 0.75032507425526884 -0.6791685144053522 0.74202379832906751 -2.4692804104799468 -1.4284052271931944 -1.5190162595383889 2.3841047231735071 -0.90135916658118054 -3.2946583790412771 -0.11854100327354251 1.5618405417814603
decision_type=2 2 2 2 2 2 2 2 2 2 2 2 2 2 2 2 2 2 2 2 2 2 2 2 2 2 2 2 2 2
left_child=1 17 3 -3 7 14 -7 10 -9 -10 12 -12 26 -14 15 -6 -17 18 19 -1 -4 28 23 -16 25 -20 -2 -19 -22 -26
right_child=4 2 20 -5 5 6 -8 8 9 -11 11 -13 13 -15 22 16 -18 27 24 -21 21 -23 -24 -25 29 -27 -28 -29 -30 -31
leaf_value=-0.050065534333237099 -0.019829555611777461 0.43601858334984178 -0.052141844345877701 0.076729330022391407 -0.066751980997657751 -0.05081075585619458 0.70850365847273389 -0.050476834010363014 -10.62677443270416 -0.050067812606270835 0.7797662929724809 0.087436178211121263 -0.742470559323406 -0.062843004180896056 -0.33590780218842586 -0.36705332629597887 -1.0632203258551336 -0.54832976110671117 0.035119994540207616 -2.0862031818036892 0.2082961786234695 -0.039701348526944805 -0.045372971610874016 -0.1090400251489817 -0.044463486626861386 1.3340771070027908 -0.046885302984972552 -0.12404172158885951 -0.050390308601268308 0.024719944504968422
leaf_weight=0.12781994137913244 23.856974210593421 0.58321563874377291 2.3638023213008204 1.1044903249494677 0.9932876365201142 0.24435030168388039 0.13076362962601606 0.38081067279563263 0.0094547320522898395 0.016800947079900673 0.12004312433904007 0.30858061619677113 0.38086596237692782 2.9263051302965 0.38094266960979339 0.12885067024035379 0.18055534781888127 0.0841004687065946 1.7768826675019358 0.024556454503908753 1.0995127095375208 1.1225302028469739 5.028462352522177 9.3635604757071498 23.156841836298767 0.03612310520838935 192.37745969871369 1.6564578669698438 0.23700380010996225 2.6397412183982736
leaf_count=100 15167 38 635 38 607 75 5 261 33 13 45 66 101 631 15 33 16 8 964 19 62 278 3669 1562 16090 26 156669 362 118 902
internal_value=-0.0452151 -0.0215115 0.059642 0.200888 -0.0488195 -0.0974093 0.213884 -0.0451924 -0.29611 -3.85876 -0.0447281 0.281335 -0.0453647 -0.141111 -0.104673 -0.234567 -0.773305 -0.0394203 -0.0328296 -0.378202 0.0102144 0.0701555 -0.093219 -0.117909 -0.0309235 0.061001 -0.0439003 -0.144543 0.162423 -0.037384
internal_weight=272.841 36.0131 6.51055 1.68771 236.828 16.4508 0.375114 220.377 0.407066 0.0262557 219.97 0.428624 219.542 3.30717 16.0757 1.30269 0.309406 29.5025 27.762 0.152376 4.82285 2.45905 14.773 9.7445 27.6096 1.81301 216.234 1.74056 1.33652 25.7966
internal_count=198608 19640 1169 76 178968 5982 80 172986 307 46 172679 111 172568 732 5902 656 49 18471 18101 119 1093 458 5246 1577 17982 990 171836 370 180 16992
is_linear=0
shrinkage=0.05


Tree=10
num_leaves=31
num_cat=0
split_feature=7 3 15 16 12 18 22 24 10 25 20 10 28 8 26 24 8 3 0 1 13 12 25 21 14 24 4 13 16 20
split_gain=9.05154 19.058 15.0572 13.0645 12.4101 14.1955 12.3034 11.0366 144.656 292.211 13.7363 11.6761 80.1118 8.52158 79.3884 8.24718 7.52366 7.09258 6.41736 8.08702 6.3134 5.76464 17.5901 5.62737 7.24106 10.2894 4.83478 4.77928 4.32727 3.90822
threshold=-0.37695591511472193 1.8034237842838674 -1.1338488203493651 1.6278697081242146 -0.70829045077590902 2.4945878902499925 0.33988562631725955 2.7660138904421969 1.0696442392277776 0.17940406200589268 2.3580492622531444 2.3163243082536376 -1.4967715298118887 -2.4340309445854755 -2.8357165975312602 0.31598559203463478 3.6289435418608273 0.77103857410818311 -0.6791685144053522 0.74202379832906751 -0.90135916658118054 -1.5190162595383889 -1.7974949068075048 0.019207749757171429 -1.4710155802429121 0.92422175829827402 -3.5780307616273812 -2.4692804104799468 1.5618405417814603 -0.11854100327354251
decision_type=2 2 2 2 2 2 2 2 2 2 2 2 2 2 2 2 2 2 2 2 2 2 2 2 2 2 2 2 2 2
left_child=1 13 6 7 5 15 -3 10 -9 -10 11 20 -13 14 -1 -5 21 -17 -4 29 -2 22 -15 24 25 -6 -12 -26 -23 -20
right_child=3 2 18 4 23 -7 -8 8 9 -11 26 12 -14 16 -16 17 -18 -19 19 -21 -22 28 -24 -25 27 -27 -28 -29 -30 -31
leaf_value=-4.42059591881545 -0.019166578764357785 0.34271908061219714 -0.052046789827780215 -0.10706370050709207 -0.050086641503638944 0.73384273587095428 0.074093218317717841 -0.050466059290846743 -11.236683725369723 -0.049609263352111702 0.38171682637641779 -0.93269490092802987 -0.060598111551095894 1.0024951875080317 -0.05006077239947633 -0.097886915091141266 -0.1379205680813583 0.11574259041714244 0.1760193984584954 -0.038244999167528854 -0.046712341117890965 -0.044129578612296494 0.028492068296715242 -0.056343083833663037 -0.13549041414483015 -0.40025035988576474 0.080221147029533146 -0.042773997963015238 0.023082658156640252 -0.050371622131397092
leaf_weight=0.011440254398621619 23.458426613854215 0.7012184238062017 2.2525214008066161 1.4904027764504264 0.33806706927862151 0.063707708497531601 1.0870407163519125 0.35268907168939279 0.0089392471352489622 0.016821016780170339 0.22789944802578643 0.28979397237474813 2.8840809020946137 0.047499224077910074 0.11321068755933339 0.55695122202450864 1.7304366839545071 1.2848029126364866 1.2321555632515808 1.1074076786462681 183.65581768691891 22.18998428000971 1.9225814456585819 3.3358540401095516 7.3773100375991829 0.55290468299062923 0.31922622088868779 1.7125735830631992 2.6844408268961137 0.22552651446312788
leaf_count=10 15167 38 635 821 292 28 38 252 33 22 45 101 631 23 109 232 370 188 62 278 156669 16090 967 2374 801 34 66 1212 902 118
internal_value=-0.0446023 -0.0210443 0.0555259 -0.0482514 -0.0908072 -0.00548562 0.179428 -0.0448842 -0.314655 -3.93171 -0.0443999 -0.0450509 -0.140226 -0.0386688 -0.451181 -0.0196209 -0.0368693 0.0511405 0.00953457 0.0636119 -0.0435924 -0.0303554 0.0519756 -0.112565 -0.131356 -0.267386 0.205806 -0.118022 -0.0368761 0.140993
internal_weight=263.232 35.3055 6.60587 227.926 16.7126 3.39586 1.78826 211.214 0.378449 0.0257603 210.835 210.288 3.17387 28.6996 0.124651 3.33216 28.5749 1.84175 4.81761 2.56509 207.114 26.8445 1.97008 13.3167 9.98086 0.890972 0.547126 9.08988 24.8744 1.45768
internal_count=198608 19640 1169 178968 5982 1269 76 172986 307 55 172679 172568 732 18471 119 1241 18352 420 1093 458 171836 17982 990 4713 2339 326 111 2013 16992 180
is_linear=0
shrinkage=0.05


Tree=11
num_leaves=31
num_cat=0
split_feature=7 3 15 9 22 29 12 13 16 24 2 18 20 10 8 1 1 0 8 0 1 12 28 16 7 21 14 16 10 12
split_gain=8.80165 17.4277 12.6383 11.8849 10.9952 18.5368 25.1261 16.8685 13.4646 17.7586 184.567 320.845 12.5563 11.1651 9.80166 119.777 8.29644 7.50558 6.89161 5.76363 6.72686 5.44648 10.1076 5.24816 12.6272 4.15338 4.40331 4.12362 4.03714 3.78594
threshold=-0.37695591511472193 1.8034237842838674 -1.1338488203493651 -2.5366060588563664 1.9206110231158304 -1.980277404455945 -1.939639797644013 -1.3184134148895861 1.6278697081242146 2.7660138904421969 -2.9865825183719816 -1.3416399576507272 2.3580492622531444 2.3163243082536376 -2.4340309445854755 -2.1457103108637989 -0.047432910944448396 -0.17591774572755539 3.6289435418608273 -0.6791685144053522 0.74202379832906751 -0.70829045077590902 -1.4967715298118887 1.5618405417814603 -0.38914020024447843 0.019207749757171429 -1.4710155802429121 2.5229466155712399 1.9188123405428437 -1.5190162595383889
decision_type=2 2 2 2 2 2 2 2 2 2 2 2 2 2 2 2 2 2 2 2 2 2 2 2 2 2 2 2 2 2
left_child=1 14 3 -3 8 7 -7 -6 9 12 11 -11 13 -2 15 -1 27 -9 23 -4 -21 22 28 29 -25 26 -23 -8 -10 -16
right_child=4 2 19 -5 5 6 16 17 21 10 -12 -13 -14 -15 18 -17 -18 -19 -20 20 -22 25 -24 24 -26 -27 -28 -29 -30 -31
leaf_value=-6.5026054528330226 -0.04431957247224802 0.32539142534873355 -0.051955553582474015 0.065080426270804459 1.6389946503478587 1.3181415969840709 -0.05037403412983598 -0.050066103852162459 0.0079942157079438414 -0.049394273534936896 -0.050658467634804374 -13.119880891671981 0.18701143377926141 -0.1413510059047462 0.031611063885926979 -0.050058219202354641 0.17791581388509997 0.69728198914385597 -0.13379450386037506 0.12496648491807799 -0.03680491974816115 -0.22144975540512932 -0.10416943780267003 0.017086839634446249 0.72369649063782449 -0.056031224603515256 -0.11130276597827554 0.18537868329845525 0.19831836104739162 -0.043783259792918319
leaf_weight=0.0077488696579166563 195.47065185671175 0.69862109648927928 2.1463324605027734 1.177572420200476 0.029583165887743235 0.036544000031427326 2.6712162188009869 0.067815017653629184 0.70738803458440325 0.012152676818232067 0.21088114187786991 0.007651211202165136 0.58088975367203843 3.0103296353003079 1.8065016375039764 0.10008462705627152 0.55038839377812632 0.066577528137714004 1.6955437153075497 1.5583440546179188 1.0935633488406891 1.0073350745733467 1.8905572682560923 2.9570335075888923 0.064606386818922945 3.0903982429008456 9.1411589958681265 0.19932401494588692 0.4596962153662969 21.270559711274068
leaf_count=12 169945 29 635 47 5 29 1955 55 255 16 160 33 89 721 914 107 52 2 370 180 278 318 930 937 41 2336 1994 4 69 16090
internal_value=-0.0440437 -0.0205983 0.0519805 0.16201 -0.0477418 0.0386581 0.0140228 0.558099 -0.0491932 -0.04562 -0.484063 -5.09916 -0.0451119 -0.0457912 -0.0379599 -0.513736 9.15791e-05 0.320167 -0.036114 0.00895711 0.058257 -0.0928901 -0.0327432 -0.029768 0.032195 -0.106782 -0.122236 -0.0340039 0.0829599 -0.0378813
internal_weight=253.787 34.5765 6.67443 1.87619 219.211 3.62145 3.45747 0.163976 215.589 199.293 0.230685 0.0198039 199.062 198.481 27.9021 0.107833 3.42093 0.134393 27.7942 4.79824 2.65191 16.2965 3.05764 26.0987 3.02164 13.2389 10.1485 2.87054 1.16708 23.0771
internal_count=198608 19640 1169 76 178968 2102 2040 62 176866 170964 209 49 170755 170666 18471 119 2011 57 18352 1093 458 5902 1254 17982 978 4648 2312 1959 324 17004
is_linear=0
shrinkage=0.05


Tree=12
num_leaves=31
num_cat=0
split_feature=7 3 15 9 8 1 22 0 12 24 18 27 16 4 10 13 20 8 24 23 0 1 3 12 3 17 16 20 28 15
split_gain=8.56093 16.0649 11.491 11.173 11.0601 166.954 9.99957 13.3612 14.3134 12.3927 115.085 230.182 11.3151 12.7786 17.0146 8.47294 19.6912 6.27217 5.46846 5.45079 5.1891 5.61499 4.89287 4.88704 14.1509 4.40642 3.84438 2.56665 1.73634 1.59225
threshold=-0.37695591511472193 1.8034237842838674 -1.1338488203493651 -2.5366060588563664 -2.4340309445854755 -1.1927497892169672 1.9206110231158304 -0.53574968923526545 -1.1989564784612274 2.7660138904421969 0.45474503995342802 0.35842385353979073 1.6278697081242146 -3.5780307616273812 2.3163243082536376 -0.99722442418013379 -1.1155856958035459 3.6289435418608273 2.3595699347662005 0.05837556344423226 -0.6791685144053522 0.74202379832906751 1.9758806009868362 -1.5190162595383889 0.53196593296999817 2.0986180591278187 1.5618405417814603 -0.53013372182900587 0.88447562776525979 1.7502406725824178
decision_type=2 2 2 2 2 2 2 2 2 2 2 2 2 2 2 2 2 2 2 2 2 2 2 2 2 2 2 2 2 2
left_child=1 4 3 -3 5 -1 9 15 -9 12 -11 -12 13 19 -15 16 -8 23 22 -2 -4 27 -14 24 -6 -18 -25 -22 -5 -19
right_child=6 2 20 28 17 -7 7 8 -10 10 11 -13 18 14 -16 -17 25 29 -20 -21 21 -23 -24 26 -26 -27 -28 -29 -30 -31
leaf_value=-8.9228512536242555 -0.049723260192059027 0.315298636648566 -0.051868015593701966 -0.0078406665065749483 -0.050263039759051657 -0.050055482410080947 1.2204526414613031 0.75268570306197957 0.10936757641625519 -0.094684595790406931 -0.050053749277983429 -8.9790320962562404 -0.070305437699869716 -0.044011211778594544 -0.17533952212620882 -0.050336938598010909 0.036965250423853742 -0.11428010317362594 0.11579181927485958 0.20093312594952636 0.15403336213252763 -0.035386030903030184 -0.12773052117999611 -0.04342429137235751 0.21883536959483588 0.36207178219667768 0.01880654750775626 0.021415666545465777 0.11444722468580014 -0.28865136829260096
leaf_weight=0.0056352011895715029 0.30483210240106595 0.685173019133963 2.0450134789663288 0.51151758304331474 1.412937903485733 0.089585156942111221 0.039352913008769974 0.12349497468676418 0.28833902231418562 0.43435567195061153 0.020302346791140735 0.011199478845810518 9.402305322459819 187.19233084331188 2.4992162401215685 2.3786745682222286 0.81298303388322679 1.5249143331974426 0.32018866736325513 0.75181477244325146 1.1238158209598621 1.0808743970701469 6.1263018805620968 20.396267139173897 0.74673791631357733 0.11955256573855877 2.8255304566456223 0.54022121522575473 0.67111823829395689 0.14321440458297718
leaf_count=18 57 29 635 28 786 101 31 6 74 183 19 30 5488 169914 689 1833 151 369 31 95 41 278 360 16090 204 7 902 139 19 1
internal_value=-0.0435162 -0.0201567 0.0494443 0.154636 -0.0372275 -0.575153 -0.0472615 0.0335211 0.302277 -0.0487294 -0.306324 -3.22447 -0.0481485 -0.0447756 -0.0457415 0.000487053 0.124878 -0.0353339 -0.0887433 0.128621 0.00842512 0.0533447 -0.0929606 -0.0291615 0.0427815 0.0786444 -0.0358523 0.11098 0.0615549 -0.12925
internal_weight=244.628 33.8026 6.65773 1.86781 27.1448 0.0952204 210.825 3.7624 0.411834 207.063 0.465857 0.0315018 206.597 190.748 189.692 3.35056 0.971889 27.0496 15.8488 1.05665 4.78992 2.74491 15.5286 25.3815 2.15968 0.932536 23.2218 1.66404 1.18264 1.66813
internal_count=198608 19640 1169 76 18471 119 178968 2102 80 176866 232 49 176634 170755 170603 2022 189 18352 5879 152 1093 458 5848 17982 990 158 16992 180 47 370
is_linear=0
shrinkage=0.05


Tree=13
num_leaves=31
num_cat=0
split_feature=7 3 8 1 9 13 24 7 10 20 22 14 20 26 18 16 13 16 4 5 8 22 1 0 12 10 22 26 15 0
split_gain=8.27413 14.8582 12.3223 276.573 11.0193 34.5295 9.74961 98.3217 326.109 9.67327 9.81272 12.967 26.9667 9.71926 37.9795 8.8004 5.77061 10.0919 8.49465 7.8852 4.15588 3.77875 3.75224 3.73095 3.54188 3.22697 3.07446 1.98462 0.306024 0.30019
threshold=-0.37695591511472193 1.8034237842838674 -2.4340309445854755 -0.82185866772784577 -2.5366060588563664 -1.510756291369326 2.7660138904421969 1.88174047817606 -0.39908471886800156 2.3580492622531444 1.9206110231158304 1.1177421913278962 -1.1155856958035459 1.333846404340761 2.0262562528570487 1.6278697081242146 -3.3356271479323412 1.5618405417814603 0.22944128106212994 -1.7891778384094923 0.18753465906210301 -0.077680229181529684 0.74202379832906751 -0.17591774572755539 -1.5190162595383889 1.6352791279517049 -0.50978539607898743 2.7529616263015506 -2.4216760821646646 0.72439305519233066
decision_type=2 2 2 2 2 2 2 2 2 2 2 2 2 2 2 2 2 2 2 2 2 2 2 2 2 2 2 2 2 2
left_child=1 2 3 -1 5 -3 9 29 -9 10 13 23 -13 15 -15 -2 19 24 -19 -4 22 -21 26 -12 -18 -24 -6 -11 -22 -8
right_child=6 4 16 -5 20 -7 7 8 -10 27 11 12 -14 14 -16 -17 17 18 -20 21 28 -23 25 -25 -26 -27 -28 -29 -30 -31
leaf_value=-14.465439386033603 -0.04328989295938581 0.70387213236199531 -0.60346666531898707 -0.050052975713594086 -0.050518576148496523 0.018889344305460617 -0.050356350628025619 -0.050049298355511911 -10.890118766614085 -0.050108480900395769 -0.036477915778253121 1.7141979050138436 0.14777666257759187 -0.081589192155665069 -0.64989211081274811 -0.084029061642206929 0.026918927651314796 -0.051001038468406312 0.14044795411362432 -0.021468982906547085 0.05411554375725125 -0.15050496269518737 -0.065137307648624951 0.18981932431646945 -0.044530270350900528 0.064676102677489147 0.11724192619912276 0.17295074511522635 -0.052648255153804752 -0.12457336055173018
leaf_weight=0.0034685149119779426 177.53410118616802 0.25405100563979166 0.077974788437132125 0.081752768871422049 0.32000456896798857 0.66704743594163984 0.31470172021064602 0.027986421265441486 0.0092250278976280242 0.11938630519674021 2.5632927178521649 0.028340056189335883 0.90094660635804746 5.7590744481363894 0.30980294759554095 14.32586040494027 1.9031076765677593 0.92812937943381202 1.5420583259838165 1.0354249835563418 0.070267252624034771 1.2551319853750587 1.003084409690927 0.19607039238326152 19.579935795673133 0.91582711698720265 1.863436025334521 0.60532255470752716 1.4981698242089683 0.24027210474014282
leaf_count=23 167618 27 15 96 144 39 273 33 31 98 1671 22 273 3127 85 5699 929 368 414 253 1 166 421 8 16207 23 215 29 299 1
internal_value=-0.0429582 -0.0197381 -0.036501 -0.636761 0.0474138 0.207817 -0.046734 -0.249316 -2.73739 -0.0461411 -0.0467966 0.0340053 0.195547 -0.0483024 -0.1106 -0.0463318 -0.0345575 -0.0271958 0.0685144 -0.109008 0.0213598 -0.0921754 0.0478264 -0.020398 -0.0382008 -0.00318206 0.092655 0.136205 -0.0478652 -0.0824881
internal_weight=235.933 32.9989 26.407 0.0852213 6.59189 0.921098 202.934 0.592185 0.0372114 202.342 201.617 3.68865 0.929287 197.929 6.06888 191.86 26.3218 23.9532 2.47019 2.36853 5.67079 2.29056 4.10235 2.75936 21.483 1.91891 2.18344 0.724709 1.56844 0.554974
internal_count=198608 19640 18471 119 1169 66 178968 338 64 178630 178503 1974 295 176529 3212 173317 18352 17918 782 434 1103 419 803 1679 17136 444 359 127 300 274
is_linear=0
shrinkage=0.05


Tree=14
num_leaves=31
num_cat=0
split_feature=7 6 11 8 25 18 18 27 24 7 17 4 1 15 0 9 22 12 28 10 25 1 19 25 19 9 8 29 3 12
split_gain=8.10706 13.8605 20.7149 19.5239 43.7385 14.4911 12.7008 19.3603 9.84239 108.276 378.658 9.54538 11.0183 30.8229 81.7802 10.6534 8.37529 9.66246 6.75815 10.7603 34.2561 7.18939 6.18118 5.14048 4.64244 9.61339 3.5473 2.81176 2.61152 1.78009
threshold=-0.37695591511472193 -0.7513218046664234 -0.67716415672500019 -2.4340309445854755 -0.24293327592861733 -2.3112858319934242 1.862469253377194 0.49171523468935935 2.7660138904421969 1.5405452867107765 -0.25219082155694367 -3.5780307616273812 0.9585388568297416 -3.2656479115144936 -1.5356828961130746 -2.5366060588563664 1.9206110231158304 -2.094363937118469 1.767324539810289 -1.4577069136527501 -1.6203645108391245 -0.2898448894288273 -1.8279267169439317 -0.97696106632036117 1.9693493246126252 -0.70346535529550758 -2.4340309445854755 1.482721919918329 1.8034237842838674 -1.825336033404567
decision_type=2 2 2 2 2 2 2 2 2 2 2 2 2 2 2 2 2 2 2 2 2 2 2 2 2 2 2 2 2 2
left_child=1 2 5 4 -3 -1 23 -8 11 -10 -11 26 16 14 -14 -15 22 -18 24 20 -20 -21 -13 -7 29 -26 -2 -4 -29 -5
right_child=8 3 27 18 -6 6 7 -9 9 10 -12 12 13 15 -16 -17 17 -19 19 21 -22 -23 -24 -25 25 -27 -28 28 -30 -31
leaf_value=0.98726379982621626 0.13550687167603723 -3.1883937830159224 -0.049034767319677874 0.05050727201190245 -0.048386828121350534 0.22767495694079809 0.012290807418168584 0.75212006629864847 -0.080242461869867693 -12.454882789643651 -0.050047690243033439 0.087641234859630851 -0.11980891523541351 0.33103100415925557 -1.126192379308357 -0.070704411516027313 0.57366686996798388 0.018749105960879565 2.2114517547759216 -0.037947284822696159 0.15426410931036624 0.10726262275901517 -0.045246317705291139 0.0556576369316958 -0.73951703631179333 -0.10838753629166008 -0.050151811730706965 -0.050082519935853248 0.12643519405294443 -0.045660066213920374
leaf_weight=0.048170909987677368 0.9923732642531844 0.01593217823941058 4.0501878227933075 0.49521033984776508 0.036492340089216688 0.51685616680201407 0.16943009300483552 0.18496284950716108 0.53739214505692512 0.008061371173751164 0.025970840718460009 0.87952821777437762 0.98710490063454803 0.1669089950728545 0.25375933595879863 14.611198466212127 0.080134886724409049 3.7220095087541258 0.022102876682765782 3.4141505990457333 0.23961617873283092 1.1360154943769512 172.64462562527351 2.719393509795454 0.06304035335779179 1.4067164393746754 0.34732872751192523 0.36688848165795196 0.48855559452204034 17.010878841825736
leaf_count=18 87 26 2921 271 35 46 26 14 262 34 42 442 47 39 51 9055 18 1927 6 1593 99 366 166674 384 1 516 290 316 26 12976
internal_value=-0.0423956 -0.0192265 0.0354125 -0.0388094 -1.00266 0.125806 0.114249 0.398418 -0.0462384 -0.253445 -2.98844 -0.0456302 -0.0465518 -0.0862646 -0.325616 -0.0661671 -0.0429643 0.0304447 -0.0366852 0.0162385 0.327999 -0.00169351 -0.0445728 0.0831302 -0.0501056 -0.135458 0.0873733 -0.0316379 0.0507291 -0.0429397
internal_weight=227.641 32.3846 8.54445 23.8402 0.0524245 3.63881 3.59064 0.354393 195.256 0.571424 0.0340322 194.685 193.345 16.019 1.24086 14.7781 177.326 3.80214 23.7877 4.81189 0.261719 4.55017 173.524 3.23625 18.9758 1.46976 1.3397 4.90563 0.855444 17.5061
internal_count=198608 19640 3751 15889 61 488 470 40 178968 338 76 178630 178253 9192 98 9094 169061 1945 15828 2064 105 1959 167116 430 13764 517 377 3263 342 13247
is_linear=0
shrinkage=0.05


Tree=15
num_leaves=31
num_cat=0
split_feature=7 3 8 18 15 27 24 7 15 4 1 9 22 15 14 22 22 16 7 13 12 0 24 1 23 16 10 14 20 9
split_gain=7.89014 13.1651 16.1605 89.0839 10.6412 11.2727 10.204 116.186 587.008 8.7354 10.1056 58.6012 108.548 8.97439 103.167 5.72166 4.90498 10.8403 10.2253 6.17196 5.6209 4.24916 4.14594 3.76469 3.22599 3.15298 2.98881 2.52521 2.29043 1.39163
threshold=-0.37695591511472193 1.8034237842838674 -2.4340309445854755 0.77867299526346334 -1.1338488203493651 0.98719027370573753 2.7660138904421969 1.09301562807533 -2.0630745588227524 -3.5780307616273812 1.2138786430651731 -2.5366060588563664 0.33249243585732441 -3.2656479115144936 -1.4710155802429121 1.9206110231158304 -0.20837704558369172 1.5618405417814603 -0.40274784816019826 -3.3356271479323412 -1.5190162595383889 -0.6791685144053522 2.3595699347662005 0.74202379832906751 0.05837556344423226 3.5580040536293769 2.6016881451477079 -0.9477848171286497 -0.11854100327354251 -2.0607210003385319
decision_type=2 2 2 2 2 2 2 2 2 2 2 2 2 2 2 2 2 2 2 2 2 2 2 2 2 2 2 2 2 2
left_child=1 2 3 -1 5 -3 9 -8 -9 24 13 12 -12 14 -11 -15 17 20 -19 27 -4 -6 -13 28 -2 -21 -26 -18 -23 -25
right_child=6 4 16 -5 21 -7 7 8 -10 10 11 22 -14 15 -16 -17 19 18 -20 25 -22 23 -24 29 26 -27 -28 -29 -30 -31
leaf_value=-0.050048122330740623 -0.049647854081678933 0.035503695981607658 0.074581500527513611 -5.2800097706008478 -0.051744991676876941 0.29190493799870082 -0.079643535812942701 -17.869791508984118 -0.050046621492573308 5.3123926352754927 -1.2513920644800329 -0.07064689778494436 0.085242389745213726 -0.045807837758730319 0.039658702846188061 0.019629130287258014 -0.37578017613877773 0.061904915318899315 0.44144591468631822 -0.046020534064281172 -0.042271987512351075 0.10998056125238648 0.10712251301171843 0.06175834803665764 -0.050055677438410141 0.13063396551274345 0.16570719417214735 -0.13218390813841899 -0.050395813103803117 -0.068462242540677926
leaf_weight=0.054892194160681584 0.35875764776328489 0.9535721293970727 1.1579167869667788 0.0095602919569446332 1.9068148498740178 0.7787611777368797 0.51040810579739937 0.0056117497701015919 0.026189425129009125 0.0093241187523130931 0.29860176372288327 8.3885121908870097 0.3091506897001336 171.25269198839234 1.8368643317837756 3.4069906992954193 0.11566523137516083 1.5144541048250451 0.20101373485522422 11.588845394522243 9.2514217632160989 1.5795979611575601 0.34132656561632835 0.28406470606569201 0.19858634061529301 0.25821557373274195 0.83695771605708313 1.3265404892042469 0.25915000075474592 0.73866720031946875
leaf_count=101 156 54 448 18 635 22 251 35 52 15 74 4906 39 170781 446 1935 8 319 33 9904 7418 62 57 3 170 24 51 198 118 275
internal_value=-0.041836 -0.0188782 -0.0350828 -0.825813 0.044634 0.150768 -0.0457458 -0.262338 -3.19458 -0.0451185 -0.046054 -0.0967459 -0.571475 -0.0433723 0.0662885 -0.0445314 -0.0330775 -0.0100808 0.106378 -0.0540591 -0.0292734 0.00607543 -0.0636963 0.0446054 0.0795653 -0.0421702 0.12433 -0.15172 0.0873774 -0.0322934
internal_weight=219.759 31.9792 25.4785 0.0644525 6.50063 1.73233 187.78 0.542209 0.0318012 187.238 185.843 9.33759 0.607752 176.506 1.84619 174.66 25.4141 12.1248 1.71547 13.2893 10.4093 4.76829 8.72984 2.86148 1.3943 11.8471 1.03554 1.44221 1.83875 1.02273
internal_count=198608 19640 18471 119 1169 76 178968 338 87 178630 178253 5076 113 173177 461 172716 18352 8218 352 10134 7866 1093 4963 458 377 9928 221 206 180 278
is_linear=0
shrinkage=0.05


Tree=16
num_leaves=31
num_cat=0
split_feature=7 3 8 26 24 7 8 9 13 20 22 26 18 14 22 16 22 16 10 12 13 8 0 16 1 10 22 14 26 26
split_gain=7.75201 12.1931 19.8108 111.584 10.5157 136.04 571.68 10.4881 31.9001 10.2086 8.36511 9.04569 35.2694 8.95523 13.6765 6.4946 4.66346 9.28208 6.8131 5.06723 4.98599 3.4217 3.09626 2.8006 2.65089 2.56721 2.14668 1.22074 1.21053 1.02348
threshold=-0.37695591511472193 1.8034237842838674 -2.4340309445854755 -1.2765423762007575 2.7660138904421969 1.0341503001629344 -0.18357418261843658 -2.5366060588563664 -1.510756291369326 2.3580492622531444 1.9206110231158304 1.333846404340761 2.0262562528570487 1.1177421913278962 2.3073817170819648 1.6278697081242146 -0.20837704558369172 1.5618405417814603 -0.092280072532240756 -1.5190162595383889 -3.3356271479323412 0.18753465906210301 -0.17591774572755539 3.5580040536293769 0.74202379832906751 1.6352791279517049 -0.50978539607898743 -0.9477848171286497 4.1516572850080715 2.7529616263015506
decision_type=2 2 2 2 2 2 2 2 2 2 2 2 2 2 2 2 2 2 2 2 2 2 2 2 2 2 2 2 2 2
left_child=1 2 3 -1 9 -6 -7 8 -3 10 11 15 -13 22 -15 -2 17 19 -19 -4 27 24 -12 -22 26 -26 -9 -18 29 -11
right_child=4 7 16 -5 5 6 -8 21 -10 28 13 12 -14 14 -16 -17 20 18 -20 -21 23 -23 -24 -25 25 -27 -28 -29 -30 -31
leaf_value=-6.5858951769703555 -0.042114994055317989 0.68768856749288299 0.066373508733279046 -0.050045644622274003 -0.078696525899685663 -17.990535405643534 -0.05004628858801783 -0.050452543263830099 0.016980154217821005 -0.050098681499983783 -0.036872182169515301 -0.079733949533179194 -0.63639423962818775 0.42740392957782919 0.039150647497740797 -0.077540486192287456 -0.2748019321060079 0.2548098632144144 0.036233149123580444 -0.04173835046835906 -0.045806185928723452 -0.04792310695863878 0.15850451930375112 0.11454389405237105 -0.064208186098887496 0.059529936458641103 0.093948544319470834 -0.12401691955902597 0.20935851629185651 0.13685457948239954
leaf_weight=0.0076501156131599099 156.58052264568767 0.24533755031686011 1.2339390745105436 0.044616112787543141 0.48960201776134282 0.0055739824892952995 0.021834700421719203 0.29444924912650128 0.63909236860490592 0.10698422274427244 2.6148222096962859 5.5440269758567799 0.29994373470168501 0.3101828768267294 0.84399870072957128 14.103097058117923 0.1491377603124705 0.48213037636014644 1.3683448521234838 8.9099222784124965 11.073950763737891 1.4652337606346177 0.21983120532240663 0.27916806831490326 0.89885727842920449 0.78547040332341556 2.044112628296717 1.3427515767270131 0.36161425709724426 0.23186972737312317
leaf_count=25 167618 27 448 94 248 27 63 144 39 98 1671 3127 85 83 212 5699 8 87 265 7418 9904 300 8 24 421 23 215 198 17 12
internal_value=-0.0414653 -0.0184676 -0.0342668 -1.00669 -0.0454217 -0.270597 -3.69852 0.0432448 0.203032 -0.0447792 -0.0455185 -0.0471364 -0.108305 0.0260844 0.143493 -0.0450421 -0.0322206 -0.00980076 0.093182 -0.0285872 -0.0531557 0.0174945 -0.0217205 -0.0418632 0.0413212 -0.00650407 0.0757669 -0.13909 0.145731 0.077829
internal_weight=212.998 31.2642 24.8916 0.0522662 181.734 0.517011 0.0274087 6.37255 0.88443 181.217 180.516 176.528 5.84397 3.98883 1.15418 170.684 24.8393 11.9943 1.85048 10.1439 12.845 5.48812 2.83465 11.3531 4.02289 1.68433 2.33856 1.49189 0.700468 0.338854
internal_count=198608 19640 18471 119 178968 338 90 1169 66 178630 178503 176529 3212 1974 295 173317 18352 8218 352 7866 10134 1103 1679 9928 803 444 359 206 127 110
is_linear=0
shrinkage=0.05


Tree=17
num_leaves=31
num_cat=0
split_feature=7 6 8 18 18 4 24 7 10 11 20 22 26 20 14 28 11 26 3 12 15 3 0 28 23 13 3 26 26 1
split_gain=7.48814 11.6413 26.3246 77.6808 19.348 54.064 10.862 138.294 649.054 913.383 9.10051 7.89975 8.44041 26.6451 7.11012 8.15026 7.10336 6.2709 5.83755 8.00987 14.7914 6.06419 5.4883 4.19888 8.71819 2.77391 2.73766 0.840162 0.883383 0.318373
threshold=-0.37695591511472193 -2.2225653003597254 -2.4340309445854755 0.36469098822743379 1.862469253377194 1.7740313321589101 2.7660138904421969 0.79869167709770983 -0.16672573984329905 0.25704944849129724 2.3580492622531444 1.9206110231158304 1.333846404340761 0.70391508744515463 1.1177421913278962 -1.2588145331601657 -1.2740224659097203 -2.3805485318847128 0.49688604112214424 -1.5190162595383889 -1.402499629145477 0.50648008041980241 -1.3493421034885635 1.767324539810289 -0.39367087394112005 -3.3356271479323412 1.9170863709417352 4.1516572850080715 2.7529616263015506 3.2982404163652039
decision_type=2 2 2 2 2 2 2 2 2 2 2 2 2 2 2 2 2 2 2 2 2 2 2 2 2 2 2 2 2 2
left_child=1 4 3 -3 16 -6 10 -8 -9 -10 11 12 17 -14 26 -16 22 -2 23 20 -20 -21 29 25 -25 -4 -13 28 -12 -1
right_child=6 2 18 -5 5 -7 7 8 9 -11 27 14 13 -15 15 -17 -18 -19 19 21 -22 -23 -24 24 -26 -27 -28 -29 -30 -31
leaf_value=0.014215184062908247 0.039443386208887619 -0.049194232054544457 -0.12151838088327752 -5.2057311324658446 1.9805606681234869 -0.052600994575587492 -0.077922018816647468 -0.050043925986159768 -42.823624946324692 -0.050035405225763822 -0.050093864628273636 -0.050406122286759905 -0.063613357237779306 -0.38089879510543678 0.63434518332622103 0.090174093294237367 -0.046300346310758245 -0.045651379721276399 0.98994936777182085 0.32129142116514703 0.091892019346392725 -0.0171825069442131 0.22078216587699218 0.16946822829681193 -0.050545767335104214 -0.04809791794334186 0.063493540463786483 0.18022886412499703 0.12574561171030083 0.065224584126470905
leaf_weight=0.53589151562692294 2.1943493541491526 0.029581373287622854 1.4291366820789857 0.009698040589515438 0.049291437477557376 0.097119671350810677 0.46622378902356393 0.021919645008839653 0.0023378914338536422 0.0026774038035358707 0.10177608039299357 2.0569523011799897 4.8641109718434405 0.76588088594457193 0.072928662761114649 1.2178689406719054 1.2952306472069426 162.03564546422064 0.048071181168779731 0.13417175959329952 0.99231167251127661 9.6473221711517763 0.66930795274274735 0.66755245230160687 1.383284825681584 12.886598838279019 0.70954517839709286 0.39798782765865326 0.23952001333236694 0.71274860754600622
leaf_count=39 1456 50 240 29 33 20 237 56 23 22 98 1504 3047 165 20 275 961 171861 20 56 180 4391 15 276 1046 12271 175 17 12 13
internal_value=-0.0408623 -0.0180361 -0.0288713 -1.32234 0.0697776 0.631893 -0.0448486 -0.279174 -3.76269 -19.989 -0.044187 -0.0449311 -0.046578 -0.106776 0.0240186 0.120919 0.0441644 -0.0445144 -0.0270026 0.00148926 0.133387 -0.0125397 0.105257 -0.0458419 0.0210693 -0.0554275 -0.0211934 0.130869 0.0733095 0.0433324
internal_weight=205.737 30.5873 27.2277 0.0392794 3.35959 0.146411 175.15 0.493159 0.0269349 0.0050153 174.657 173.917 169.86 5.62999 4.0573 1.2908 3.21318 164.23 27.1884 10.8219 1.04038 9.78149 1.91795 16.3666 2.05084 14.3157 2.7665 0.739284 0.341296 1.24864
internal_count=198608 19640 18559 79 1081 53 178968 338 101 45 178630 178503 176529 3212 1974 295 1028 173317 18480 4647 200 4447 67 13833 1322 12511 1679 127 110 52
is_linear=0
shrinkage=0.05


Tree=18
num_leaves=29
num_cat=0
split_feature=24 8 25 8 29 5 8 11 22 21 24 21 3 7 15 19 1 16 13 13 18 13 16 16 16 13 16 9
split_gain=7.52992 552.698 1040.52 9.66446 13.8053 372.021 9.56595 58.8134 8.15746 10.7353 12.305 9.03581 7.97537 13.715 18.2905 7.1036 4.53897 3.12462 6.18779 0.983048 0.837584 0.309176 0.173881 0.000202883 7.90999e-05 3.44807e-07 1.58095e-07 4.24551e-08
threshold=2.7660138904421969 -2.1310549807509429 -0.028007624509480245 -2.4340309445854755 1.1529124604541126 -1.1002804587977522 -2.2468307519382757 -2.830976474373657 -0.93452706799294505 -0.70381625678599447 1.3255350006228412 0.40496582587797048 0.48615219757438455 -0.18106847102876764 -3.2656479115144936 1.0978370917149454 1.1640982045013695 2.0592047045816702 -3.9074159136352793 -3.9074159136352793 -3.0073998271388769 -3.3356271479323412 3.5580040536293769 -1.8632890144386625 2.5229466155712399 2.6788316329037967 -0.12342134194100877 -0.47926621933502667
decision_type=2 2 2 2 2 2 2 2 2 2 2 2 2 2 2 2 2 2 2 2 2 2 2 2 2 2 2 2
left_child=3 2 -2 4 8 -6 7 -5 11 10 -10 -1 17 14 -14 -15 -11 18 -8 -19 -3 -9 23 -22 -25 -23 -7 -28
right_child=1 20 -4 6 5 26 12 21 9 16 -12 -13 13 15 -16 -17 -18 19 -20 -21 22 25 -24 24 -26 -27 27 -29
leaf_value=0.57600292766125094 -26.708729427744 0.055622901494646972 -0.048762667297173795 -1.2410944781326816 -19.110856179845719 -0.049835226432106063 0.16934140152191512 -0.097488761476368535 -0.077238075689000069 -0.066515764704087835 -0.8181630216606568 0.058591217832275368 0.3378491667821158 -0.045186961079937901 0.0028657870862386138 0.033911321855563975 0.11605273123273499 -0.1013527930610944 -0.046401455747439049 -0.050455049807689306 -0.053175378006219604 -0.050042662417038919 -0.097976220475802386 -0.05021820594879485 -0.051857502420361135 -0.050247445213767152 -0.050133441347493528 -0.050040552763079442
leaf_weight=0.15684896715678831 0.005626687867788859 0.17778986719912326 0.010470601771412791 0.11741818246082392 0.0026221354783046982 0.0090033105034308392 0.33326904833093252 0.7396700233221053 0.40120330790630587 0.41678542311455458 0.065134012547787279 0.18262444900821795 0.41677771192775637 44.768030554916145 18.288062069452362 3.0306257215957606 1.8586531744807444 3.4181109871497029 121.21418498243237 1.313125584842054 0.071141218269809903 0.61991424385632754 0.24989333748817444 0.7104903987611747 0.082089152885601036 0.021260509442072362 0.014397853670978122 0.084470183972186308
leaf_count=18 28 12 24 14 14 16 121 3 142 252 17 23 29 42068 11171 2050 139 88 139504 1274 14 749 1 690 8 11 18 110
internal_value=-0.0403336 -0.159928 -9.36756 -0.0395418 0.0467574 -0.502371 -0.0409595 -0.166811 0.0664491 0.0378224 -0.180724 0.297654 -0.0399814 -0.0259677 0.0103298 -0.0401718 0.0826122 -0.0473617 -0.0458099 -0.0872264 -0.0451554 -0.075461 -0.0612448 -0.0506176 -0.050388 -0.0500495 -0.0500358 -0.0500541
internal_weight=198.78 1.3075 0.0160973 197.472 3.19174 0.110493 194.28 1.49826 3.08125 2.74178 0.466337 0.339473 192.782 66.5035 18.7048 47.7987 2.27544 126.279 121.547 4.73124 1.2914 1.38084 1.11361 0.863721 0.79258 0.641175 0.107871 0.098868
internal_count=198608 777 52 197831 749 158 197082 777 591 550 159 41 196305 55318 11200 44118 391 140987 139625 1362 725 763 713 712 698 760 144 128
is_linear=0
shrinkage=0.05


Tree=19
num_leaves=31
num_cat=0
split_feature=24 15 23 8 6 7 8 28 15 24 18 1 22 26 25 7 11 27 0 3 15 22 11 18 27 16 0 13 16 16
split_gain=7.85388 524.534 733.336 59.5977 12.4816 7.93437 27.8717 74.2355 16.0292 55.5372 9.55186 248.505 6.96647 7.02085 6.90243 16.7606 101.334 322.141 6.87071 6.6496 4.59985 4.04307 1.88564 0.786924 0.419535 0.140039 0.00253028 0.000605999 0.000260706 0.000174801
threshold=2.7660138904421969 -2.8416237019844579 -0.076842045909967502 -2.0441030720438564 -4.1861157910569906 -0.52195279045543719 -2.4340309445854755 -0.2726661024926596 -3.2656479115144936 -1.0642086345399784 3.283747335452579 0.89280537050159714 1.9206110231158304 1.333846404340761 -0.51714731311189921 1.09301562807533 0.70597266311278939 1.2875412531874346 -0.53574968923526545 0.74101211735543548 -1.8318520125024258 -0.93452706799294505 -2.3154392134860551 -3.0073998271388769 2.9996133201763011 3.5580040536293769 0.45866819892383853 -1.2451971040772516 -1.2794176363150676 -1.8632890144386625
decision_type=2 2 2 2 2 2 2 2 2 2 2 2 2 2 2 2 2 2 2 2 2 2 2 2 2 2 2 2 2 2
left_child=4 2 -2 -3 14 6 7 -6 9 -8 12 26 13 -7 20 22 17 -17 -14 -10 21 -1 -16 -5 -23 29 -12 -24 -22 -25
right_child=1 3 -4 23 5 10 8 -9 19 -11 11 -13 18 -15 15 16 -18 -19 -20 -21 28 24 27 25 -26 -27 -28 -29 -30 -31
leaf_value=0.29637875029026378 -0.050026229814172221 -3.0599390724970927 -31.645312842340672 0.054303185958760727 5.1272368519195366 -0.043196807885192492 1.720763690874944 -0.050430371011780696 -0.040401256943807654 -0.011208982556678806 -0.050051447745705163 -6.488604201636905 -0.0060312917074074011 -0.10450572167231427 0.068942106618834487 -0.050094750457162031 -0.050048464824988828 -21.966115564168859 0.17607858721909758 0.018291732402325088 -0.053702859269052154 0.083333983891710262 -0.054274110337333807 -0.053035585314581093 0.14763860944168325 -0.093498624259310048 -0.029811749922704269 -0.050565107510147103 -0.050113480000308457 -0.050375433326800681
leaf_weight=0.40976624677393592 0.0043753697159184769 0.016607191634266827 0.0031650296441511939 0.17312478185415647 0.0096615717099474072 157.12831959923506 0.059300668658764266 0.024421901796845231 13.048883722889316 0.21088328497696096 0.40818964622277931 0.015531427052337676 3.5859134947531857 4.8126550011453721 0.74229030616843905 0.0063259596354326986 0.058748274110257626 0.0022814321564510465 0.6053713087639484 7.6577029370174392 0.064196646213531383 0.59282321676604344 0.14808226990908258 0.067373226336244318 0.44332246587146074 0.24879123270511627 0.016049040597863495 0.42967493903183751 0.23865215284846197 0.74053606945364714
leaf_count=8 20 39 26 12 18 178609 13 45 10100 45 496 26 1959 3259 26 47 69 32 87 2421 1 53 4 11 3 1 17 274 219 668
internal_value=-0.0395016 -0.164224 -13.3119 -0.084686 -0.0386816 -0.0403355 -0.0113815 1.41727 -0.0137028 0.368929 -0.0439877 -0.276704 -0.0433716 -0.0450188 0.0602433 -0.0230358 -0.792381 -5.85905 0.0202719 -0.0186954 0.126314 0.163426 0.0162202 -0.0445091 0.110847 -0.060698 -0.0492858 -0.0515157 -0.0508743 -0.0505973
internal_weight=191.973 1.25397 0.0075404 1.24643 190.719 187.583 21.0109 0.0340835 20.9768 0.270184 166.572 0.43977 166.132 161.941 3.13616 1.3874 0.0673557 0.00860739 4.19128 20.7066 1.74876 1.44591 1.32005 1.22983 1.03615 1.0567 0.424239 0.577757 0.302849 0.807909
internal_count=198608 777 46 731 197831 197095 12642 63 12579 58 184453 539 183914 181868 736 452 148 79 2046 12521 284 64 304 692 56 680 513 278 220 679
is_linear=0
shrinkage=0.05


Tree=20
num_leaves=31
num_cat=0
split_feature=24 8 0 6 7 15 24 18 16 3 12 22 26 29 10 14 25 27 17 23 15 11 18 12 6 16 5 16 16 16
split_gain=8.17065 538.957 1541.67 11.4082 7.05112 14.265 43.2269 10.3893 295.753 7.17879 10.1265 6.64801 6.9559 6.60515 47.7903 6.20559 3.9763 17.1949 78.0291 3.68574 2.24012 1.67946 0.755603 0.354353 0.227816 0.113699 0.00533844 0.000212624 0.000148107 5.81681e-05
threshold=2.7660138904421969 -1.9613041373335882 -2.0842511019751941 -4.1861157910569906 -0.52195279045543719 -3.2656479115144936 -1.0642086345399784 3.283747335452579 -0.30747807664239352 0.74101211735543548 -1.825336033404567 1.9206110231158304 1.333846404340761 1.3178171901862206 0.16810317191160115 1.1177421913278962 -0.51714731311189921 1.0592408468929679 -0.37039427638860728 -0.14994924246570449 -1.8318520125024258 -2.3930275807818688 -3.0073998271388769 -0.72211012853675938 -0.52800800349201049 3.5580040536293769 -1.1602409891594807 -1.2794176363150676 -1.8632890144386625 2.5229466155712399
decision_type=2 2 2 2 2 2 2 2 2 2 2 2 2 2 2 2 2 2 2 2 2 2 2 2 2 2 2 2 2 2
left_child=3 2 -2 13 5 6 -5 11 -9 19 -11 12 -6 16 -15 -13 20 21 -19 -7 23 -18 -3 -1 -8 28 -4 -22 -24 -30
right_child=1 22 26 4 7 9 24 8 -10 10 -12 15 -14 14 -16 -17 17 18 -20 -21 27 -23 25 -25 -26 -27 -28 -29 29 -31
leaf_value=0.15181914761072957 -34.840205255636519 0.055333357251165241 0.019271655028757894 1.4426043423981174 -0.042690840394362391 -0.0055594650976357237 0.054898026629572931 -7.7153302738532092 -0.050048914917530322 0.23804364993603208 0.0052063043573906294 -0.023218472224390874 -0.10554286029022758 -0.050130935014573864 2.8497254806552479 0.10597963053426281 0.067762954115878918 -4.713750929566535 -0.050060098152638857 -0.060483803044169275 -0.053509247586415835 -0.051579901312127856 -0.052859666740623618 0.098784851440547508 -0.051980518034639878 -0.089615908792399612 -0.050042816352107049 -0.050088775876275263 -0.050202441864181525 -0.051679391221845505
leaf_weight=0.44502819712319808 0.0043115718581250651 0.16489564946419122 0.0043145112213096564 0.067621161438410127 151.19225825771284 4.8212524385851507 0.081260171889000865 0.013002188759855926 0.39109320965104544 0.49789742770383316 7.5187900564433132 2.8393254270702348 4.5340577556519852 0.080708101435510993 0.017243290432816138 1.3817001704592256 0.71806124737442545 0.010720976001493909 0.054879114148866814 8.3350958593625979 0.061281107366084941 0.50010737133984273 0.064745966038919911 1.0776991199733201 0.12902505619195387 0.24664333462715149 0.0077993075052900859 0.17569445942505824 0.62478471825618387 0.074627040885388962
leaf_count=15 29 10 8 13 178609 3501 7 23 516 78 2357 1755 3259 75 25 291 58 49 52 6648 1 239 14 47 38 1 38 175 669 8
internal_value=-0.0390894 -0.169569 -9.16406 -0.0382484 -0.0398808 -0.0129584 0.342939 -0.0434823 -0.296687 -0.0176298 0.0196673 -0.0428426 -0.0445208 0.0562218 0.460358 0.0190729 0.0432151 -0.0236965 -0.812244 -0.0403563 0.0920296 0.0187679 -0.0439091 0.114285 -0.0106796 -0.0600989 -0.0253555 -0.0509733 -0.0505718 -0.05036
internal_weight=186.136 1.19212 0.0164254 184.944 181.802 21.4509 0.277906 160.351 0.404095 21.173 8.01669 159.947 155.726 3.14142 0.0979514 4.22103 3.04347 1.28377 0.0656001 13.1563 1.7597 1.21817 1.1757 1.52273 0.210285 1.0108 0.0121138 0.236976 0.764158 0.699412
internal_count=198608 777 75 197831 197095 12642 58 184453 539 12584 2435 183914 181868 736 100 2046 636 398 101 10149 238 297 702 62 45 692 46 176 691 677
is_linear=0
shrinkage=0.05


Tree=21
num_leaves=31
num_cat=0
split_feature=24 8 11 6 24 24 10 14 12 20 24 28 1 12 4 13 1 15 19 9 17 26 24 0 13 11 25 10 4 18
split_gain=8.53158 758.992 2293.41 9.78443 18.4655 71.438 425.28 16.8821 72.0976 10.4682 31.4082 6.84414 10.8249 7.16841 6.17471 5.79903 4.31538 12.1039 60.5033 10.9053 422.446 3.8757 3.57413 3.3027 2.3038 2.13752 2.07362 3.69502 2.17748 0.71039
threshold=2.7660138904421969 -1.9613041373335882 -1.3863697350582649 -2.2225653003597254 -1.8470163421329315 -2.4437036499176403 0.76316686368373998 -0.79874833317796712 -2.577544455676207 2.3580492622531444 1.916966964752461 1.767324539810289 -1.0614569906907059 -2.094363937118469 -0.11733144715060116 -2.8694824988781913 0.9585388568297416 -2.6130763050215537 -0.12145501113983583 -2.5366060588563664 -2.4908959895935157 2.7529616263015506 2.3595699347662005 0.28115279641175878 -3.3356271479323412 -1.2740224659097203 -1.7974949068075048 -1.4106229426090391 1.0772269707490645 -3.0073998271388769
decision_type=2 2 2 2 2 2 2 2 2 2 2 2 2 2 2 2 2 2 2 2 2 2 2 2 2 2 2 2 2 2
left_child=3 2 -2 4 5 23 -7 8 -6 10 -9 16 26 -14 -15 -10 19 18 -18 20 -5 -21 -19 25 -11 -1 27 -13 -28 -3
right_child=1 29 -4 11 7 6 -8 9 15 24 -12 12 13 14 -16 -17 17 22 -20 21 -22 -23 -24 -25 -26 -27 28 -29 -30 -31
leaf_value=0.093649379597808113 -51.140906919001253 0.054157819736481642 -0.050039730887882175 21.384578749534985 3.8241059806561126 -0.050244530912839258 8.5583771645710538 -0.094009710352601195 0.13305887871749403 0.10001465973755495 -0.94871700836348427 0.25587255353279853 0.49282970876040966 0.0076232939420555496 0.13211458122814351 -0.051925322842698123 0.098688644753230206 -0.06308066855991705 -1.0310225509456552 -0.041221067387279091 0.095874910556300583 0.074480781616090827 0.091366837900909534 0.30127474321555131 -0.050538351693116726 -0.050853888295517104 -0.056249116269713434 -0.051023096532117979 0.065554139435487546 -0.059495809602174404
leaf_weight=1.0446720890078194 0.0029302039183676252 0.16017204411626762 0.0087724789738409248 0.0023436261158262797 0.012905960442550657 0.081185297302031389 0.017425989832645428 3.0758935458740959 1.3436949099069624 0.78710533591567089 0.11137722547573492 0.15854597958968952 0.091926288092508801 3.1555388624112815 1.4554609883926013 0.61876635255552348 0.33129723572012626 15.259924900500014 0.18453267278137264 142.21340814560736 0.40998201040445192 0.72748761958791774 0.38400917992939199 0.15551357323420223 0.37523842132974405 0.33894721263322969 6.2453897381311734 0.25716374206240367 0.38982625741755317 0.97089265143845604
leaf_count=35 33 10 42 4 15 65 25 1131 35 53 86 11 23 1827 200 390 12 11525 48 176050 130 179 97 7 223 196 5161 146 157 692
internal_value=-0.0382888 -0.174473 -12.8425 -0.0374205 0.0167595 0.166392 1.47102 -0.0219853 0.0992295 -0.0770347 -0.123877 -0.0399395 -0.00311808 0.055635 0.0469189 0.0747331 -0.0426527 -0.0671472 -0.305454 -0.0398915 0.216878 -0.0406322 -0.0592895 0.0828053 0.0514118 0.0582502 -0.042306 0.0660227 -0.049093 -0.0434011
internal_weight=180.372 1.14277 0.0117027 179.23 7.96273 1.63774 0.0986113 6.32498 1.97537 4.34961 3.18727 171.267 11.7539 4.70293 4.611 1.96246 159.513 16.1598 0.51583 143.353 0.412326 142.941 15.6439 1.53913 1.16234 1.38362 7.05093 0.41571 6.63522 1.13106
internal_count=198608 777 75 197831 2261 328 90 1933 440 1493 1217 195570 7525 2050 2027 425 188045 11682 60 176363 134 176229 11622 238 276 231 5475 157 5318 702
is_linear=0
shrinkage=0.05


Tree=22
num_leaves=31
num_cat=0
split_feature=3 7 21 10 11 26 14 4 9 13 8 26 20 25 24 6 24 23 6 14 28 18 1 6 0 21 16 13 25 13
split_gain=8.99603 15.7329 106.977 215.843 32.1545 66.0098 101.359 14.2552 108.98 355.921 11.443 51.795 11.2719 23.6357 23.4213 11.0519 15.0158 10.1122 6.50805 7.92749 6.87272 4.29783 3.13365 2.2625 13.5287 5.58216 2.08078 9.82301 3.67625 1.95236
threshold=0.48615219757438455 0.12209895023067853 -2.5379325835587596 0.1091563288484842 -3.2946583790412771 0.7501300221292132 -0.46491305650483228 -1.6516605694776931 -2.5366060588563664 -3.9074159136352793 0.74839595497732958 -1.5010748656684729 0.43580351741097184 2.4414422552179755 2.7660138904421969 -2.2225653003597254 -1.8470163421329315 -0.029473541420462077 -2.2225653003597254 0.65699202646997468 -0.80206437086197335 1.862469253377194 -2.8436431899765719 2.4516057181716353 -0.3537929400373907 2.5338510928012665 2.0592047045816702 -3.9074159136352793 1.5924060286737844 -2.4692804104799468
decision_type=2 2 2 2 2 2 2 2 2 2 2 2 2 2 2 2 2 2 2 2 2 2 2 2 2 2 2 2 2 2
left_child=15 4 3 -3 5 21 -7 10 9 -9 17 -12 18 14 -14 16 -1 -4 19 -6 -20 -2 -10 26 25 -25 27 28 -17 -18
right_child=1 2 7 -5 12 6 -8 8 22 -11 11 -13 13 -15 -16 23 29 -19 20 -21 -22 -23 -24 24 -26 -27 -28 -29 -30 -31
leaf_value=-0.23102634476025696 0.029680419278416588 -0.050133570253276333 -0.37389135132520201 -8.1318606653367063 -0.028421273022484456 1.8479328868581968 0.054044956166435704 -3.9339448256434242 -0.14111636958060134 0.4836974189519328 3.1988599404198741 0.19034446139427011 0.042083486208564516 1.3008814760322687 -1.0372647173128033 0.040570020682308472 0.091452991845506537 0.050538269422201409 0.012150522439336148 -0.2459145471372004 -0.040420914423752063 0.18849035273844036 -0.052194610491482808 -0.071107549795626834 0.36372788929583044 0.22719054596501392 -0.081375295782563195 -0.046755736972351039 0.31221563937556174 -0.057039760472355143
leaf_weight=1.9347586418750529 1.7340173578362026 0.024861840647649004 0.14948865127320354 0.012373466960641632 0.93190010220235453 0.13942639484299946 0.1809188256458939 0.075218804191941047 1.0411161609420592 0.11576866963900556 0.015389818989220982 0.20317230239743378 6.5280721681026543 0.037009886116720625 0.05065056100466403 0.25017236343262439 0.24952110388408999 2.2924441342076469 8.6811424554061016 0.76119504117741599 21.900335949421166 0.56478341120288278 20.489188130690554 1.5613687754122829 0.23416412566438483 0.17434689667675218 4.2495805023681887 100.94726420830057 0.24803268609684892 1.9609982429896724
leaf_count=143 108 23 213 29 177 14 32 83 468 7 24 85 3562 26 55 68 9 398 6912 125 21111 14 22430 868 52 22 1235 139308 2 1005
internal_value=-0.0405558 -0.0259068 -0.0577522 -2.73573 -0.00717291 0.162401 0.834813 -0.0536625 -0.0670427 -1.25615 0.0555785 0.402186 -0.0185932 0.0408619 0.0337734 -0.0491936 -0.129308 0.0245558 -0.0307805 -0.126204 -0.0254975 0.0686978 -0.0564945 -0.0461091 0.00698361 -0.0411445 -0.0470986 -0.0456627 0.17581 -0.0402781
internal_weight=177.739 65.9285 24.419 0.0372353 41.5095 2.61915 0.320345 24.3818 21.7213 0.190987 2.66049 0.218562 38.8903 6.61573 6.57872 111.81 4.14528 2.44193 32.2746 1.6931 30.5815 2.2988 21.5303 107.665 1.96988 1.73572 105.695 101.445 0.498205 2.21052
internal_count=198608 55896 23760 52 32136 168 46 23708 22988 90 720 109 31968 3643 3617 142712 1157 611 28325 302 28023 122 22898 141555 942 890 140613 139378 70 1014
is_linear=0
shrinkage=0.05


Tree=23
num_leaves=31
num_cat=0
split_feature=3 7 21 10 6 1 0 4 9 7 20 14 22 24 6 24 0 0 20 28 11 14 6 10 25 4 16 13 3 13
split_gain=9.19013 14.5051 168.802 314.588 552.014 31.5384 97.9186 13.8391 231.983 796.233 12.5632 27.3047 111.549 16.0616 8.84687 10.6232 6.47767 8.48854 6.43871 6.83897 5.9818 2.96162 2.18822 10.652 40.7726 2.94716 1.85027 9.03452 3.26035 1.82608
threshold=0.48615219757438455 0.12209895023067853 -2.5379325835587596 -1.0074942366886164 -1.0000000180025095e-35 2.1379613037422156 -1.3493421034885635 -1.5496762086774483 -2.5366060588563664 0.77777357311119999 0.43580351741097184 2.0868813101831925 0.13643486214378817 2.3595699347662005 -2.2225653003597254 -1.8470163421329315 -0.54539308854507551 -0.86206119836778206 -3.6085449097720472 -0.80206437086197335 0.94575774939164114 -2.7344467471434837 2.4516057181716353 -0.58522229678518223 -1.1142377416386635 0.13042267238560837 2.0592047045816702 -3.9074159136352793 0.095986923215560085 -2.4692804104799468
decision_type=2 2 2 2 2 2 2 2 2 2 2 2 2 2 2 2 2 2 2 2 2 2 2 2 2 2 2 2 2 2
left_child=14 5 3 -3 -5 10 -7 16 9 -9 18 13 -13 -12 15 -1 17 -4 20 -20 -2 -10 26 24 -24 -26 27 28 -16 -17
right_child=1 2 7 4 -6 6 -8 8 21 -11 11 12 -14 -15 22 29 -18 -19 19 -21 -22 -23 23 -25 25 -27 -28 -29 -30 -31
leaf_value=-0.19796842084402347 -0.06126830969199392 -0.050173259330750675 0.035531167256366458 -25.94254274823917 -0.050037084777430907 0.04020483054245131 1.1222101737027643 -10.418513681104125 0.084129982560337144 0.054431561785031571 0.040025495288261069 -0.050607729950301286 3.5886009219994111 -0.66916534214368428 0.066542150877418105 0.087754793979495871 0.25688981680589379 -0.39380464888098482 0.011346055970065013 -0.03953165391858772 -0.26794665524487271 -0.058160764642736722 2.3521962642229588 -0.072887485445661079 -0.050060994114211887 0.18145314558890152 -0.079617596811448324 -0.046540001717658534 0.32985083546758526 -0.0568677949663896
leaf_weight=2.1390015613214324 1.1271534589278278 0.015386118728201836 3.0232931374183547 0.0038621226715532184 0.0044077053060241414 1.2969612935690102 0.24928617699237854 0.023954057731297662 0.3724995518862525 0.074882889690513821 6.935279812730319 0.090058653124896249 0.027482647128636017 0.080766425022386623 0.30853475050218904 0.24709368078213256 0.31535306631122662 0.11968500943503801 9.606644460140922 21.139434851665335 0.50782009561953589 20.009974119007666 0.020813823252865404 1.3520633320836253 0.20970698265414456 0.39903012203285471 4.1292905713999053 96.458050498205182 0.1899378375383094 1.8708589717850108
leaf_count=143 176 12 717 32 8 136 18 51 486 35 3435 53 28 104 68 9 33 44 6967 21119 100 22342 23 675 231 13 1235 139308 2 1005
internal_value=-0.0397492 -0.0249159 -0.0558284 -4.27739 -12.1422 -0.00687522 0.214646 -0.0516569 -0.0672782 -2.48378 -0.0155436 0.044523 0.800285 0.0318615 -0.0487362 -0.119372 0.0408577 0.019182 -0.0287763 -0.0236349 -0.125462 -0.0555603 -0.0458188 0.00621555 0.176102 0.101698 -0.0468388 -0.0454428 0.166873 -0.0399952
internal_weight=172.349 65.0242 23.9633 0.0236559 0.00826983 41.0609 1.54625 23.9396 20.4813 0.0988369 39.5146 7.13359 0.117541 7.01605 107.324 4.25695 3.45833 3.14298 32.3811 30.7461 1.63497 20.3825 103.067 1.98161 0.629551 0.608737 101.086 96.9565 0.498473 2.11795
internal_count=198608 55896 23760 52 40 32136 154 23708 22914 86 31982 3620 81 3539 142712 1157 794 761 28362 28086 276 22828 141555 942 267 244 140613 139378 70 1014
is_linear=0
shrinkage=0.05


Tree=24
num_leaves=31
num_cat=0
split_feature=9 21 18 24 23 10 21 20 21 6 13 24 24 28 1 6 6 25 11 0 3 28 12 16 20 8 16 29 18 3
split_gain=11.4273 47.4463 58.0581 37.0083 206.458 441.265 22.3787 38.1369 15.0791 9.46488 12.0208 7.3286 9.12611 6.60744 6.8584 8.17637 9.83213 3.75345 21.3697 52.1408 22.0907 3.49536 5.83241 4.4614 2.58357 3.43363 1.9853 1.88785 1.42352 1.16242
threshold=-2.5366060588563664 -2.5379325835587596 -2.191397610082054 1.916966964752461 0.05837556344423226 0.76316686368373998 1.2067997121747993 1.0355901608215732 0.72835955290027199 -2.2225653003597254 -1.9852138913204886 -1.8470163421329315 -2.4437036499176403 1.4598908066522018 -1.0614569906907059 0.61547367505911033 0.67360921616404934 2.3290582108597087 1.3096244779837589 0.65620890663366127 1.9758806009868362 -1.5736545141145453 -0.16283112278260828 1.6278697081242146 1.5392865517989789 0.76392378348027723 2.5229466155712399 -1.980277404455945 -1.9266383256698467 0.45522905537239439
decision_type=2 2 2 2 2 2 2 2 2 2 2 2 2 2 2 2 2 2 2 2 2 2 2 2 2 2 2 2 2 2
left_child=1 -1 -3 6 5 -5 8 -8 -4 10 -2 12 28 17 24 26 -17 21 20 -20 -19 22 -11 -23 27 -26 -16 -15 -12 -14
right_child=9 2 3 4 -6 -7 7 -9 -10 13 11 -13 29 14 15 16 -18 18 19 -21 -22 23 -24 -25 25 -27 -28 -29 -30 -31
leaf_value=-1.0560271086374799 0.032989039020679727 0.75519846529884427 0.022888989749872773 -0.050703228041346984 0.054598013010273463 -8.4486388943321007 0.098582964784453095 0.77431573911796869 -0.25422540735798344 0.045044115653162263 0.1157472032857122 -0.058334086146287115 -0.17143080198023386 0.046894564576242463 -0.05623327764739551 0.37006924731110924 0.041810929272368125 -0.025957857950031929 -0.050032573552651505 3.756629232849475 1.1311560681270558 -0.041561681772709254 -0.059916269274427829 -0.070976397368992569 -0.050318408747565768 0.12881752203649224 0.084597793076260974 -0.058581342019675769 -0.050837981295442869 -0.23056271890250396
leaf_weight=0.099538515206517242 1.5164752930708223 0.27456108249798106 3.4428724504957504 0.045580175793517697 0.34732597546826582 0.023814722914442643 1.3002198915692746 0.24874914598597331 0.57254012482834138 2.8597065069573659 0.25146491097984852 2.6272817177514427 2.0710376265342347 0.45125702272343815 2.9264452719640057 0.23760053317528207 5.714718939726569 1.6277347327723024 0.028545804920973583 0.013134666311088949 0.042319941203459055 114.37156217063529 2.4638841914678826 14.528345980728657 0.59360093313541973 0.486939764872659 0.27364796336041752 7.0833383026894614 0.2617100499676363 1.3882069201554257
leaf_count=28 21 46 302 31 47 23 205 29 75 2279 12 1658 32 149 3131 197 3574 1926 45 15 14 169086 2553 5563 457 55 9 6815 186 45
internal_value=-0.0387469 0.0270208 0.044254 0.0116182 -0.442862 -2.93268 0.0456546 0.207099 -0.0166235 -0.0413298 -0.0939531 -0.123122 -0.165971 -0.0385511 -0.00987643 0.0202627 0.0549141 -0.042299 0.0312734 1.14955 0.00336393 -0.0432373 -0.00353404 -0.044877 -0.0418952 0.0304082 -0.0441905 -0.0522642 0.0307917 -0.195161
internal_weight=168.174 6.3552 6.25566 5.9811 0.416721 0.0693949 5.56438 1.54897 4.01541 161.819 8.11618 6.5997 3.97242 153.703 17.7675 9.15241 5.95232 135.935 1.71174 0.0416805 1.67005 134.223 5.32359 128.9 8.61514 1.08054 3.20009 7.5346 0.513175 3.45924
internal_count=198608 786 758 712 101 54 611 234 377 197822 1954 1933 275 195868 14387 6911 3771 181481 2000 60 1940 179481 4832 174649 7476 512 3140 6964 198 77
is_linear=0
shrinkage=0.05


Tree=25
num_leaves=31
num_cat=0
split_feature=9 21 18 2 24 14 17 21 12 21 6 13 28 1 6 5 21 24 28 7 10 16 3 20 8 26 12 16 29 15
split_gain=10.0892 118.199 47.7584 91.5919 38.273 91.25 395.773 19.3372 38.4187 14.8669 7.70226 10.4366 6.40626 6.37025 7.19984 8.25627 5.106 5.53299 3.16336 5.54793 4.20542 4.18742 5.70172 2.44972 2.99144 2.02767 2.00366 1.85469 1.80108 1.78336
threshold=-2.5366060588563664 -2.5379325835587596 -2.191397610082054 -4.0088752521451889 1.916966964752461 1.1039789662750523 0.89480682011582235 1.2067997121747993 0.67671125984348379 0.72835955290027199 -2.2225653003597254 -1.9852138913204886 1.4598908066522018 -1.0614569906907059 0.61547367505911033 0.73866272153231216 -1.3666122778523591 -1.8470163421329315 -1.5736545141145453 -1.8520374819606578 2.0212287399551299 1.6278697081242146 1.0096831391600343 1.5392865517989789 0.76392378348027723 0.327981362669238 -1.7312243255386564 2.5229466155712399 -1.980277404455945 -1.8318520125024258
decision_type=2 2 2 2 2 2 2 2 2 2 2 2 2 2 2 2 2 2 2 2 2 2 2 2 2 2 2 2 2 2
left_child=1 -1 3 -3 7 6 -6 9 -9 -4 11 -2 18 23 27 -16 29 -18 19 25 -21 22 -20 28 -25 -12 -23 -15 -14 -13
right_child=10 2 4 -5 5 -7 -8 8 -10 -11 12 16 13 14 15 -17 17 -19 21 20 -22 26 -24 24 -26 -27 -28 -29 -30 -31
leaf_value=-2.8376894788643576 0.031643818590590622 1.8412482736319593 0.021764351969601612 0.01174229240829391 -6.4549349463401304 0.088450025719372466 -0.051178474658128609 0.085272534664670496 0.76351260521588726 -0.26385075839223487 -0.050608288281322689 0.098280759961734868 0.043227141814169673 -0.056117798344445427 0.090696645136532861 -0.031210519415697115 -0.16607609788972078 -0.060756940569731049 -0.044123575384546372 -0.043445331844794211 0.10463116074474701 0.030463176006105593 -0.008548166053513306 -0.050303394314327711 0.11677101323316166 0.15282441364701785 -0.072362268831814389 0.080044523760049086 -0.058543511795920322 -0.050981168899104229
leaf_weight=0.035878300225619664 1.5022654088744625 0.10560756686341977 3.4398185182106698 0.19423542642752112 0.031226784700144949 0.25787353513982225 0.10613190449480214 1.3551144403752959 0.24682296147769678 0.52517837050921334 0.14991497121809505 0.27301040035672486 0.46470145502735327 2.7893072135139216 4.1319524318651526 2.0921055068504959 3.901581340446227 1.832899809704007 99.240574094732054 4.0060460908400577 0.54468025240458917 0.49061369310396763 12.704634706459272 0.5648149612654263 0.50968263106187806 0.66952531623064715 13.795850806579065 0.27472195163136337 6.7421306369201632 0.74947875702913413
leaf_count=28 21 21 302 25 64 13 24 188 46 75 97 20 149 3131 2333 1438 191 1197 155794 4609 113 210 15192 457 55 45 5421 9 6815 525
internal_value=-0.0380743 0.0239815 0.0403775 0.656112 0.00941161 -0.466029 -1.50699 0.0431662 0.189774 -0.0160664 -0.0405568 -0.0875579 -0.0379545 -0.00959608 0.0188326 0.0497197 -0.11406 -0.132413 -0.0417405 -0.00415641 -0.0257219 -0.0433394 -0.0400861 -0.0414808 0.0289475 0.115607 -0.0688311 -0.0439094 -0.0519813 -0.0111274
internal_weight=163.728 6.29789 6.26201 0.299843 5.96217 0.395232 0.137359 5.56693 1.60194 3.965 157.43 8.25924 149.171 17.5694 9.28809 6.22406 6.75697 5.73448 131.602 5.37017 4.55073 126.232 111.945 8.28133 1.0745 0.81944 14.2865 3.06403 7.20683 1.02249
internal_count=198608 786 758 46 712 101 88 611 234 377 197822 1954 195868 14387 6911 3771 1933 1388 181481 4864 4722 176617 170986 7476 512 142 5631 3140 6964 545
is_linear=0
shrinkage=0.05


Tree=26
num_leaves=31
num_cat=0
split_feature=3 7 21 17 11 26 14 4 18 16 8 12 28 7 20 10 26 3 13 21 6 24 18 29 11 6 15 18 21 10
split_gain=9.91305 12.2661 103.441 591.483 28.6272 64.8204 100.597 11.2308 131.949 501.454 17.0197 9.50221 8.18268 13.6208 9.33435 6.08893 7.27361 7.13314 5.08194 5.97282 4.52663 4.41973 3.89599 2.21258 59.6726 5.27892 27.6425 6.35534 1.67368 2.34739
threshold=0.48615219757438455 0.12209895023067853 -2.2764961900661729 -2.1300756249806678 -3.2946583790412771 1.0103886376164357 -0.46491305650483228 -1.5496762086774483 3.283747335452579 0.18458875111274362 -2.2468307519382757 -0.7358088745306729 -0.80206437086197335 0.11841701995661595 0.63509400301590901 0.52898367753396547 -0.13852231796701994 0.49688604112214424 -2.8694824988781913 0.21238497311557811 -2.2225653003597254 -1.8470163421329315 1.862469253377194 0.82310300098989575 -1.8431998949678123 0.61547367505911033 1.5574595541698872 1.4655934130874122 2.5338510928012665 -1.5987695249880065
decision_type=2 2 2 2 2 2 2 2 2 2 2 2 2 2 2 2 2 2 2 2 2 2 2 2 2 2 2 2 2 2
left_child=20 4 3 -3 5 22 -7 18 10 -10 -9 12 13 -6 -14 16 -13 -17 19 -4 21 -1 -2 28 -25 27 -27 -26 -22 -30
right_child=1 2 7 -5 11 6 -8 8 9 -11 -12 15 14 -15 -16 17 -18 -19 -20 -21 23 -23 -24 24 25 26 -28 -29 29 -31
leaf_value=-0.13885718363792418 0.026212393329254249 -17.421288600507587 0.010034675891688456 -0.050071205026878375 0.08049896090458826 1.9211998767262111 0.051801539212699192 -0.46453576462020529 -15.904515252590492 -0.050029085346427242 -0.051544231488386355 0.037307289563117775 -0.041097222865000199 0.88676129045807661 0.091724243707935305 0.27337394406790022 -0.033295150245055707 -0.069677071806514931 -0.058532910708225819 0.1672334200792823 -0.050029717186369255 -0.04163041977618568 0.18104780602313264 2.9687537525389041 -0.050924134631822243 0.011487229329665116 1.4674373639096794 0.065097521690625645 0.16844538101327775 -0.050067424305751951
leaf_weight=2.6010338084655995 1.6044961664365067 0.0057567218318581572 1.5121207387287683 0.032938535498778232 2.9817812144828317 0.12649650868927176 0.16693699923931427 0.2528674456771246 0.0063073689748581732 0.023830068221286638 18.542259279258246 4.9840586611808542 4.7974802837856956 0.053319494883076746 1.8263472866435426 0.15409292974800237 13.608106636736458 9.1163022223438777 1.0398750624305 1.0064368251516131 69.218510135077153 2.1228325376723669 0.54402339476603057 0.016562967246314453 17.953020095566483 3.0785543696942272 0.032949369808193185 1.263383874985524 0.21124921442242339 0.29389436935889435
leaf_count=143 110 19 87 68 1567 12 31 89 16 49 22732 4031 4656 18 484 117 14245 6850 622 78 106065 1014 15 32 28887 4472 51 1607 18 423
internal_value=-0.0374118 -0.0218698 -0.0514683 -2.6344 -0.00526283 0.160619 0.857682 -0.0470031 -0.0624013 -3.36816 -0.0571006 -0.0160587 0.0266768 0.0946631 -0.00447518 -0.0308735 -0.0143685 -0.0639749 0.034458 0.0728526 -0.0474293 -0.095165 0.065418 -0.04498 -0.0312879 -0.0335134 0.0269051 -0.0432963 -0.0493679 0.0413138
internal_weight=159.178 62.3858 22.4224 0.0386953 39.9634 2.44195 0.293434 22.3837 18.8253 0.0301374 18.7951 37.5215 9.65893 3.0351 6.62383 27.8626 18.5922 9.2704 3.55843 2.51856 96.792 4.72387 2.14852 92.0681 22.3445 22.3279 3.1115 19.2164 69.7237 0.505144
internal_count=198608 55896 23760 87 32136 168 43 23673 22886 65 22821 31968 6725 1585 5140 25243 18276 6967 787 165 142712 1157 125 141555 35049 35017 4523 30494 106506 441
is_linear=0
shrinkage=0.05


Tree=27
num_leaves=31
num_cat=0
split_feature=13 7 21 23 2 9 20 2 12 20 4 9 20 12 14 2 21 0 24 18 19 6 1 1 1 18 11 28 14 24
split_gain=9.77788 11.8803 156.49 199.345 441.808 37.1134 57.3534 244.052 13.5774 36.8778 11.0345 161.077 9.60037 8.79759 13.6914 7.68428 6.10411 5.78692 6.35867 52.1835 5.21874 5.19255 5.74074 32.284 9.08032 4.40453 20.0863 96.4176 18.4364 3.67564
threshold=-0.49148731920288874 0.39061782785246235 -1.9208107224127884 -1.5248195463770358 -0.90887281311152635 -2.5366060588563664 0.22398622045582348 -1.4766391876308276 1.5664871097304682 1.0355901608215732 -1.6516605694776931 -2.5366060588563664 -0.1347723348604509 -0.2442032882953338 -0.70631845292184503 -1.6490298684530373 -0.43825945845820363 -1.4722043248936549 2.7660138904421969 1.4655934130874122 -0.40282583867374838 1.089155789148629 -0.025830674762188324 -0.031352215446951333 -0.052952535252268777 -1.9266383256698467 -2.4823734980974708 -0.89875601147988482 -2.7344467471434837 -1.8470163421329315
decision_type=2 2 2 2 2 2 2 2 2 2 2 2 2 2 2 2 2 2 2 2 2 2 2 2 2 2 2 2 2 2
left_child=1 5 3 -3 -5 6 20 -8 10 -10 16 -12 -7 14 -14 -15 -4 18 29 -20 -1 25 23 24 -23 26 27 -19 -28 -2
right_child=17 2 8 4 -6 12 7 -9 9 -11 11 -13 13 15 -16 -17 -18 21 19 -21 -22 22 -24 -25 -26 -27 28 -29 -30 -31
leaf_value=-0.070760972923828741 -0.11692896360008337 -0.050651516062964586 -0.087624020128196783 -20.017131972684819 -0.050028569748884956 -0.044106432278955908 2.3188901365942152 -0.07917431508234872 -0.050632861558273672 -2.6814940475327127 -2.2020831595643875 -0.061130889350512085 -0.055045018533260798 0.078687515000156333 0.089028530665039726 -0.035379563781254446 0.069215724935017611 2.9570877766051207 -0.050720463070959593 -3.0349152706281486 0.10880584857710428 0.018933509336494691 -0.05016433573630176 1.739282540408551 0.54674371481118267 -0.047598072674148013 0.91851153310714828 -0.05015159625638356 -0.035699289758304199 -0.053771558089646745
leaf_weight=0.55799176391790162 3.7137824582554329 0.014187966049576062 0.85993259708319136 0.0050082375819329172 0.0062001279438871348 20.641515121651814 0.1531958929638092 0.3450899354792627 0.048959001830340479 0.018298636193197979 0.088940139301150078 7.1906932844471401 2.3559466037077073 1.6908526794322778 5.4953693698326509 11.644540643115453 2.2268683940500611 0.033252701090532355 0.11674737692652648 0.016751297465816606 1.4721549168907695 3.2203738489180411 2.8386610049301471 0.027933122415562006 0.08360186032950867 80.978304405392763 0.051604756081361169 0.134313894726802 2.6544429141390666 6.0672995751584873
leaf_count=19 537 4 125 30 11 17099 40 24 62 17 71 6552 2390 650 3967 13404 168 33 138 23 56 2278 4312 7 44 136190 39 157 3884 6277
internal_value=-0.0368666 -0.0198965 -0.0678328 -3.98795 -8.97194 -0.0085934 0.177429 0.658101 -0.058291 -0.766405 -0.0536967 -0.0872883 -0.0198381 0.00380577 0.0457963 -0.0209165 0.0255227 -0.0461748 -0.0824298 -0.425175 0.0594514 -0.0421818 0.00208503 0.0465995 0.0322889 -0.0454394 0.0153928 0.546619 -0.0175023 -0.0777518
internal_weight=154.753 54.8157 10.4591 0.0253963 0.0112084 44.3567 2.52843 0.498286 10.4337 0.0672576 10.3664 7.27963 41.8282 21.1867 7.85132 13.3354 3.0868 99.9371 9.91458 0.133499 2.03015 90.0225 6.17057 3.33191 3.30398 83.8519 2.87361 0.167567 2.70605 9.78108
internal_count=198608 44689 7040 45 41 37649 139 64 6995 79 6916 6623 37510 20411 6357 14054 293 153919 6975 161 75 146944 6641 2329 2322 140303 4113 190 3923 6814
is_linear=0
shrinkage=0.05


Tree=28
num_leaves=31
num_cat=0
split_feature=13 20 22 24 10 6 24 19 24 14 0 19 29 10 24 16 21 17 19 6 1 1 27 24 24 12 29 21 13 3
split_gain=10.1517 13.7612 15.4438 143.009 334.863 52.4045 189.961 8.58414 20.5776 17.8443 6.10271 7.44781 16.587 28.1337 6.92522 73.0977 138.254 6.03846 6.84602 4.332 4.6721 8.66958 3.45644 3.33023 3.40197 3.31873 13.9891 25.6085 2.53441 3.96019
threshold=-0.90135916658118054 -0.1347723348604509 -1.7211211237565862 2.7660138904421969 0.60673951353066113 -0.56202206266094878 0.29896535315515393 -0.060626815249229339 1.916966964752461 2.2949331403264845 -1.4722043248936549 -1.8279267169439317 -1.0000000180025095e-35 -1.0805294644884449 2.7660138904421969 0.4308702143035566 -0.0099999809040958697 -2.6977004545520193 1.3709890617168148 1.089155789148629 -0.025830674762188324 -0.052952535252268777 1.1416433730034914 -1.8470163421329315 -2.4437036499176403 -1.7312243255386564 0.98800773072200399 -1.2136235058935918 -1.6441681997257596 1.0096831391600343
decision_type=2 2 2 2 2 2 2 2 2 2 2 2 2 2 2 2 2 2 2 2 2 2 2 2 2 2 2 2 2 2
left_child=1 17 5 7 -5 6 -3 9 -9 -4 14 12 22 -14 23 -16 -17 18 -1 -13 21 -21 -12 24 -2 26 -19 -28 -27 -30
right_child=10 2 3 4 -6 -7 -8 8 -10 -11 11 19 13 -15 15 16 -18 25 -20 20 -22 -23 -24 -25 -26 28 27 -29 29 -31
leaf_value=0.015859861209465025 -0.0061004771402559423 -0.0077476932174769808 0.044700042375967849 -0.050910280819408175 8.0451907341001991 -0.056423518026054137 -6.3418783755541135 -0.004234850346911445 -0.40625237021935229 1.0291303059782577 -0.051719799296591755 -0.044552664745021238 1.239458262810248 -0.050597873982600385 -0.050675075949579221 -0.0500417737798226 -11.017366244684119 -0.0098172469915732922 0.4283708715479197 0.012661719670307931 -0.050076763944101849 0.3008652663743423 0.11311405830229282 -0.053319674113705653 -0.13138982541836805 -0.066698091338161722 2.069294790023791 -0.050087640615345735 -0.049455341213219976 0.047454702580434258
leaf_weight=0.3898963469051957 0.64553442416435514 0.046370632106329079 8.7323286984393835 0.041109506384318206 0.01852822950605737 0.36891420080794413 0.015893825388047844 11.548015571169289 0.32732830139759705 0.046277019166155564 0.83483234809682449 91.692581053183488 0.077333501307293773 0.09318821167097624 0.11310892980539639 0.0077725782456333631 0.0045589898971081927 0.6973928928472114 0.13554453221093576 3.4093326982246071 2.9006884677219729 0.2825660213711666 0.51375382766127586 6.482405385623192 3.3717664585850513 12.339827776626542 0.023578979074954987 0.036035708722170323 4.5170309187940036 1.375115103875
leaf_count=81 344 36 5269 36 21 41 27 7092 129 19 207 160352 8 61 143 32 19 223 15 2520 4790 57 19 7091 229 3353 3 42 5768 581
internal_value=-0.0360107 -0.0146514 0.013293 0.0194582 2.46438 -0.282879 -1.62462 0.0123985 -0.0153159 0.0498895 -0.043875 -0.0400399 0.0698252 0.534457 -0.0798994 -0.449208 -4.10467 -0.0449304 0.122273 -0.041738 -0.00259 0.0347199 0.0110749 -0.0754872 -0.111257 -0.0495571 0.0530251 0.788177 -0.0538164 -0.0268384
internal_weight=151.089 40.6592 21.1448 20.7136 0.0596377 0.431179 0.0622645 20.6539 11.8753 8.77861 110.429 99.8043 1.51911 0.170522 10.6251 0.12544 0.0123316 19.5144 0.525441 98.2852 6.59259 3.6919 1.34859 10.4997 4.0173 18.989 0.757008 0.0596147 18.232 5.89215
internal_count=198608 22736 12670 12566 57 104 63 12509 7221 5288 175872 168014 295 69 7858 194 51 10066 96 167719 7367 2577 226 7664 573 9970 268 45 9702 6349
is_linear=0
shrinkage=0.05


Tree=29
num_leaves=31
num_cat=0
split_feature=3 7 21 13 11 26 24 5 10 4 18 20 8 12 14 13 21 20 5 24 6 24 29 11 6 10 21 3 13 24
split_gain=10.441 9.69156 140.326 552.842 22.7105 31.5253 16.8759 40.6044 60.5588 10.0291 197.635 486.636 22.245 7.74205 8.7417 4.52509 5.19713 4.35934 4.03465 3.73642 2.90892 2.52314 2.27479 6.38187 4.55554 1.66149 1.56181 1.70877 1.44518 1.18808
threshold=0.48615219757438455 0.12209895023067853 -2.2764961900661729 0.23861374312978978 -3.2946583790412771 1.333846404340761 2.7660138904421969 -1.0000000180025095e-35 0.77752312329358586 -1.5496762086774483 3.283747335452579 0.48730416995153009 -2.2468307519382757 -0.80823663432347315 0.29218708686924089 -2.8694824988781913 0.21238497311557811 -0.1347723348604509 -1.3575345130014977 2.7660138904421969 -2.2225653003597254 -1.8470163421329315 0.82310300098989575 -2.3154392134860551 0.61547367505911033 1.7160577334406655 2.5338510928012665 0.27903579899178016 -1.9852138913204886 2.3595699347662005
decision_type=2 2 2 2 2 2 2 2 2 2 2 2 2 2 2 2 2 2 2 2 2 2 2 2 2 2 2 2 2 2
left_child=19 4 3 -3 5 18 13 -8 -9 15 12 -12 -11 14 -6 16 -4 -15 -2 20 21 -1 26 -24 -25 -20 29 -28 -23 -22
right_child=1 2 9 -5 6 -7 7 8 -10 10 11 -13 -14 17 -16 -17 -18 -19 25 -21 22 28 23 24 -26 -27 27 -29 -30 -31
leaf_value=-0.11544611950097552 0.22474488591386446 -17.370447327022227 0.01105028504020868 -0.05007021397775907 -0.015184757747396719 0.52811021389525559 -0.11929731978098027 -0.05026346846180612 -2.9435067636717815 -0.59391274119939119 -0.050023484338629 -17.167984647722403 -0.046937426195300301 -0.047709940323541838 0.085390518039807503 -0.058648587351884579 0.15874815143882853 -0.0073273761197020634 -0.050227271378712017 -0.12200850451258999 -0.050280395842893566 0.076744629134663955 0.31471661554314878 -0.042253501882957657 0.022156235546883087 0.058761571397833626 -0.050052501506479663 0.13664893373095607 -0.056738365082253897 0.022058124336182958
leaf_weight=2.7440932202767163 0.31501087997061761 0.0057735309229824594 1.4767406482818852 0.022803520290576453 4.9480951441683336 0.42990502263660513 0.43250079759694776 0.038871371258384191 0.033823913207611689 0.1878909255610911 0.014351753973234613 0.0058418191834535135 17.385685522536726 12.041635162209751 3.8349598399009563 0.93189975720281903 0.99819353463295968 15.017761943952518 0.46826891204294563 1.6595846672738748 60.650687044816067 0.23043985847303705 0.13363815736007012 17.139637431880757 3.2687658587127855 1.380793582981547 0.25424949097214167 0.23660166171612218 1.6889216774860534 0.57296756117329906
leaf_count=143 9 33 87 54 3281 30 97 54 17 89 43 22 22732 7924 2801 622 78 17794 92 539 105141 9 4 30459 4514 37 423 13 967 500
internal_value=-0.0367839 -0.0206737 -0.0480259 -3.54937 -0.00590298 0.13703 -0.0161035 -0.303072 -1.39644 -0.0432614 -0.0584662 -5.0021 -0.0527855 -0.0120587 0.0287296 0.0352601 0.07062 -0.0252979 0.0593394 -0.0476909 -0.046272 -0.0846875 -0.0440941 -0.029682 -0.0319371 0.0311605 -0.0488912 0.0399419 -0.0407123 -0.0496034
internal_weight=148.55 59.9708 21.0292 0.0285771 38.9416 2.59398 36.3476 0.505196 0.0726953 21.0006 17.5938 0.0201936 17.5736 35.8425 8.78305 3.40683 2.47493 27.0594 2.16407 88.5796 86.92 4.66345 82.2565 20.542 20.4084 1.84906 61.7145 0.490851 1.91936 61.2237
internal_count=198608 55896 23760 87 32136 168 31968 168 71 23673 22886 65 22821 31800 6082 787 165 25718 138 142712 142173 1119 141054 34977 34973 129 106077 436 976 105641
is_linear=0
shrinkage=0.05


Tree=30
num_leaves=31
num_cat=0
split_feature=3 7 21 11 1 0 4 8 13 9 18 18 20 9 10 4 13 18 24 6 13 29 28 13 21 10 24 24 11 10
split_gain=10.3484 9.55497 184.779 679.656 21.1257 63.9606 9.47542 73.1396 8.23706 13.9734 28.4992 9.4452 8.76113 16.7424 10.0878 5.60423 4.13888 5.33389 3.15315 2.48064 2.30365 2.28876 5.23716 11.1547 1.48118 1.50823 1.15222 1.11389 1.0685 0.357302
threshold=0.48615219757438455 0.12209895023067853 -2.2764961900661729 -0.67716415672500019 2.1379613037422156 -1.2510672545497921 -1.5496762086774483 -2.2468307519382757 -0.49148731920288874 -2.5366060588563664 0.041373740314852067 -3.0073998271388769 -0.1347723348604509 -2.5366060588563664 -1.0654082617016531 -1.4702039209905289 -2.8694824988781913 0.14189483815433698 2.7660138904421969 -2.2225653003597254 -1.9852138913204886 0.82310300098989575 0.15268498555693691 -0.73032980294142147 2.5338510928012665 -1.5987695249880065 2.3595699347662005 -1.8470163421329315 -2.3154392134860551 0.60673951353066113
decision_type=2 2 2 2 2 2 2 2 2 2 2 2 2 2 2 2 2 2 2 2 2 2 2 2 2 2 2 2 2 2
left_child=18 4 3 -3 8 28 16 -8 12 10 -10 -11 14 -14 -2 -9 17 -4 19 20 -1 24 -23 -24 26 -26 -21 -22 -6 -20
right_child=1 2 6 -5 5 -7 7 15 9 11 -12 -13 13 -15 -16 -17 -18 -19 29 21 27 22 23 -25 25 -27 -28 -29 -30 -31
leaf_value=0.074184450646693822 0.24292961208267136 -21.651304755752147 0.29187733499919855 -0.05007306365166786 0.064680537950608519 0.9635728444147178 -1.2694248768558727 -0.31596896606213076 -0.050270019013485948 0.4574396350333319 -2.1372296179009216 -0.033382583303862311 0.97314826555201239 0.044286144949602459 -0.034969290989210797 -0.045945620271239024 -0.058416493993455582 0.04328318145040224 -0.050254065968436692 -0.050104842285593511 -0.10876911341014002 -0.051006460312512082 0.13243262215561633 -0.02427822399163386 0.12554542550479128 -0.05005742901312004 0.020654411096258971 -0.056492421868118939 -0.050863734487014881 -0.12344256773026292
leaf_weight=0.22601993729863767 0.34090637626650178 0.0046293593565484977 0.23894157681340544 0.017063463771016432 0.99218306211936702 0.22153776435241779 0.12367753867511311 0.19439883010416892 0.051558475888837774 0.098482768982658508 0.023960937863091614 20.738852488577976 0.04879790148251828 8.299238679365482 7.7597589010248056 16.653338460457263 0.88988448813370702 2.2255712626045288 0.18791008273376641 57.88984078308836 2.7658476071080553 11.516799851624201 1.352411081665293 7.0809231205158767 0.24518980248831213 0.24391951525467348 0.58109564426422267 1.6133704531874222 0.25062889163746815 1.4815258315201991
leaf_count=10 420 28 4 59 27 15 92 101 41 82 18 25131 20 3925 2345 22693 622 161 412 105141 142 20989 1761 12227 18 418 500 967 112 127
internal_value=-0.0360078 -0.0199456 -0.0476997 -4.65989 -0.00540056 0.180896 -0.0427773 -0.0579546 -0.0127023 -0.0335233 -0.712424 -0.0310628 0.0137696 0.0497157 -0.0232743 -0.0490613 0.0340113 0.0673851 -0.0471653 -0.0458052 -0.0814757 -0.0437235 -0.0290845 0.0008527 -0.0486768 0.037972 -0.0494016 -0.0895096 0.0413796 -0.115205
internal_weight=144.358 59.1734 20.3475 0.0216928 38.8259 1.46435 20.3258 16.9714 37.3616 20.9129 0.0755194 20.8373 16.4487 8.34804 8.10067 16.8477 3.3544 2.46451 85.1849 83.5154 4.60524 78.9102 19.9501 8.43333 58.96 0.489109 58.4709 4.37922 1.24281 1.66944
internal_count=198608 55896 23760 87 32136 154 23673 22886 31982 25272 59 25213 6710 3945 2765 22794 787 165 142712 142173 1119 141054 34977 13988 106077 436 105641 1109 139 539
is_linear=0
shrinkage=0.05


Tree=31
num_leaves=31
num_cat=0
split_feature=3 7 21 9 11 5 24 11 27 25 9 20 28 27 12 14 18 20 4 6 5 5 11 13 23 10 0 26 7 10
split_gain=9.99828 9.22687 246.839 881.734 20.9175 29.7294 10.1012 16.215 9.5774 23.4666 61.3171 13.915 52.7884 30.214 6.96058 7.52197 5.76274 3.85487 2.72306 3.56303 4.19361 3.70049 1.94627 4.65412 1.76659 1.42795 1.35647 6.17182 1.35025 1.02605
threshold=0.48615219757438455 0.12209895023067853 -2.2764961900661729 -0.66632106000336433 -3.2946583790412771 -1.4367335699459804 2.7660138904421969 -1.1761347619893054 1.9439264941652399 -0.69935896365012085 -1.0066819171892623 0.94037990635588586 -1.4967715298118887 0.98719027370573753 -0.80823663432347315 0.29218708686924089 1.862469253377194 -3.6085449097720472 1.3869419739941125 2.4516057181716353 0.53773136599234894 0.5215885961400184 -2.830976474373657 -3.9074159136352793 -0.940629049428509 1.8332770766859758 -1.6174608663727368 2.7529616263015506 -2.3337535650375765 0.61998438126347633
decision_type=2 2 2 2 2 2 2 2 2 2 2 2 2 2 2 2 2 2 2 2 2 2 2 2 2 2 2 2 2 2
left_child=18 4 3 -3 5 -2 14 -8 11 -10 -11 13 -13 -4 15 -6 25 -16 19 22 21 24 23 -1 -21 -7 -24 -28 -25 -20
right_child=1 2 8 -5 6 16 7 -9 9 10 -12 12 -14 -15 17 -17 -18 -19 29 20 -22 -23 26 28 -26 -27 27 -29 -30 -31
leaf_value=0.12070739369293992 0.49045840179369721 -28.253977381667923 -0.04336884677068302 -0.050081871849819173 -0.014649393681171883 -0.048443975695997288 -1.0961549885773949 -0.13975632308907407 0.097891044560430573 -1.0199465181060468 -0.092007840209946498 -2.4095034568377778 0.096347195736441682 -0.79799696518976138 -0.10080641201052061 0.077596292003234271 0.25271640254576466 -0.01947862684308389 -0.058483826898702962 0.11865810839818464 -0.050581522341960498 0.36801637121135156 -0.069966008312114567 0.070934242740526579 -0.050214664269265109 0.048159236932017679 -0.04518290577666928 0.2704160461827203 -0.061845915784701548 -0.092160097309474442
leaf_weight=0.59505026120015347 0.47597970764216113 0.0035456023886809894 15.350837067468257 0.012686790058852504 4.9159494102583094 0.58144781758786579 0.04781905386607832 0.60528696569799834 0.56186732202149858 0.23125706452265138 0.77341131188599277 0.02119146874882627 2.5506956624766626 0.13379846416933538 1.5478353445797797 4.014734265814023 0.30026851899769136 24.838934351340729 5.6863974449147525 0.49152471070829051 0.83111412081382308 0.11761845409637317 5.6562379545807024 0.22267526606447052 0.22610526563536659 1.1181840678216337 62.867308548915034 0.15529368377610708 1.3660379558568139 3.7556948738745808
leaf_count=9 18 36 22744 51 3281 103 27 141 31 37 67 58 493 243 190 2801 17 25528 8465 11 624 6 4277 6 233 30 126137 145 1298 1501
internal_value=-0.0353758 -0.0195058 -0.0473881 -6.21059 -0.00526298 0.135311 -0.0149388 -0.209782 -0.0422898 -0.160882 -0.305603 -0.032001 0.0756998 -0.0498894 -0.0113357 0.0268191 0.0507855 -0.0242493 -0.0466215 -0.0433334 0.0289349 0.108058 -0.0450328 0.00143715 0.065451 0.0151111 -0.0465104 -0.0444052 -0.0432353 -0.0718789
internal_weight=140.057 58.0857 19.6393 0.0162324 38.4464 2.47588 35.9706 0.653106 19.6231 1.56654 1.00467 18.0565 2.57189 15.4846 35.3175 8.93068 1.9999 26.3868 81.9711 72.529 1.66636 0.835248 70.8626 2.18376 0.71763 1.69963 68.6788 63.0226 1.58871 9.44209
internal_count=198608 55896 23760 87 32136 168 31968 168 23673 135 104 23538 551 22987 31800 6082 150 25718 142712 132746 874 250 131872 1313 244 133 130559 126282 1304 9966
is_linear=0
shrinkage=0.05


Tree=32
num_leaves=31
num_cat=0
split_feature=3 7 21 9 11 1 25 4 8 22 8 20 18 4 1 0 13 4 4 6 5 5 13 29 15 5 18 23 23 7
split_gain=9.78408 8.85162 77.448 626.857 1311.75 20.9838 39.9872 9.3269 426.459 7.99413 68.1043 8.78183 14.6281 7.13088 5.44192 5.00252 3.74013 4.98216 2.50826 3.36241 3.66913 2.11291 1.91139 3.85453 11.2301 3.42752 1.74343 2.95874 1.55628 0.942419
threshold=0.48615219757438455 0.12209895023067853 -2.128132128403581 -0.50162981549225594 -0.26548236213468052 2.1379613037422156 0.95223843596647273 -1.5496762086774483 -2.2468307519382757 4.2542692037071399 -1.8285395381325362 0.43580351741097184 3.283747335452579 -1.4702039209905289 0.57770452669346939 -1.2955036886223532 -2.8694824988781913 -1.8131300438840319 1.3869419739941125 2.4516057181716353 0.53773136599234894 0.5215885961400184 -0.50121960853596559 0.82310300098989575 1.5574595541698872 -1.2384817500763241 2.7786210890898873 -2.2688743808319662 -0.940629049428509 -3.9584527856389777
decision_type=2 2 2 2 2 2 2 2 2 2 2 2 2 2 2 2 2 2 2 2 2 2 2 2 2 2 2 2 2 2
left_child=18 5 3 4 -3 9 15 16 -9 11 -11 14 -13 -10 -2 -7 17 -4 19 22 21 28 23 25 -25 -1 -24 -28 -21 -12
right_child=1 2 7 -5 -6 6 -8 8 13 10 29 12 -14 -15 -16 -17 -18 -19 -20 20 -22 -23 26 24 -26 -27 27 -29 -30 -31
leaf_value=0.062618499181636464 -0.034820890239075156 -50.439698617836491 0.038407614278415082 -0.050212407680801235 -0.05002058027036848 0.035270851027009428 0.90011891089753027 -7.162245820750889 -0.39254446102942436 -3.6080992604922546 -0.15004442057910697 0.034491175252607531 0.84845966117830052 -0.044631890104341529 0.013007325165196013 0.33823500648375637 -0.057665786082659223 0.24812480946345086 -0.07086855874292787 0.11059378445107929 -0.05055376529678967 0.26710406603227593 -0.05090925746444272 -0.011581591608069236 0.31949328670734578 -0.050429878841855305 0.19817539030389558 -0.050237684179199098 -0.050204281631666514 -0.051449986833666611
leaf_weight=0.70589449331942411 19.965681906446171 0.0019845334172714502 2.1089107913447784 0.046287118960565449 0.0036985985496514042 0.88266091503335042 0.17431797183374209 0.021092710307137774 0.14868548420088501 0.014053782382120517 0.50086456394875267 7.3297183305683786 0.055615598801523336 15.57844523942946 8.470555462548111 0.16112534800777101 0.80633335357527247 0.32712578419825655 9.1057202634245993 0.50073658360088302 0.79100334725741672 0.15276884037302807 48.276623047275393 4.8010039187610554 0.27057071510353115 13.367296436572184 0.19021749711355085 0.32409816630767707 0.21512134181541631 0.46962212047637197
leaf_count=379 22745 27 152 83 29 124 18 92 101 15 21 3483 42 22650 5426 12 615 11 9966 11 624 6 102194 6734 401 21683 24 457 233 250
internal_value=-0.0347615 -0.0189988 -0.0468252 -1.97437 -17.646 -0.00506334 0.19911 -0.0415502 -0.0574498 -0.0118205 -0.152377 -0.00795737 0.0406208 -0.0479211 -0.0205739 0.0820383 0.035674 0.0665697 -0.0461912 -0.0429624 0.0273527 0.0982971 -0.0446802 -0.0312914 0.0060814 -0.0447595 -0.0499337 0.0416369 0.0622726 -0.102334
internal_weight=135.768 57.0668 19.0426 0.0519703 0.00568313 38.0242 1.2181 18.9906 15.7482 36.8061 0.98454 35.8216 7.38533 15.7271 28.4362 1.04379 3.24237 2.43604 78.7011 69.5953 1.65963 0.868627 67.9357 19.1448 5.07157 14.0732 48.7909 0.514316 0.715858 0.970487
internal_count=198608 55896 23760 139 56 32136 154 23621 22843 31982 286 31696 3525 22751 28171 136 778 163 142712 132746 874 250 131872 29197 7135 22062 102675 481 244 271
is_linear=0
shrinkage=0.05


Tree=33
num_leaves=31
num_cat=0
split_feature=3 7 21 9 20 11 5 24 24 4 8 24 25 25 28 13 13 10 18 4 6 5 13 27 27 18 4 23 10 1
split_gain=9.5209 8.59894 84.6189 713.743 1378.88 20.157 41.8157 9.34808 30.1155 9.09797 245.885 9.03861 13.0388 38.211 7.57059 6.72828 9.03515 6.20157 5.61875 2.40726 3.14489 3.50118 2.62182 4.18206 12.6374 1.77711 2.44711 1.61559 1.25637 1.25132
threshold=0.48615219757438455 0.12209895023067853 -2.128132128403581 -0.34990947277844087 0.76848712721861467 -3.2946583790412771 -1.4367335699459804 1.916966964752461 2.3595699347662005 -1.5496762086774483 -2.1310549807509429 2.7660138904421969 0.32311281436597689 0.090118643171765669 -1.1972074569515099 -0.49148731920288874 -2.4692804104799468 -0.95336037400814433 1.862469253377194 0.61496435872779676 2.4516057181716353 0.53773136599234894 -0.50121960853596559 -0.053255776620741734 -0.024658026576717073 2.7786210890898873 0.55123397295422216 -0.39367087394112005 1.8332770766859758 2.1379613037422156
decision_type=2 2 2 2 2 2 2 2 2 2 2 2 2 2 2 2 2 2 2 2 2 2 2 2 2 2 2 2 2 2
left_child=19 5 3 4 -3 6 -2 9 -9 14 -11 15 13 -13 -4 16 -7 -17 28 20 22 27 23 -1 -25 -24 -27 -22 -8 -10
right_child=1 2 7 -5 -6 11 18 8 29 10 -12 12 -14 -15 -16 17 -18 -19 -20 -21 21 -23 25 24 -26 26 -28 -29 -30 -31
leaf_value=-0.057157174532048508 0.65245992105881279 -0.050019866019123498 0.30402262374852851 -0.050208263316095125 -54.468707800068003 -0.032534447447498387 -0.047262495870143501 -0.65429192558703475 -0.066335967587840119 -6.1899687334743954 -0.043042681904562001 -2.8297642440018991 -0.12952044403508478 -0.05085463316245508 0.02155541777516248 0.030529202996845906 0.046994869084730523 -0.042383261862628918 0.25484791454988587 -0.062071821407240706 0.12993576467633136 -0.050530000612084361 -0.050642236473669382 0.23497468841250302 -0.018423785968951927 -0.050247845913688673 0.1782018755772212 -0.050159510329658034 0.045614500550141775 0.095640848307971441
leaf_weight=6.2543521396684083 0.33918332371323878 0.0031757660172283164 0.26039467578480646 0.042543393763240372 0.0018376041973465853 5.9872062723721369 0.56689759229133696 0.25544861587695877 0.22838784731661987 0.016286782225953256 14.737512524720843 0.017987537488804085 0.57361632535556617 0.039612155593610775 2.6642383739757904 3.5417846822225512 8.8502826831545338 16.51469067957273 0.28137925087976001 17.420045906309682 0.69760130642562246 0.74872088151912519 40.398172749277357 0.52079890522873107 8.9060435342707436 0.27805132559314572 0.20266243498190306 0.15158797052514505 1.017931976419709 0.24948064982891083
leaf_count=9181 18 24 102 79 36 1105 103 66 74 120 22588 48 105 15 661 4840 5488 20367 17 27659 36 616 89756 603 14300 389 10 162 30 10
internal_value=-0.0341784 -0.018591 -0.0465552 -2.15294 -19.9967 -0.00490979 0.141767 -0.0411145 -0.216043 -0.0338583 -0.0498283 -0.0140154 -0.201532 -0.918667 0.0467049 -0.0106234 0.0149033 -0.0295076 0.0489486 -0.0457671 -0.0408833 0.0282913 -0.0428376 -0.0254566 -0.00442444 -0.049505 0.0460635 0.0977871 0.0123922 0.0182272
internal_weight=131.768 56.1899 18.4593 0.0475568 0.00501337 37.7306 2.20539 18.4117 0.733317 17.6784 14.7538 35.5252 0.631216 0.0575997 2.92463 34.894 14.8375 20.0565 1.86621 75.578 58.158 1.59791 56.5601 15.6812 9.42684 40.8789 0.480714 0.849189 1.58483 0.477868
internal_count=198608 55896 23760 139 60 32136 168 23621 150 23471 22708 31968 168 63 763 31800 6593 25207 150 142712 115053 814 114239 24084 14903 90155 399 198 133 84
is_linear=0
shrinkage=0.05


Tree=34
num_leaves=31
num_cat=0
split_feature=3 7 21 9 4 1 0 24 24 4 8 15 23 0 8 1 28 4 6 5 13 27 27 18 4 16 23 16 15 10
split_gain=9.28236 8.30159 92.5079 965.704 2496.59 20.8207 89.9333 10.2926 45.4558 8.47062 232.137 7.31163 20.7636 9.0029 16.46 6.42346 6.2737 2.3442 2.96555 3.14967 2.68562 4.05863 9.36871 1.68342 2.04779 1.576 1.39353 1.14782 0.84765 0.73769
threshold=0.48615219757438455 0.12209895023067853 -2.128132128403581 -0.17538153979072987 -0.48008813866989247 2.1379613037422156 -1.2955036886223532 1.916966964752461 2.3595699347662005 -1.5496762086774483 -2.0441030720438564 -2.4216760821646646 1.1428678366664906 -1.6174608663727368 -2.1310549807509429 -0.15746777903160566 -1.1972074569515099 0.61496435872779676 2.4516057181716353 0.53773136599234894 -0.50121960853596559 -0.053255776620741734 -0.024658026576717073 2.7786210890898873 0.55123397295422216 -0.35114257979784097 -0.39367087394112005 -1.5035133833180387 -1.3704363284192833 0.60673951353066113
decision_type=2 2 2 2 2 2 2 2 2 2 2 2 2 2 2 2 2 2 2 2 2 2 2 2 2 2 2 2 2 2
left_child=17 5 3 4 -3 11 28 9 -9 16 -11 12 25 14 -13 -15 -4 18 20 26 21 -1 -23 -22 -25 -2 -20 -10 -7 -19
right_child=1 2 7 -5 -6 6 -8 8 27 10 -12 13 -14 15 -16 -17 -18 29 19 -21 23 22 -24 24 -26 -27 -28 -29 -30 -31
leaf_value=-0.056991734877689694 0.078491529504161328 -88.906698569636902 0.27001744948153161 -0.050201580820285377 -0.050018990310485935 0.056385015048550473 1.3535459575903657 -0.93373643804199169 0.09147796377164126 -5.8446385186881766 -0.042110532379879766 -0.9312963086426076 0.61557618839425987 0.040346579773237731 -0.074418645655895496 -0.017049689673022176 0.020431191695000763 -0.053715042755633241 0.12021199885546288 -0.050504646704610467 -0.050560009002012865 0.18019015822791529 -0.017765161840769209 -0.050235912299099295 0.15655145653840485 -0.055857031706091742 -0.050151761100691264 -0.06535690573685507 -0.050835671873790379 -0.075490375986900282
leaf_weight=5.966163051457035 0.50193858263833568 0.0011254065261780844 0.27799390190460505 0.03971665897557166 0.0026564665443466933 0.59964847737736426 0.14894196151418704 0.17154492747795458 0.24783033132553098 0.017257296361562591 14.300890604998846 0.05688653517843878 0.17525483621284366 6.0332110160531789 3.7860326472814338 25.384290453467838 2.670140298111348 10.430029210371922 0.71581806454087815 0.7125538570644353 38.488877865939536 0.64137647062306946 8.7777493049498734 0.26455184543385613 0.21869228681316599 0.38627654144204537 0.1442166566761327 0.22042075536730824 0.26614397073365315 6.2022741989425532
leaf_count=9181 23 31 102 75 33 27 16 66 9 168 22540 23 11 4594 1194 25976 661 21817 36 616 89756 603 14300 389 10 161 162 75 111 5842
internal_value=-0.0335951 -0.0181608 -0.0461047 -2.34911 -26.4919 -0.00472751 0.21866 -0.0405101 -0.237439 -0.0332129 -0.0491042 -0.010968 0.118202 -0.0148638 -0.087103 -0.00602769 0.0439659 -0.0453551 -0.0404544 0.0272353 -0.0424126 -0.0247243 -0.00428579 -0.0493956 0.0433458 0.0200646 0.0916442 0.0176508 0.0234255 -0.0618352
internal_weight=127.851 55.2882 17.9496 0.0434985 0.00378187 37.3386 1.01473 17.9061 0.639796 17.2663 14.3181 36.3239 1.06347 35.2604 3.84292 31.4175 2.94813 72.5623 55.93 1.57259 54.3574 15.3853 9.41913 38.9721 0.483244 0.888215 0.860035 0.468251 0.865792 16.6323
internal_count=198608 55896 23760 139 64 32136 154 23621 150 23471 22708 31982 195 31787 1217 30570 763 142712 115053 814 114239 24084 14903 90155 399 184 198 84 138 27659
is_linear=0
shrinkage=0.05


Tree=35
num_leaves=31
num_cat=0
split_feature=3 11 21 8 27 3 7 26 25 2 24 24 4 19 21 0 10 3 2 14 9 19 4 6 5 13 27 27 18 4
split_gain=9.63174 7.92482 10.829 20.3332 67.6395 17.3545 12.128 29.6369 40.1164 24.2512 31.7182 21.6439 13.9694 9.83508 20.5064 4.29596 5.30874 45.2764 5.72769 9.08013 3.58344 3.5595 2.25649 2.79594 2.84948 2.74582 3.93769 7.39864 1.5977 1.75186
threshold=0.48615219757438455 -0.35394154724249033 1.2067997121747993 -1.0296275206374979 0.93386279202721745 2.0451311982594711 0.11841701995661595 -2.3805485318847128 -0.05451000094362745 -4.0088752521451889 0.031026964367793331 1.916966964752461 -3.5780307616273812 0.55384578900844084 1.3258549155688264 -1.4722043248936549 2.0212287399551299 0.49688604112214424 -1.4472731342409186 -2.1695011465006719 -2.5366060588563664 -0.70698932754549182 0.61496435872779676 2.4516057181716353 0.53773136599234894 -0.50121960853596559 -0.053255776620741734 0.019685786083001221 2.7786210890898873 0.55123397295422216
decision_type=2 2 2 2 2 2 2 2 2 2 2 2 2 2 2 2 2 2 2 2 2 2 2 2 2 2 2 2 2 2
left_child=22 2 6 4 5 -4 9 8 -8 10 -2 -9 -11 20 -15 -3 18 -18 19 -17 -5 -20 23 25 -25 26 -1 -28 -27 -30
right_child=1 15 3 13 -6 -7 7 11 -10 12 -12 -13 -14 14 -16 16 17 -19 21 -21 -22 -23 -24 24 -26 28 27 -29 29 -31
leaf_value=-0.056823006520689327 -0.0046091253769155625 -0.081211436216781299 0.69520666845847734 0.085059939045802016 2.2704255318169282 0.031503358651886255 0.024950085619891496 -0.045189647448811286 3.4026832930482822 -0.62496440316200497 0.89721020912584759 -0.3839359415956044 0.010172059752777799 0.82446381349332243 -0.051107201445343212 0.56863511999119054 2.5222824317906865 -0.050063297315623916 0.061293030752965064 0.027288989509457462 -0.056499020713341556 -0.040677956311146596 -0.061447632266554947 0.086368801736329104 -0.050480482763251656 -0.050473179051156475 0.11034750020027347 -0.021310433107719504 -0.050224547817394619 0.14038917044164576
leaf_weight=5.6916208619951574 0.21512513168848846 4.2576293357365733 0.13385782342606956 0.67419505119324141 0.043087223690444931 0.37279500929299658 0.022370188426666965 6.6034773221073522 0.014480717581659336 0.08706909394668727 0.17832177140935146 0.50781088508836969 15.206316805239975 0.11371188170646029 0.16234469105002236 0.080232840555507834 0.019436878006673486 0.14265794152296762 0.89183153543280269 2.2419933084241546 1.3269879659753361 21.186368121606652 15.917992754045924 0.86635082376349049 0.67811847318598795 36.673174847176497 1.2271863604376676 8.17910344890036 0.25170500957849995 0.23131630441639572
leaf_count=9181 23 2936 44 6 31 173 25 3890 24 41 22 61 6968 23 78 5 9 418 832 1664 662 37961 27659 198 616 89756 1574 13329 389 10
internal_value=-0.0326015 -0.0168506 0.00335821 0.0956701 0.368591 0.206854 -0.00807004 -0.0620503 1.35224 0.0165276 0.404122 -0.0693792 0.00655607 0.0297851 0.309554 -0.0348449 -0.0268078 0.258388 -0.0287024 0.0459925 -0.00880806 -0.0365589 -0.0449105 -0.0400175 0.0262834 -0.0419771 -0.0239966 -0.00413375 -0.0492833 0.0410593
internal_weight=124.199 54.4821 25.662 2.82698 0.54974 0.506653 22.835 7.14814 0.0368509 15.6868 0.393447 7.11129 15.2934 2.27724 0.276057 28.8201 24.5625 0.162095 24.4004 2.32223 2.00118 22.0782 69.7166 53.7986 1.54447 52.2541 15.0979 9.40629 37.1562 0.483021
internal_count=198608 55896 12071 1017 248 217 11054 4000 49 7054 45 3951 7009 769 101 43825 40889 427 40462 1669 668 38793 142712 115053 814 114239 24084 14903 90155 399
is_linear=0
shrinkage=0.05


Tree=36
num_leaves=31
num_cat=0
split_feature=3 11 21 0 21 23 17 17 4 11 1 19 5 12 19 0 2 3 9 3 21 19 3 29 28 13 15 25 6 9
split_gain=9.20857 7.07882 8.57994 12.2871 27.1132 77.8899 13.0119 33.3479 14.9905 12.0441 72.0181 11.1053 22.2127 10.5292 9.31142 4.09137 4.82819 6.75446 12.0572 6.47485 3.40544 17.3605 3.96171 2.24922 5.81744 15.4337 143.479 5.12113 3.32416 52.2921
threshold=0.48615219757438455 -0.35394154724249033 0.80695195549288601 -0.54539308854507551 0.82050628076193366 0.60406478524471507 -1.7326726160389321 -1.3863950780595291 -0.76299405239437146 -0.36686000418165027 0.85651923989186207 -1.2889827878985514 3.2987211318532692 -0.066764888670083969 -0.501320631532996 -1.4722043248936549 -1.4472731342409186 0.50648008041980241 -1.2540624973615946 2.6159816495256254 1.394171463568733 -0.70698932754549182 0.60314674838194648 0.82310300098989575 0.84555883898657491 -1.1412590265847602 1.5574595541698872 -1.0259342497768276 0.93046106804273776 -0.93784742057259007
decision_type=2 2 2 2 2 2 2 2 2 2 2 2 2 2 2 2 2 2 2 2 2 2 2 2 2 2 2 2 2 2
left_child=23 2 9 6 5 -5 8 -8 -4 11 -11 13 -13 -2 -6 -3 17 18 -17 -19 22 -22 -18 -1 28 26 -26 -27 -25 -30
right_child=1 15 3 4 14 -7 7 -9 -10 10 -12 12 -14 -15 -16 16 20 19 -20 -21 21 -23 -24 24 25 27 -28 -29 29 -31
leaf_value=-0.049903401172824928 0.15572581301778374 -0.080413983800704247 0.0082467725373053854 -0.050025899680474384 0.43809126213641209 5.5241972568176054 -1.8182973303982135 -0.06741958996645829 0.40943549095235299 -0.050037660305791681 4.2214421595878351 -0.027618530800929544 -1.1183581463752139 -0.051436542691936982 0.087909027001130596 1.0422982979220234 0.011588177833305624 -0.011872099458632842 -0.050090877856537513 0.22111730655530981 0.96004203923801024 0.0075246117318644064 -0.048858246909410707 -0.047531530071411213 0.077007058549559401 0.085430613170799793 4.0242083616334554 -0.050041319073928947 2.7392688084425787 -0.050027068379515205
leaf_weight=49.51910898733523 1.6674651089451802 4.0891519430274768 0.84749731567107234 0.020797204895159793 0.20439165754942168 0.0089698024094104767 0.027576357816727071 1.9692625465050002 0.32104357026946984 0.062857160455115912 0.011705551551131066 17.434441707525728 0.046801999082783818 0.9702601989023617 2.6647463290608675 0.045669704675674438 3.2257117277162228 2.0003719656535202 0.056522826082083255 0.35043144599065579 0.049496283157831056 1.4261700923621992 16.978015451772347 13.503025351320986 0.3714404418061007 1.003604968503798 0.024543682666262612 2.2879332110954733 0.017925644431670662 0.26830074274562399
leaf_count=107291 62 2936 67 45 101 15 15 671 23 114 25 9144 112 143 1534 1 5750 1730 55 27 61 1755 31510 28277 306 830 14 5306 36 652
internal_value=-0.0320467 -0.0167806 0.00190455 0.0540599 0.128431 1.62968 -0.0140499 -0.0915992 0.118469 -0.0137581 0.620539 -0.0161089 -0.0305387 0.0795233 0.112855 -0.0341655 -0.0263288 0.0401582 0.438096 0.0228594 -0.0338518 0.0394736 -0.0392074 -0.0444608 -0.0290396 0.0267442 0.32166 -0.00873531 -0.0439573 0.12466
internal_weight=121.475 54.4794 26.2578 6.06428 2.8989 0.029767 3.16538 1.99684 1.16854 20.1935 0.0745627 20.119 17.4812 2.63773 2.86914 28.2215 24.1324 2.453 0.102193 2.3508 21.6794 1.47567 20.2037 66.9959 17.4768 3.68752 0.395984 3.29154 13.7893 0.286226
internal_count=198608 55896 12071 2471 1695 60 776 686 90 9600 139 9461 9256 205 1635 43825 40889 1813 56 1757 39076 1816 37260 142712 35421 6456 320 6136 28965 688
is_linear=0
shrinkage=0.05


Tree=37
num_leaves=31
num_cat=0
split_feature=3 13 24 10 14 7 9 3 23 24 29 21 22 19 12 13 28 18 9 22 10 21 19 9 4 4 5 5 20 18
split_gain=8.40037 6.20657 20.8891 104.828 284.92 9.64812 35.06 82.6037 35.4133 25.5092 61.3179 10.6608 26.8232 12.1226 8.22841 10.5046 4.57812 7.13104 11.8514 4.37863 8.32167 4.30644 3.77361 2.28289 2.12873 3.07968 15.5119 22.5137 3.58255 2.96833
threshold=0.48615219757438455 -0.49148731920288874 2.7660138904421969 -0.33923585134435075 -0.34167151915335497 0.12209895023067853 -2.5366060588563664 2.1354552106459397 0.87291903753051792 1.916966964752461 -0.82594429633118727 1.2850565986088707 -0.46979188394551452 -1.2889827878985514 -0.11755492244436554 -0.57943387020920245 -0.94632737634261499 -3.0073998271388769 0.29053013293683366 0.51418816524151179 -1.0074942366886164 -0.20121355967178961 1.1760740401909957 -1.3681809262967277 0.5883974484913318 0.52717914984413328 -1.0533011323410673 -1.1002804587977522 -0.99221579974003127 2.7786210890898873
decision_type=2 2 2 2 2 2 2 2 2 2 2 2 2 2 2 2 2 2 2 2 2 2 2 2 2 2 2 2 2 2
left_child=24 5 16 -4 -5 6 7 -2 -9 11 -11 13 -13 -7 15 -8 17 18 -3 23 -21 -19 -16 -18 25 -1 27 28 -27 -28
right_child=1 2 3 4 -6 9 14 8 -10 10 -12 12 -14 -15 22 -17 19 21 -20 20 -22 -23 -24 -25 -26 26 29 -29 -30 -31
leaf_value=-0.041497918912002801 -0.0075781482557400279 1.0017892732918523 -0.050747788121423922 -20.54780461370877 -0.05003489961147254 0.5469253439150088 0.02928119011123383 1.8033515983071959 0.514807343432368 -1.0672418641745547 0.10097241555367389 1.5909394395540521 0.084629909931420624 -0.048481352302989798 -0.040995949703063674 0.29416949372017076 0.074221049267208641 0.068270979461405243 -0.051003104237233622 0.16216740936175472 -0.028191625454955929 -0.028328281316015388 0.060813567484405306 -0.054263177031033116 -0.060561819638269621 0.41039674048274083 -0.061576478784864774 1.7659206878920466 -0.050139148111134041 0.13147324159418525
leaf_weight=48.70025651951336 0.44812467564332525 0.047495594473730196 0.041548352254855828 0.0024392891141360451 0.0055584338633460212 0.086413621435808774 8.3403780305406059 0.11149024159542298 0.10220195411149424 0.19832924283286335 0.25903441105982938 0.030469945708534896 0.98360898485575765 7.9867539177932612 7.2928720264739475 0.39186455699497003 0.35218438659923634 1.637661100483075 0.06114569993223995 0.70213296588648555 3.1489904162781936 3.9045235277505159 1.0399547151828299 18.838187214273646 15.220170805436849 0.10701050455099903 1.2057326572967202 0.02752611381583836 0.069755340759002138 0.23850748492986884
leaf_count=111192 22 20 66 14 39 45 2434 33 8 39 36 83 449 4739 3955 153 164 1712 24 711 2806 5058 152 33134 28777 3 2568 30 129 13
internal_value=-0.0320288 -0.0178092 -0.0340215 -1.05979 -6.30181 -0.000722652 0.0210996 0.378163 1.18708 -0.0412524 -0.405607 -0.0229143 0.12989 -0.0421082 0.007252 0.0411682 -0.0322502 0.00807992 0.409255 -0.042141 0.00651444 0.000215851 -0.0282899 -0.0519052 -0.0441761 -0.0392228 0.027989 0.435789 0.22866 -0.0296955
internal_weight=121.582 56.0134 28.7419 0.0495461 0.00799772 27.2715 17.7269 0.661817 0.213692 9.54461 0.457364 9.08725 1.01408 8.07317 17.0651 8.73224 28.6923 5.65083 0.108641 23.0415 3.85112 5.54218 8.33283 19.1904 65.569 50.3488 1.64853 0.204292 0.176766 1.44424
internal_count=198608 55896 43748 119 53 12148 6757 63 41 5391 75 5316 532 4784 6694 2587 43629 6814 44 36815 3517 6770 4107 33298 142712 113935 2743 162 132 2581
is_linear=0
shrinkage=0.05


Tree=38
num_leaves=31
num_cat=0
split_feature=3 18 1 24 3 7 9 12 26 9 21 22 28 8 5 8 25 5 25 7 7 4 22 13 4 29 18 26 6 6
split_gain=8.11529 6.09501 122.38 25.6068 67.3922 345.901 868.886 33.4825 32.5853 8.98053 11.4936 24.401 16.4965 7.14018 12.4169 10.9718 5.52568 8.37416 5.08914 4.12201 8.65763 2.09441 2.95923 4.40163 3.70161 2.99145 5.86324 2.84738 2.76648 1.10429
threshold=0.48615219757438455 -2.191397610082054 2.1379613037422156 1.916966964752461 3.2991048220167891 -0.18455540703120027 -0.63233149078281092 -1.3821174922410846 -1.6476001148789534 -1.290400271400381 1.2067997121747993 0.14023313155883776 -1.5339885747568116 0.49519119462875633 2.0792152929249297 0.50693523922389927 -0.50919024531564849 -0.57860070271644404 0.53413738743800121 0.17599576017808349 0.17181470527577677 0.5883974484913318 -0.12171551977377502 -3.9074159136352793 0.57554176897737641 0.82310300098989575 -1.0598809490542564 2.7529616263015506 2.4516057181716353 2.4516057181716353
decision_type=2 2 2 2 2 2 2 2 2 2 2 2 2 2 2 2 2 2 2 2 2 2 2 2 2 2 2 2 2 2
left_child=21 2 13 9 7 -6 -7 -5 -9 10 12 -12 -3 16 15 -15 17 -2 -18 20 -11 22 23 -1 29 28 -27 -26 -25 -24
right_child=1 3 -4 4 5 6 -8 8 -10 19 11 -13 -14 14 -16 -17 18 -19 -20 -21 -22 -23 24 25 27 26 -28 -29 -30 -31
leaf_value=0.10456318643357354 0.61327079652032745 -0.75994115887040214 2.1127631641963651 -1.9210019830340272 -0.050384847059541299 -32.409206746666584 -0.050036798461897493 -1.7983011314628854 -0.089819496510485472 -0.019275688639292896 0.51016993481084416 0.048771411071895317 0.0081141816685022551 0.67696161662270382 0.9359239800248883 -0.021366942831532416 -0.068220594234244342 0.056871853837616421 0.06090489884079453 -0.054808439342974795 0.44393523551848424 -0.060300635243914602 -0.051007491019206555 -0.047243140419666874 -0.050025375665781205 0.12704612845306848 -0.018599511460955363 0.28996656219504291 0.057680434013666251 0.010036277420144719
leaf_weight=0.65831352143521371 0.075133222422664403 0.070660246686882533 0.069844297125454591 0.026724707581750384 0.040876390918554814 0.0030903181759640574 0.0063108026402790146 0.028602619601324819 1.1504641342971975 30.365853445615365 0.36101569207470707 1.3891398331073916 6.5948632019613127 0.068408240855205693 0.050602694987901486 0.31638273221687996 2.9868550082249432 0.67673412738285232 1.0248979334934047 9.9463397616566933 0.10121073501065581 14.539020378576401 30.075419162986055 11.032388176217186 0.10831547883571957 0.81940553727326904 4.409828134089131 0.14272637329122517 0.666169421253472 0.75957925330364062
leaf_count=43 47 55 24 35 45 40 16 50 561 33332 59 138 1034 2 18 252 939 312 103 18569 265 28777 75496 26962 305 992 9351 3 173 610
internal_value=-0.0314071 -0.0174285 0.0337255 -0.0228097 -0.245718 -2.03928 -10.6871 -0.170932 -0.131265 -0.0170757 0.0299137 0.143947 -2.78615e-05 0.00579539 0.199612 0.102782 -0.0119194 0.112472 -0.0352324 -0.0268608 -0.0177369 -0.0436482 -0.0386739 -0.0222825 -0.047947 -0.0272155 0.00422273 0.143272 -0.0412683 -0.0495038
internal_weight=118.565 55.354 5.26886 50.0852 1.25607 0.0502775 0.00940112 1.20579 1.17907 48.8291 8.41568 1.75016 6.66552 5.19901 0.435394 0.384791 4.76362 0.751867 4.01175 40.4134 30.4671 63.2112 48.6721 17.5861 31.086 16.9278 5.22923 0.251042 11.6986 30.835
internal_count=198608 55896 1697 54199 747 101 56 646 611 53452 1286 197 1089 1673 272 254 1401 359 1042 52166 33597 142712 113935 37521 76414 37478 10343 308 27135 76106
is_linear=0
shrinkage=0.05


Tree=39
num_leaves=31
num_cat=0
split_feature=3 13 24 1 29 7 24 23 9 29 18 9 12 0 28 15 17 22 18 14 6 25 4 22 13 25 25 10 4 21
split_gain=7.8197 5.74441 25.3587 139.371 255.393 9.07583 26.1693 108.481 26.0363 94.4024 10.0034 10.7443 7.34605 9.16187 4.35982 4.23821 10.8931 4.08455 8.0303 3.4535 2.66762 2.15546 2.04246 2.93328 4.01668 7.7029 12.9748 6.05859 3.26183 2.35738
threshold=0.48615219757438455 -0.49148731920288874 2.7660138904421969 -4.9028444549746428 -0.16632537740275416 0.12209895023067853 1.916966964752461 0.454862525285952 -2.5366060588563664 -1.4855632152596203 3.283747335452579 -2.5366060588563664 -0.11755492244436554 0.86714524052003628 -0.94632737634261499 0.067776278818139815 -0.77984382272372488 0.51418816524151179 1.4338490881405404 -2.1695011465006719 -4.1861157910569906 -1.7974949068075048 0.5883974484913318 -0.12171551977377502 -0.50121960853596559 -1.0259342497768276 -1.1142377416386635 1.1080958912510039 0.57554176897737641 1.7180620846915275
decision_type=2 2 2 2 2 2 2 2 2 2 2 2 2 2 2 2 2 2 2 2 2 2 2 2 2 2 2 2 2 2
left_child=22 5 14 4 -4 8 10 -8 9 -2 11 -7 13 -10 15 20 -17 21 -19 -14 -3 -16 23 24 25 26 -1 -27 -25 -26
right_child=1 2 3 -5 -6 6 7 -9 12 -11 -12 -13 19 -15 17 16 -18 18 -20 -21 -22 -23 -24 28 29 27 -28 -29 -30 -31
leaf_value=-0.050193032403453991 1.16465549938277 0.072089168475422141 -21.020383149801578 -0.050683551584789946 -0.050025944574759007 0.065550065007665151 -1.6706164056266015 0.070528759003714747 0.056945552609091177 -0.056248931474284308 -0.34156043499984357 -0.051860391880555946 0.16645457502931771 -0.10714939738050529 0.069480976627513583 0.66648659519737274 0.034261886545173592 -0.029127263922287823 0.15468902759477762 -0.032251587049508444 -0.059903509903220936 -0.054033458901574405 -0.060032240312811347 -0.049302154905065426 -0.050424329630502307 -0.033341070702411518 0.38801124107013224 0.088355305871840137 0.12415761738100689 0.032703473447560069
leaf_weight=0.34044340205608759 0.22542857322461696 0.46143580831403452 0.0023843166819109501 0.034519321582946676 0.0037127088387565433 2.9043986515690481 0.12400516539108997 0.32112100075355032 7.8485730393657143 0.53192019369963806 0.23823466153738593 5.9204964936278923 0.22488338389667362 0.95401104714619567 0.36043389551415828 0.069780260853803955 2.8839667527982726 3.2607476070836938 0.72654918845475736 7.9059242994515744 2.2460501261179657 17.648645783047268 13.89023252819308 29.449350827500588 8.9422884781902798 5.3343132848386334 0.33528806996946503 1.2653090586710547 0.27353929667879029 0.94277251956734964
leaf_count=699 21 31 26 71 22 185 62 13 2285 42 48 5083 123 302 277 129 2807 2929 588 3984 3847 33021 28777 76106 26417 8310 143 612 308 1340
internal_value=-0.0308364 -0.0171579 -0.0331855 -1.28162 -8.25074 -0.000836189 -0.0402328 -0.414527 0.0203384 0.307159 -0.0218498 -0.0132189 0.00751024 0.0391612 -0.0313522 0.00777852 0.0491978 -0.0414233 0.004367 -0.0267557 -0.037408 -0.0515614 -0.0431922 -0.0382029 -0.0217433 0.00645367 0.167238 -0.0100089 -0.0477058 -0.0424961
internal_weight=115.671 54.8972 27.6982 0.0406163 0.00609703 27.199 9.50826 0.445126 17.6907 0.757349 9.06313 8.8249 16.9334 8.80258 27.6576 5.66123 2.95375 21.9964 3.9873 8.13081 2.70749 18.0091 60.7735 46.8833 17.1604 7.27535 0.675731 6.59962 29.7229 9.88506
internal_count=198608 55896 43748 119 48 12148 5391 75 6757 63 5316 5268 6694 2587 43629 6814 2936 36815 3517 4107 3878 33298 142712 113935 37521 9764 842 8922 76414 27757
is_linear=0
shrinkage=0.05


Tree=40
num_leaves=31
num_cat=0
split_feature=3 7 21 11 17 11 9 27 24 0 4 18 24 11 23 28 12 16 28 29 28 29 23 16 18 12 18 26 24 24
split_gain=7.59108 5.50893 35.1472 268.678 407.437 22.1607 83.0316 92.0145 15.0967 76.9982 7.42409 205.346 7.01082 11.3858 43.8732 5.63125 5.00899 5.51128 3.70636 2.06286 4.44148 6.78234 6.46842 6.04872 4.06408 6.15013 2.70669 1.22096 1.02721 0.945711
threshold=0.48615219757438455 0.12209895023067853 -2.128132128403581 -0.50598629414556984 -0.16385436524616948 -3.2946583790412771 -2.5366060588563664 -0.6055056419048005 1.916966964752461 -0.86206119836778206 -1.5496762086774483 3.283747335452579 2.7660138904421969 -0.235394036085873 -0.084581548570772977 -1.1972074569515099 -0.7358088745306729 -0.16608838991423894 1.4598908066522018 0.82310300098989575 0.15268498555693691 0.98800773072200399 -0.39367087394112005 0.90122592834491844 -1.0598809490542564 -0.97819179919418742 2.7786210890898873 -0.027508931736064089 2.7660138904421969 2.3595699347662005
decision_type=2 2 2 2 2 2 2 2 2 2 2 2 2 2 2 2 2 2 2 2 2 2 2 2 2 2 2 2 2 2
left_child=19 5 3 4 -3 6 7 -2 10 -10 15 -12 16 14 -14 -4 17 -7 -18 28 -21 22 23 -22 25 -23 -26 -8 29 -1
right_child=1 2 8 -5 -6 12 27 -9 9 -11 11 -13 13 -15 -16 -17 18 -19 -20 20 21 24 -24 -25 26 -27 -28 -29 -30 -31
leaf_value=-0.047927489849921727 0.054512844437784896 -35.590830273389059 0.25367695204625856 -0.050179295851681453 -0.050015918478304527 -0.052806031415999002 0.057611312165351994 1.8912423218611474 0.092381440220028685 -1.520480551305432 -0.03863333438328001 -5.1681153829171995 -2.9920417046472894 -0.10616259796215824 -0.052150843381757211 0.018934649217204825 -0.032466187459608602 0.038221108123057256 0.01668168537741917 -0.053079407561923309 0.12435387210476923 0.16258998929612212 -0.050030150948951801 0.57604214618506544 -0.054705685305690213 -0.05162759114359964 0.11067909505438329 -0.040452437248334097 -0.08796068338329821 0.022589194449888796
leaf_weight=39.892896380804181 0.13663901227816258 0.0014068333548493686 0.28229167709236547 0.025526333955187566 0.001889370187864155 2.1106498997020537 0.64843953259696696 0.1361128092885506 0.26783841431781796 0.10224844894077334 13.499977444574107 0.019539261560640564 0.016997623193009771 0.53635600571156283 0.050081064746884472 2.6902112839762244 20.088539961619354 7.8374537275039007 4.7413851780662091 8.4327330384142947 1.0617680533875953 0.64965020563977305 0.57275503344134993 0.079680612582591404 4.6949818965176222 0.6918926955434006 0.26115380369553243 0.62176778262084342 1.5979791628164424 0.48119567595068602
leaf_count=106319 25 28 102 93 18 2760 65 25 124 26 22646 62 35 98 35 661 22575 3949 2516 21312 676 244 1589 96 9985 1467 52 53 446 526
internal_value=-0.030281 -0.0167329 -0.0403856 -1.78491 -15.219 -0.00591308 0.179575 0.971106 -0.0374037 -0.353224 -0.0303166 -0.0460468 -0.0140021 -0.18297 -0.797114 0.0412276 -0.0110703 0.0189082 -0.0230812 -0.042762 -0.0277512 -0.00109247 0.0870838 0.155885 -0.0250937 0.0521086 -0.0459911 0.00960901 -0.0486432 -0.047087
internal_weight=112.232 53.8154 16.8909 0.0288225 0.0032962 36.9244 1.54296 0.272752 16.8621 0.370087 16.492 13.5195 35.3815 0.603435 0.0670787 2.9725 34.778 9.9481 24.8299 58.4167 16.4446 8.01188 1.7142 1.14145 6.29768 1.34154 4.95614 1.27021 41.9721 40.3741
internal_count=198608 55896 23760 139 46 32136 168 50 23621 150 23471 22708 31968 168 70 763 31800 6709 25091 142712 35421 14109 2361 772 11748 1711 10037 118 107291 106845
is_linear=0
shrinkage=0.05


Tree=41
num_leaves=31
num_cat=0
split_feature=13 24 5 6 8 21 17 22 1 18 0 8 1 7 6 8 18 18 8 8 12 29 25 9 6 24 4 2 17 6
split_gain=7.42525 8.92115 198.837 265.164 6.27595 12.3265 73.1445 118.02 9.04552 43.76 9.8283 7.84937 59.9346 7.96169 4.67699 3.45136 3.8822 3.29014 6.11838 6.73248 2.95181 2.89163 2.73141 10.1751 1.80101 0.302542 0.108477 0.0590513 0.0586303 0.077253
threshold=-0.49148731920288874 2.7660138904421969 2.7802042909272244 -0.78036060673346352 1.093526220671903 -2.5379325835587596 -0.18091010082030842 0.6902572452671919 2.1379613037422156 -1.3416399576507272 -0.94901862955376237 0.86133654070326648 1.3410606024845306 0.54820167569678457 1.089155789148629 -0.48943956912034187 0.59684274960568839 -1.9266383256698467 0.4348605445371086 0.50693523922389927 -1.4897184209698888 0.16348408206146242 2.7651104191903042 1.5478203050074728 -2.2225653003597254 2.7660138904421969 1.4395781395664982 -2.9865825183719816 2.2952429588559533 -1.8785297122085172
decision_type=2 2 2 2 2 2 2 2 2 2 2 2 2 2 2 2 2 2 2 2 2 2 2 2 2 2 2 2 2 2
left_child=4 14 -3 -4 5 6 7 -1 11 -10 -11 13 -13 -7 17 -16 20 18 -2 -20 -17 -18 24 -24 -19 26 28 -8 -6 -30
right_child=1 2 3 -5 25 8 27 -9 9 10 -12 12 -14 -15 15 16 21 22 19 -21 -22 -23 23 -25 -26 -27 -28 -29 29 -31
leaf_value=-10.137247053574681 -0.051397286238432406 -0.050233955010316293 -0.050012813033536635 -23.677058018986035 -0.054329639517639472 -0.0094625121180056115 0.051008148001367597 -0.04190198025659992 0.90036330762398598 0.098175404272089095 -0.16893948524372188 0.061621243681750232 3.1901169820679089 -0.092412210909225523 -0.050742252972749563 0.076671568607952656 0.035088338033654035 -0.076772760162880579 0.30951373001708982 0.029641074090123665 -0.050219663323018165 0.17321281201317509 -0.050252360207031256 0.60261776443277215 -0.045456228997847604 -0.08971219157260929 -0.072867197468922257 -0.050342782604032077 0.051621719415020785 -0.050953135018714103
leaf_weight=0.0049567662354093045 1.9466550196388461 0.11238497053809872 0.0027059161156319789 0.0021162187094110182 4.6851277945471175 33.385490510904312 0.01937374658882618 0.0069601888826582581 0.15664762320872139 1.3285169010853619 0.46486671204911556 1.9287752549634465 0.015431468564656714 3.16721246862756 1.9707971728216627 0.65441096897120532 0.93943234501956829 5.0802417502278621 0.27310349087201746 1.0078942385698608 1.5294930461791332 0.63506484948447905 0.27501203989231626 0.076219582173507661 47.675569805329765 0.7850825752869327 0.86502101298046863 0.055666935890413494 0.030428448691964149 0.046264897177024866
leaf_count=24 3611 423 14 28 5380 32701 1 18 32 213 21 2439 56 3189 3174 232 729 1642 85 820 2962 201 544 5 139449 158 354 60 1 42
internal_value=-0.0296811 -0.0410136 -0.47682 -10.4189 -0.0146707 -0.0073997 -0.602061 -4.24098 -0.00612123 0.0989385 0.028936 -0.0114429 0.0864526 -0.0166499 -0.0401906 0.00284959 0.0309516 -0.0445678 0.00444644 0.0893088 -0.0121965 0.0908001 -0.0475467 0.0914248 -0.0484719 -0.0606356 -0.0565787 -0.0241763 -0.0536198 -0.0102561
internal_weight=109.127 62.1811 0.117207 0.00482213 46.9458 40.5339 0.0869576 0.011917 40.4469 1.95003 1.79338 38.4969 1.94421 36.5527 62.0639 5.7292 3.7584 56.3347 3.22765 1.281 2.1839 1.5745 53.107 0.351232 52.7558 6.41192 5.62684 0.0750407 4.76182 0.0766933
internal_count=198608 153919 465 42 44689 38754 103 42 38651 266 234 38385 2495 35890 153454 7298 4124 146156 4516 905 3194 930 141640 549 141091 5935 5777 61 5423 43
is_linear=0
shrinkage=0.05


Tree=42
num_leaves=31
num_cat=0
split_feature=3 0 24 24 11 11 21 8 15 20 1 22 2 3 11 2 28 19 11 17 29 28 29 23 18 12 18 18 2 0
split_gain=7.42143 5.51115 57.8942 11.3762 50.845 151.079 8.84509 31.8781 151.857 10.3485 9.30287 773.781 8.84077 12.5378 76.4932 8.96917 68.1272 7.28734 6.38366 2.60239 2.01275 4.29894 5.71242 4.82738 3.75281 5.02516 3.32965 2.56298 1.09058 2.51946
threshold=0.48615219757438455 -1.4722043248936549 2.7660138904421969 2.7660138904421969 -0.19606007013282531 -1.2236310133508781 1.2645319316815706 -2.0441030720438564 -0.93261329408190796 0.81508089726867039 1.3410606024845306 -0.93452706799294505 -2.9865825183719816 0.83678368518183321 -1.8960827566334892 -2.3693439412189554 -0.24449638799046705 -1.2889827878985514 -3.2946583790412771 2.0986180591278187 0.82310300098989575 0.15268498555693691 0.98800773072200399 -0.39367087394112005 -1.0598809490542564 -0.97819179919418742 1.4655934130874122 2.7786210890898873 -2.1983436038647186 -0.92647100126158721
decision_type=2 2 2 2 2 2 2 2 2 2 2 2 2 2 2 2 2 2 2 2 2 2 2 2 2 2 2 2 2 2
left_child=20 3 6 12 5 -5 10 8 -8 -9 17 -12 13 14 -2 16 -14 -3 -15 -17 28 -22 23 26 25 -24 -23 -26 29 -1
right_child=1 2 -4 4 -6 -7 7 9 -10 -11 11 -13 15 18 -16 19 -18 -19 -20 -21 21 22 24 -25 27 -27 -28 -29 -30 -31
leaf_value=-0.063909896815934869 4.4748414601983306 0.10079965632989821 0.89718059806077832 -5.3507727511176881 -0.099015681173308417 -0.052042623519833568 9.3335953550567279 -0.0064105423275469062 -0.050091003255368687 0.16325179854420668 -38.843471140139066 -0.089670872798687365 -2.028959116947505 0.10095633868323353 -0.05019356113914232 -0.058446170036535156 -0.073139569651140504 -0.016890673040088879 -0.056973878362443942 0.095513176686828544 -0.052802638175275245 0.085787354772762822 0.14237952874859552 -0.050028068684503747 -0.054522151828481025 -0.051581096304826358 0.2771957295457832 0.10537770969248428 -0.050092558570134643 0.037442491514113656
leaf_weight=1.2889143426675698 0.011259945174970198 1.3680589930299962 0.17597276438409792 0.018868404695681414 0.5321057115253538 0.046865608848003719 0.005328404000108952 2.9280324458246265 0.022591582665131806 1.2968336249406367 0.001288644274702099 2.7468270402925361 0.049672608382867856 1.3085007487777813 0.054755968846624703 5.527303593944457 0.42964055016804253 34.111776099109491 1.2521443820708698 0.28881485101026871 7.8463946747566107 0.98634591472172972 0.69939155298925471 0.5258762464218284 4.3522198648897232 0.63907060029578111 0.2952049617015291 0.26591636726488932 36.715534652650454 1.1695552089113088
leaf_count=761 3 193 57 38 104 39 14 3317 72 136 8 975 46 162 106 2562 136 47377 447 104 21312 707 244 1589 9985 1467 65 52 105276 1254
internal_value=-0.0290308 -0.0155352 -0.00785845 -0.0499329 -0.261084 -1.573 -0.0116075 0.0567961 1.74074 0.0456678 -0.0192173 -0.107843 -0.0357844 0.0412691 0.721615 -0.0679336 -0.275827 -0.0123527 0.0237291 -0.0508009 -0.0418839 -0.026702 -0.000324402 0.077534 -0.0239492 0.0497699 0.129878 -0.045315 -0.0479338 -0.015694
internal_weight=106.961 52.1766 42.6567 9.51993 0.59784 0.065734 42.4807 4.25279 0.02792 4.22487 38.228 2.74812 8.92209 2.62666 0.0660159 6.29543 0.479313 35.4798 2.56065 5.81612 54.7844 15.6104 7.76403 1.80743 5.9566 1.33846 1.28155 4.61814 39.174 2.45847
internal_count=198608 55896 52149 3747 181 77 52092 3539 86 3453 48553 983 3566 718 109 2848 182 47570 609 2666 142712 35421 14109 2361 11748 1711 772 10037 107291 2015
is_linear=0
shrinkage=0.05


Tree=43
num_leaves=31
num_cat=0
split_feature=18 5 9 24 3 28 26 14 12 7 12 13 20 8 21 26 5 18 20 10 3 3 8 25 17 6 8 28 14 0
split_gain=10.8949 89.9454 248.03 16.8544 114.417 526.881 39.8369 93.7517 18.8721 152.907 15.9938 9.84293 6.55147 10.0802 117.369 6.46266 956.144 9.09964 4.41966 5.76328 5.08401 5.74089 4.32441 14.8401 5.22011 4.91758 3.29153 3.23772 2.90282 1.48615
threshold=-2.191397610082054 -1.5596358989794232 -2.0607210003385319 1.916966964752461 3.2991048220167891 0.36852175598379283 -3.5480525807114893 0.47369472599354318 -1.6164980071471124 -0.022949371844654665 1.6942313922625443 -0.49148731920288874 -0.065509963326653917 -2.1310549807509429 0.80695195549288601 -2.3805485318847128 -1.3575345130014977 3.283747335452579 -0.1347723348604509 -0.12448693418732017 1.1317222463367005 1.1966580483394746 -2.0441030720438564 0.95223843596647273 -0.35216310644722748 1.089155789148629 -0.48943956912034187 -1.3229136967487733 -0.51404197396694495 1.0513550758883203
decision_type=2 2 2 2 2 2 2 2 2 2 2 2 2 2 2 2 2 2 2 2 2 2 2 2 2 2 2 2 2 2
left_child=1 2 -1 11 6 -6 7 -5 9 -8 -10 12 13 14 -2 16 -14 -17 -3 29 -21 -22 23 -13 -25 27 -27 -24 -15 -20
right_child=3 18 -4 4 5 -7 8 -9 10 -11 -12 22 15 28 -16 17 -18 -19 19 20 21 -23 25 24 -26 26 -28 -29 -30 -31
leaf_value=3.35576696591357 -0.049952808513345687 -0.058233470858648773 -0.0092403189512285464 -6.8338358285434229 -16.222603460919604 -0.050271429124025949 -0.050055291351070598 -0.050115156220782546 -0.072643496729695931 -8.7190656760209198 -0.90613465593851661 -0.051259900518552816 48.04196904718065 -0.0045477423798728359 6.2599866813433298 0.0056383959070478483 0.075915670671697008 -0.27565061748839914 -0.061288171712228279 -0.050229416084993928 0.35876047494410757 0.090688293028903744 -0.01232579223674087 -0.8623897403183558 -0.33461666902751658 -0.051246061840791494 0.032999623346268651 -0.050201046282607346 -0.048373142660960759 0.067300843947726049
leaf_weight=0.075674307532554386 0.087921267259731969 2.4149733993774487 0.19815341584456975 0.0073705223150443136 0.0061833148231313145 0.027148119491765065 0.043077692134488643 0.016483168053141206 3.9229201709886685 0.0057676429855429969 0.058412791692035504 1.416577758467231 0.0010396742223887081 5.4583535809325392 0.0080437830289536577 19.142718794005713 1.4959596513111184 0.29189797132278528 1.3561148211607652 0.49610901985471723 0.23972269566729654 1.1967582460544712 6.5137798150783075 0.057191046172346327 0.25915418633554771 1.7171266712505842 3.5697953250219117 42.181036366977978 12.276537773056781 0.26931852713460114
leaf_count=10 202 950 75 23 33 68 109 37 2560 30 142 2169 21 7627 30 20416 504 112 1154 1298 17 364 17168 14 74 2678 3884 122894 13898 47
internal_value=-0.0294386 0.0345951 0.920704 -0.033497 -0.132902 -3.0504 -0.108915 -2.14621 -0.0968566 -1.07369 -0.0848722 -0.0291964 -0.00984789 -0.0321194 0.478946 0.00912434 0.109228 0.00141358 -0.00602796 0.029406 0.087766 0.135425 -0.0426578 -0.120405 -0.430031 -0.040162 0.00563767 -0.0451346 -0.0348848 -0.0399822
internal_weight=104.811 6.24682 0.273828 98.5645 4.08736 0.0333314 4.05403 0.0238537 4.03018 0.0488453 3.98133 94.4771 38.7625 17.8309 0.0959651 20.9316 1.497 19.4346 5.973 3.55802 1.93259 1.43648 55.7147 1.73292 0.316345 53.9817 5.28692 48.6948 17.7349 1.62543
internal_count=198608 3915 85 194693 3002 101 2901 60 2841 139 2702 191691 42810 21757 232 21053 525 20528 3830 2880 1679 381 148881 2257 88 146624 6562 140062 21525 1201
is_linear=0
shrinkage=0.05


Tree=44
num_leaves=31
num_cat=0
split_feature=9 4 24 24 24 18 21 10 1 21 5 17 25 4 8 3 28 6 11 26 5 29 21 6 20 5 3 27 11 4
split_gain=11.4262 118.908 45.9919 12.1497 16.9581 9.17097 14.0489 11.6683 7.26294 9.59058 204.454 754.24 10.0302 5.58158 10.2136 6.02859 5.50701 6.01455 5.46025 3.76618 80.1012 3.342 2.73778 2.24561 2.8287 2.72397 1.49808 2.31746 1.04945 0.240872
threshold=-2.5366060588563664 1.2157825533869 1.916966964752461 -1.8470163421329315 -2.6613872950373758 1.5794242446269187 0.59342932766061984 2.6016881451477079 0.93403692656948289 0.8897894822888518 -1.3575345130014977 0.18805397983913197 0.95223843596647273 1.7740313321589101 -2.0441030720438564 0.48615219757438455 -0.61973826440863855 0.66364803216255852 -0.35394154724249033 -2.3805485318847128 -2.3827505000994074 1.6476266496504373 -1.3666122778523591 2.4516057181716353 -0.83344785969734947 0.53773136599234894 3.2991048220167891 0.46308483340201595 -3.2946583790412771 -0.5632756084351781
decision_type=2 2 2 2 2 2 2 2 2 2 2 2 2 2 2 2 2 2 2 2 2 2 2 2 2 2 2 2 2 2
left_child=1 2 3 4 -1 7 -7 -5 13 26 11 -11 -12 15 -15 23 18 -18 -17 20 -16 -14 -21 24 -2 -25 28 -28 29 -10
right_child=8 -3 -4 5 -6 6 -8 -9 9 10 12 -13 21 14 19 16 17 -19 -20 22 -22 -23 -24 25 -26 -27 27 -29 -30 -31
leaf_value=0.075408080440562825 0.018882952881447569 1.2506332792052237 -0.62967628548631704 -0.0086567419896128352 0.6917723866878368 -0.0099503525377214672 -0.34718229906821652 0.18673448983650717 0.067930197277041748 -0.050011618361055811 -0.062923119735260394 -24.186662052394354 -0.25279995196784372 -0.67684674008484313 -4.2674369925598192 0.061224624516216186 -0.037471764550956597 0.016292427190822505 -0.011744816649711075 0.033328671173960121 -0.080207040838267574 -0.60977294373956537 -0.071713252904341565 0.078928329491127353 -0.043458859581368969 -0.057652097903793456 -0.061050278973720645 0.076162548693633383 -0.057125925130914836 -0.016426861037262968
leaf_weight=0.39331099853226303 1.9137435029922603 0.1949930869955433 0.27984023739583275 2.7258884346231538 0.15579964207261865 1.2129890826145402 0.41432448451495929 1.0616734065575744 0.19659173612080849 0.014793945636484174 1.9905441484811683 0.0041430774363107039 0.50512187936597941 0.069678872179045004 0.011856771923219267 4.6267171298377425 18.502225255465213 7.2362929258677609 5.7496963475426446 0.71119343705522986 0.31116273688108104 0.075345532255596481 4.8544570820888993 0.87475797902892871 36.974590774207812 0.62653102013545758 0.64510140390700843 0.58840700907603605 9.5535929278164193 0.14857541078890868
leaf_count=46 3225 33 117 349 26 69 57 89 3 68 2062 19 233 52 15 2467 31693 5790 8924 763 166 3 5604 195 124813 559 66 23 11031 48
internal_value=-0.0297207 0.0347627 -0.00320863 0.0261863 0.25029 0.00346046 -0.0958118 0.0461124 -0.0340373 -0.0677186 -0.15438 -5.33067 -0.116254 -0.0284326 -0.0750448 -0.0248023 -0.00995916 -0.0223562 0.0207914 -0.0679239 -0.233904 -0.299136 -0.0582907 -0.0380745 -0.0403909 0.0219294 -0.0475566 0.00440285 -0.0540314 0.0316191
internal_weight=102.624 6.43882 6.24383 5.96399 0.549111 5.41488 1.62731 3.78756 96.1851 13.7222 2.58995 0.018937 2.57101 82.4629 5.95835 76.5046 36.1149 25.7385 10.3764 5.88867 0.32302 0.580467 5.56565 40.3896 38.8883 1.50129 11.1323 1.23351 9.89876 0.345167
internal_count=198608 786 753 636 72 564 126 438 197822 13556 2385 87 2298 184266 6600 177666 48874 37483 11391 6548 181 236 6367 128792 128038 754 11171 89 11082 51
is_linear=0
shrinkage=0.05


Tree=45
num_leaves=31
num_cat=0
split_feature=18 5 11 24 22 8 12 11 26 9 12 16 5 1 21 9 22 28 25 26 21 5 13 6 12 20 20 20 22 15
split_gain=10.6623 141.634 738.133 11.4075 50.9706 180.979 35.6161 292.499 31.0291 282.294 27.449 8.4786 8.15062 6.95434 6.63554 15.751 14.1412 7.2032 62.3386 7.13034 5.72284 183.289 5.32852 5.82705 5.43815 4.06 5.19767 4.18198 3.2701 0.525324
threshold=-2.191397610082054 -1.7891778384094923 -1.7860417399945923 1.916966964752461 -1.7211211237565862 -0.56518500968587049 1.6456775078870121 -2.6839861699909777 -1.6476001148789534 -1.0066819171892623 -1.6164980071471124 -1.8632890144386625 -1.5596358989794232 0.93403692656948289 1.2067997121747993 -2.5366060588563664 0.16024341475974568 -1.2986123793480266 -0.55696747734761509 -1.1852659040292879 0.8897894822888518 -1.3575345130014977 -0.50121960853596559 1.089155789148629 -0.80823663432347315 -0.1347723348604509 0.038340249095933768 0.034444328211538672 -0.032389180446430417 -2.6130763050215537
decision_type=2 2 2 2 2 2 2 2 2 2 2 2 2 2 2 2 2 2 2 2 2 2 2 2 2 2 2 2 2 2
left_child=1 2 -1 11 5 -5 8 -8 9 -6 -10 14 -3 22 17 16 -16 18 -2 -19 29 -22 24 -24 -13 -14 27 -27 -28 -15
right_child=3 12 -4 4 6 -7 7 -9 10 -11 -12 13 25 20 15 -17 -18 19 -20 -21 21 -23 23 -25 -26 26 28 -29 -30 -31
leaf_value=11.065511186749958 0.05007933931253631 0.39439964990583642 -0.053573168068023605 -11.76333044770991 -15.784735796327787 -0.050057720835223585 -16.547898618691189 -0.050061745872392316 -1.467144591406466 -0.050065751679851583 -0.066416864393555444 0.030445654778257714 -0.057821862291945719 0.050973251885578309 0.43190424543180922 -0.062789470465941716 0.077043964101019977 0.13924113076058153 -1.0969446896517294 -0.012069467507525631 -4.7732020004020699 -0.099786073412301154 -0.044832884226235437 0.010931693422960425 -0.023761277274175194 0.093039829170756871 0.051676771739841747 0.43246894740364578 -0.05966166317567026 -0.054220948658835311
leaf_weight=0.018021499207359515 0.70531514563613862 0.13021929972176316 0.086888601003698773 0.0042686478253774829 0.003177685435495548 0.014498145727916875 0.0030306956766992825 0.023666650097379723 0.035282939566109728 0.027687570594347365 4.0093154178913384 6.2150324230770932 2.2683096673120526 0.12062610821522213 0.46177413738269368 0.88722795869341586 0.71612643262321984 0.94177987777731953 0.14236403931508301 4.4934454781858193 0.021172659581873865 2.3070648614299643 42.393522044945847 5.2665576484412489 18.105552038926952 0.79663369418224439 1.2421386939705721 0.10241107078036293 1.4059739505426447 7.3627294774340166
leaf_count=11 22 21 53 32 35 46 12 159 136 125 2457 5743 950 21 27 76 35 116 120 260 88 2317 134027 6299 32220 643 933 18 1286 10320
internal_value=-0.0290256 0.0353152 1.85647 -0.0331556 -0.114506 -2.71433 -0.102612 -1.9229 -0.0906882 -1.67 -0.0786361 -0.0294365 0.00318143 -0.0343355 0.0185629 0.0963169 0.21616 -0.00699402 -0.142558 0.0141486 -0.0738249 -0.142285 -0.0289528 -0.0386708 -0.0099089 -0.00557868 0.0278294 0.131705 -0.00743663 -0.0525253
internal_weight=100.312 6.0506 0.10491 94.2612 4.12093 0.0187668 4.10216 0.0266973 4.07546 0.0308653 4.0446 90.1403 5.94569 81.7923 8.34803 2.06513 1.1779 6.2829 0.847679 5.43523 9.81159 2.32824 71.9807 47.6601 24.3206 5.81547 3.54716 0.899045 2.64811 7.48336
internal_count=198608 3915 64 194693 3002 78 2924 171 2753 160 2593 191691 3851 191035 656 138 62 518 142 376 12746 2405 178289 140326 37963 3830 2880 661 2219 10341
is_linear=0
shrinkage=0.05


Tree=46
num_leaves=31
num_cat=0
split_feature=1 18 9 3 13 13 11 8 7 24 9 26 10 8 25 16 26 23 25 3 18 5 11 25 6 11 23 26 10 18
split_gain=8.63828 26.0941 59.5749 7.01166 7.44782 14.7666 143.187 10.212 8.24983 37.7122 16.4956 6.65835 52.1627 173.428 5.32141 4.83805 259.071 307.814 3.90983 4.56985 4.26074 2.8094 13.5181 2.69464 2.27541 2.22374 2.21196 1.31393 0.380843 0.126585
threshold=-3.4905747586158653 -2.4715776704482724 0.90897815227563428 0.48615219757438455 -0.013051465048227405 -0.019644916424919303 1.0992047704170165 -2.0441030720438564 0.12209895023067853 1.916966964752461 -2.5366060588563664 -2.3805485318847128 1.1210724257610021 0.67117982513006125 0.95223843596647273 2.5229466155712399 -2.3805485318847128 -0.30064529027881043 2.7651104191903042 1.9758806009868362 -1.9266383256698467 -1.7891778384094923 -3.2946583790412771 -1.7974949068075048 2.4516057181716353 -2.830976474373657 -0.39367087394112005 -1.0376604920081141 2.6016881451477079 1.9368339940312309
decision_type=2 2 2 2 2 2 2 2 2 2 2 2 2 2 2 2 2 2 2 2 2 2 2 2 2 2 2 2 2 2
left_child=1 2 -1 15 5 8 -7 14 10 -10 -5 12 13 -3 28 21 17 -17 20 -20 -9 22 -2 -13 25 -23 -26 -16 -6 -25
right_child=3 11 -4 4 7 6 -8 18 9 -11 -12 23 -14 -15 27 16 -18 -19 19 -21 -22 24 -24 29 26 -27 -28 -29 -30 -31
leaf_value=-0.050440744213995962 -0.92217347875645239 -5.8914491019138886 -2.3729861604341709 0.21861001569220595 -0.060374824764108159 -0.05001836693523494 7.9432199984875655 0.033136430052725006 -0.022410851304644056 -0.61734804847395452 0.0067011239077149386 0.094284411000105817 -0.060306985867337681 -0.050627738205007301 -0.35580647415929817 -14.319761845228204 -0.062399852403690406 -0.05019915954115485 -0.050448676146410389 0.41413931690247185 -0.043420992606198819 0.015738374217909124 -0.075996925305699986 -0.05886605775722651 0.070872776098989093 -0.042656067407384826 -0.053401562180361899 -0.21552334217249222 0.054277528077679826 -0.081328794019336431
leaf_weight=0.083461821641917289 0.051301301136845945 0.017119620651795765 0.041260028549004346 0.96549875259860485 0.28541300267266723 0.053704091162212531 0.0062552856907132073 2.0830723726686466 9.577530785147756 0.2739862233882836 18.807542003008297 0.28338287422242059 0.47791540576861496 0.049329854531481775 0.24158471295239925 0.0070075803714644289 1.3612554559058043 0.0082034656926593952 0.10552016374276618 0.10620389139512554 14.24964796573575 1.6965626972713597 0.59026416430274387 1.5231840636138798 0.91425055742130756 41.772866434312654 0.58856418797132504 0.54005714099382085 0.097062044507765677 1.0662122111101897
leaf_count=66 2 39 3 63 255 169 21 1470 10168 71 12612 56 88 27 5 21 475 20 105 3 29816 1366 505 1196 242 138957 617 66 3 101
internal_value=-0.0317454 -0.108405 -0.818777 -0.0288686 -0.0152986 1.06051e-05 0.783879 -0.0409612 -0.00157593 -0.038957 0.0170484 -0.0824775 -0.242812 -1.55542 -0.184102 -0.0425549 -0.134911 -6.62405 -0.0308894 0.182595 -0.0336569 -0.0397679 -0.143659 -0.0520955 -0.0382858 -0.040377 0.0222018 -0.258881 -0.0312791 -0.0681153
internal_weight=97.9252 3.54187 0.124722 94.3834 47.3931 29.6845 0.0599594 17.7086 29.6246 9.85152 19.773 3.41714 0.544365 0.0664495 1.16412 46.9903 1.37647 0.015211 16.5444 0.211724 16.3327 45.6138 0.641565 2.87278 44.9722 43.4694 1.50281 0.781642 0.382475 2.5894
internal_count=198608 1576 69 197032 54827 23104 190 31723 22914 10239 12675 1507 154 66 329 142205 516 41 31394 108 31286 141689 507 1353 141182 140323 859 71 258 1297
is_linear=0
shrinkage=0.05


Tree=47
num_leaves=31
num_cat=0
split_feature=13 24 8 4 12 2 12 15 13 27 12 8 8 9 21 8 6 25 18 18 18 26 14 28 26 10 14 2 8 20
split_gain=11.23 14.7009 483.177 493.612 8.79672 247.983 16.9936 93.0311 12.0821 6.19865 30.977 5.77992 12.8715 142.297 9.78671 4.7449 5.72149 5.52309 4.35416 3.10313 2.64798 1.79512 1.00015 0.810377 0.533226 0.430556 0.142629 0.00706832 1.28728e-07 6.39903e-08
threshold=-0.50121960853596559 2.7660138904421969 -1.9613041373335882 0.17028401498336793 -1.825336033404567 -2.5850591075142884 -1.7768724656004034 1.1089256200296072 -0.54420433695144332 2.9996133201763011 1.5664871097304682 1.0280955108409571 0.97122983685133868 -1.3316176775407014 -2.5379325835587596 -2.0441030720438564 1.089155789148629 0.95223843596647273 -2.6650283301383602 0.59684274960568839 -1.7982776963602911 1.5923106108458189 -2.5810700781294806 -1.5736545141145453 -0.33368533044045162 2.6016881451477079 1.9503106407740198 0.58387092375284166 -1.8901669721195391 0.5104662807821595
decision_type=2 2 2 2 2 2 2 2 2 2 2 2 2 2 2 2 2 2 2 2 2 2 2 2 2 2 2 2 2 2
left_child=4 9 3 -3 5 -1 7 29 21 15 26 12 14 -14 -8 17 20 25 -13 -18 -17 23 -20 -7 -19 -2 27 -11 -4 -6
right_child=1 2 28 -5 6 8 11 -9 -10 10 -12 18 13 -15 -16 16 19 24 22 -21 -22 -23 -24 -25 -26 -27 -28 -29 -30 -31
leaf_value=6.3936005511954894 -0.057783808232160921 -49.618023450303134 -0.050277155815539758 -0.050015914535823429 -0.050036650285329512 0.045539866678410673 -0.51409982410779331 -5.5131972308723682 0.69636737462248843 -0.05579825685668624 -1.0513203878908781 -0.35037509786763338 3.8919387537009058 0.047628946326535929 -0.010955547959512577 -0.0053073294007321675 -0.025963962637073176 -0.24620396658557284 0.047344883764769502 0.048890895688228554 -0.050124558960420874 0.088140307225396064 -0.058909291340082021 -0.059715850020207586 -0.16949991081237595 0.054055658581005167 -0.10984748815877532 -0.068021686690969654 -0.050039179397642568 -0.050174188928471267
leaf_weight=0.015517860246931359 1.201011166449893 0.0010087149933437171 0.006273181170424586 0.0010003340489844912 0.043604097329072 0.2493687957493369 0.096914664097190406 0.0091041055711684749 0.066859025697333263 0.1689025672357668 0.090957713628189829 0.12728562669758492 0.025367070571519434 0.47122159938430641 35.091807308408058 3.554883382320404 3.2110550245994647 0.48681438019390921 0.2301356392046453 2.4339985197713592 45.227996411261039 0.46995175211440454 5.8817577988622398 0.68571693633238495 0.4238448438891258 0.092697653031791449 0.24822726529237116 0.39451643592245134 0.060357478808117669 0.010491561843082309
leaf_count=24 2283 33 6 17 100 44 95 17 49 191 28 36 36 579 35944 5616 5316 36 112 1796 138875 30 6062 768 71 3 4 16 412 9
internal_value=-0.0327224 -0.047201 -0.778501 -24.9374 -0.0135386 0.105958 -0.0177718 -0.837043 0.0396687 -0.0463286 -0.176326 -0.0165368 -0.008774 0.244007 -0.0123413 -0.0442567 -0.0413441 -0.116172 -0.0609362 0.00631148 -0.0468587 0.00841952 -0.0549084 -0.0316462 -0.210504 -0.0497702 -0.0782697 -0.0643573 -0.0500616 -0.0500633
internal_weight=101.079 57.6035 0.0686397 0.00200905 43.4751 1.48741 41.9877 0.0631998 1.4719 57.5349 0.902604 41.9245 35.6853 0.496589 35.1887 56.6323 54.4279 2.20437 6.23918 5.64505 48.7829 1.40504 6.11189 0.935086 0.910659 1.29371 0.811646 0.563419 0.0666307 0.0540957
internal_count=198608 154703 468 50 43905 915 42990 126 891 154235 239 42864 36654 615 36039 153996 151603 2393 6210 7112 144491 842 6174 812 107 2286 211 207 418 109
is_linear=0
shrinkage=0.05


Tree=48
num_leaves=31
num_cat=0
split_feature=13 24 2 9 12 22 24 12 17 4 24 11 21 8 29 22 27 12 8 6 25 26 14 18 0 17 28 17 26 14
split_gain=9.70516 15.7126 451.357 531.432 6.98422 2824.2 6.88257 16.1966 18.0111 7.84305 7.21725 163.649 7.1045 7.08637 6.36298 5.24786 4.62008 10.3468 3.93167 5.50789 3.80921 3.41604 2.86444 2.71851 2.57209 2.32391 0.437273 0.407608 0.300381 0.110399
threshold=-0.50121960853596559 2.7660138904421969 -1.7586704558370523 -0.12404220730528519 -2.3353347457579647 -1.2316762917881563 1.2799346329982242 -1.6164980071471124 0.16202405509190151 0.84768604250068635 1.2575152785581174 -0.56909239189954042 -2.5379325835587596 -2.1310549807509429 -1.980277404455945 -0.66611326152702155 2.9996133201763011 1.5664871097304682 -2.0441030720438564 1.089155789148629 0.95223843596647273 4.1516572850080715 -0.40255276334557427 1.6770401369247263 1.1359682679824918 1.392444062315527 -1.5770808628201129 -2.6977004545520193 -1.0376604920081141 1.9503106407740198
decision_type=2 2 2 2 2 2 2 2 2 2 2 2 2 2 2 2 2 2 2 2 2 2 2 2 2 2 2 2 2 2
left_child=4 16 3 -3 5 -1 9 8 -8 10 15 -12 -9 -14 25 -6 18 29 20 23 27 -16 -21 -20 -10 -11 -7 -2 -22 -18
right_child=1 2 -4 -5 6 26 7 12 24 14 11 -13 13 -15 21 -17 17 -19 19 22 28 -23 -24 -25 -26 -27 -28 -29 -30 -31
leaf_value=70.794413910442245 0.053845921762861154 -49.96674249853001 -0.050059688616650104 -0.050007845222621077 -0.0688630167184896 0.055646865479602098 -1.5843228191514056 -0.38744688518896864 -0.0507140682209299 -0.050093150697437 8.5936720206629111 -0.050581942451942558 0.069993312244839442 -0.064921639901520875 -0.068545069621185145 0.0089312112371808146 -0.063472580571073065 -0.49774710358220925 -0.04911282027691069 -0.050661262531542565 -0.21766501740301264 0.071070621040309812 0.028395793463102906 0.005450669802307755 -0.45828604165949172 0.18011160570340148 -0.067109452731769922 -0.057512756778015019 -0.1604458835953404 -0.10362778008509051
leaf_weight=0.0014115432477410641 0.088511512447439267 0.001001668056038079 0.062194534054219791 0.0011401082266963235 2.3618919016632303 0.091179229319095612 0.032603158273789012 0.15203963461588355 0.064328050984465701 0.15216075239942961 0.0057845545525196931 0.10236845391186733 1.1735401453854315 5.7039334428915609 7.8071273107173322 26.385897759926237 0.54321428562444407 0.17820708010573472 44.530836198702566 1.5992341361957096 0.35401667126977987 0.46416965874908545 4.0408504652432891 2.4061394056926408 0.097198881208896637 0.39222355609536086 0.35496136737562167 1.1476861816839117 0.6514222333048203 0.24991814882741892
leaf_count=3 3 36 395 37 1843 2 27 43 55 390 12 146 70 3468 5466 32100 207 28 138938 3350 9 22 3762 5553 1 45 212 2283 98 4
internal_value=-0.0323354 -0.0462867 -0.827224 -23.3951 -0.0151499 0.181391 -0.0171092 -0.0618161 -0.512343 -0.00853655 0.00407346 0.411755 -0.0493741 -0.0419004 -0.0498123 0.00253971 -0.0453861 -0.153479 -0.0434708 -0.0407059 -0.108321 -0.0607101 0.00597933 -0.0463157 -0.295971 0.115767 -0.0420213 -0.0495395 -0.180593 -0.0761256
internal_weight=101.197 55.8544 0.0643363 0.00214178 45.3428 0.447552 44.8953 7.22364 0.19413 37.6716 28.8559 0.108153 7.02951 6.87747 8.81568 28.7478 55.79 0.97134 54.8187 52.5771 2.24164 8.2713 5.64008 46.937 0.161527 0.544384 0.446141 1.2362 1.00544 0.793132
internal_count=198608 154703 468 73 43905 217 43688 3664 83 40024 34101 158 3581 3538 5923 33943 154235 239 153996 151603 2393 5488 7112 144491 56 435 214 2286 107 211
is_linear=0
shrinkage=0.05


Tree=49
num_leaves=31
num_cat=0
split_feature=24 15 28 13 25 12 3 11 20 2 4 24 16 22 6 29 13 12 22 28 12 28 11 26 5 1 17 15 6 1
split_gain=13.2763 9.0097 44.3924 8.35197 10.5519 278.531 7.84216 8.38446 21.5838 94.4664 7.28796 6.30636 92.1197 150.187 6.40754 5.84635 5.33714 199.29 4.93799 28.4688 6.58511 4.131 3.42275 3.20978 2.82381 3.91883 1.88962 1.5218 1.44202 1.29133
threshold=1.2575152785581174 -3.2656479115144936 -1.1972074569515099 -0.50121960853596559 -2.0366443950198452 -2.1964093862375278 3.2991048220167891 -0.69898992656644554 3.2723943518088947 -1.0464969230027232 0.84768604250068635 1.2357340607817484 -1.0003463651617031 -0.24277068984154146 1.089155789148629 -1.980277404455945 -0.49148731920288874 1.4620522698285325 -0.66611326152702155 -1.4967715298118887 -0.11755492244436554 -1.6737733579312282 -0.58541941409786202 4.1516572850080715 0.73866272153231216 -0.025830674762188324 1.392444062315527 1.4013473182248146 2.4516057181716353 1.2715080612852396
decision_type=2 2 2 2 2 2 2 2 2 2 2 2 2 2 2 2 2 2 2 2 2 2 2 2 2 2 2 2 2 2
left_child=3 2 -2 4 5 -1 7 8 27 -10 18 14 13 -13 16 26 17 -5 19 -6 -20 -9 -18 -17 25 -16 -12 -3 -23 -8
right_child=1 6 -4 11 10 -7 29 21 9 -11 15 12 -14 -15 24 23 22 -19 20 -21 -22 28 -24 -25 -26 -27 -28 -29 -30 -31
leaf_value=-14.4209547064156 -0.94398963685637338 -0.1386109987304536 0.049824845402737745 -0.050038962128307996 -1.4911303262041702 -0.050184337106235724 -0.057510884937679224 0.15506673651545877 -6.0118911228163086 -0.05024720067774744 -0.050089517122991006 -0.050011194966295226 -0.050031593475452218 12.394997352786049 0.061232582077092548 -0.067736239911849142 -0.025082069590307149 -10.279383138312159 0.035108455396895479 -0.04623378403283343 -0.014751518042752772 -0.064308411373268565 -0.056859890788412353 0.068870378417209541 -0.051358130354155075 -0.050086425410714369 0.16050237643426357 -0.052234965830583013 0.028433833022208449 0.098272858269633487
leaf_weight=0.0034792688486504622 0.17044375849758131 3.9056676057945778 0.32977359261292649 0.18392863526928271 0.034621079534714716 0.10908966495910632 0.16239373965295267 0.23066173224278941 0.0083868635304327199 0.031991480725313326 0.14301505160757688 0.0061126677028369159 0.14151437075429285 0.0040176742913899943 2.8371618585628502 7.7466249412949804 11.528490830757521 0.0048878868841897285 12.464096374729683 2.2250830275970523 14.128687991637642 7.9496253424165948 31.977149900056002 0.45527558278189406 1.4529078907820983 1.0960187440859832 0.41742879622232021 0.58650658351305596 0.44246718111574068 0.73555930218008048
leaf_count=4 15 1946 78 704 108 224 92 153 11 47 383 28 548 17 1719 5390 27965 21 11926 1732 20186 11968 108036 22 1360 3408 44 241 215 17
internal_value=-0.0360854 -0.0802854 -0.288807 -0.0286881 -0.010987 -0.494355 -0.0728632 -0.0826215 -0.137678 -1.28852 -0.0095404 -0.0422528 0.279688 4.88566 -0.0432475 -0.0494773 -0.0495904 -0.314846 0.00258824 -0.0683711 0.00861796 -0.0536811 -0.0484391 -0.0601534 0.00820864 0.0302125 0.106763 -0.127334 -0.0594186 0.0700996
internal_weight=101.513 14.5535 0.500217 86.9596 37.7274 0.112569 14.0533 13.1553 4.53255 0.0403783 37.6148 49.2322 0.151645 0.0101303 49.0805 8.76234 43.6945 0.188817 28.8525 2.2597 26.5928 8.62275 43.5056 8.2019 5.38609 3.93318 0.560444 4.49217 8.39209 0.897953
internal_count=198608 14783 93 183825 40019 228 14690 14581 2245 58 39791 143806 593 45 143213 5839 136726 725 33952 1840 32112 12336 136001 5412 6487 5127 427 2187 12183 109
is_linear=0
shrinkage=0.05


Tree=50
num_leaves=31
num_cat=0
split_feature=24 24 16 11 15 28 11 4 26 3 28 17 4 25 21 3 11 24 21 25 29 11 13 10 14 14 18 24 25 24
split_gain=47.1071 247.875 417.837 29.3254 11.079 90.5655 8.48366 7.90916 192.519 7.2456 7.48367 27.8014 7.06813 48.0877 206.047 6.77863 9.29141 117.634 7.45287 5.82734 5.31748 5.27202 4.04651 3.08373 4.43723 18.0448 2.08554 1.92287 1.90609 2.17866
threshold=1.2357340607817484 1.2575152785581174 -1.0003463651617031 0.17799360437522657 -3.2656479115144936 -1.1972074569515099 0.33351052209460696 3.3391884763309219 -1.0376604920081141 3.2991048220167891 2.5829901265502273 1.8687458577489877 0.93836699996103301 -2.0366443950198452 0.22212841570601494 0.16748452933192912 0.32666491537353132 0.93778674086340497 1.2067997121747993 2.7651104191903042 -1.980277404455945 -0.69898992656644554 -3.9074159136352793 2.0212287399551299 0.45447207763511238 0.44478604366216462 2.4945878902499925 0.8742800832068115 2.4414422552179755 0.91169321639829193
decision_type=2 2 2 2 2 2 2 2 2 2 2 2 2 2 2 2 2 2 2 2 2 2 2 2 2 2 2 2 2 2
left_child=6 2 3 -2 5 -3 12 23 -9 10 21 -12 15 14 -14 26 18 -18 -17 20 -15 -6 -4 28 25 -25 27 -1 -8 -30
right_child=1 4 22 -5 9 -7 7 8 -10 -11 11 -13 13 19 -16 16 17 -19 -20 -21 -22 -23 -24 24 -26 -27 -28 -29 29 -31
leaf_value=-0.045022256751382723 -1.8737175833021853 -1.7551135633326103 0.27744737188223251 -2.8040040253993403 -0.11991811442856289 0.047018597120058646 -0.053888398967379472 -10.073712651559321 -0.050592180434951423 0.068297578518851487 -1.8694535321077603 -0.055440574474524808 -0.050020907320563329 0.091946715819942224 -12.75806715261699 -0.0055667326486500725 -0.050055335959737803 6.399879725074765 0.073098596968740964 0.24778931212647082 -0.060722239595305427 -0.052791295505643543 -0.050378356987151755 -0.050848846457710095 -0.051177111285732768 1.2280563857669393 0.059646124334530121 0.0064794101962187007 -0.050272855648707419 0.16694047361548681
leaf_weight=13.825684093538859 0.18294104462256655 0.08825127068558114 0.14773714542388916 0.15777055503349402 4.5365879210429751 0.33192565027428411 26.170378860853099 0.0049881791837389491 0.12106913490468052 0.87595763920536462 0.027486110356985657 0.091215783092606487 0.016849454546898908 0.60179105788161713 0.0039345126153577025 25.769869735972009 0.080236484354872739 0.0077520469494629643 3.4092305003790946 0.16358406219660615 10.91797208087501 8.2337797380397699 0.25942613326471331 0.093868815774537206 0.19124817288138729 0.039057550922734663 0.56304585832122178 2.0857886423657996 0.25478042646877597 0.21107937527739296
leaf_count=52881 28 15 1 30 2215 78 73473 23 281 109 63 19 77 696 21 33396 252 22 2377 60 13208 12284 720 98 371 2 524 4676 585 23
internal_value=-0.0434806 -0.125349 -1.01253 -2.3045 -0.0785742 -0.33149 -0.0290182 -0.0520858 -0.447214 -0.0708539 -0.0803108 -0.475486 -0.0181415 -0.0528135 -2.45572 -0.00926975 0.0051714 0.518203 0.00362437 -0.0485389 -0.0527468 -0.0766377 0.0685716 -0.0502383 0.103044 0.32493 -0.0349246 -0.0382711 -0.0521039 0.0481457
internal_weight=99.4653 14.9331 0.747875 0.340712 14.1852 0.420177 84.5322 27.0865 0.126057 13.765 12.8891 0.118702 57.4457 11.7041 0.020784 45.7416 29.2671 0.0879885 29.1791 11.6833 11.5198 12.7704 0.407163 26.9604 0.324175 0.132926 16.4745 15.9115 26.6362 0.46586
internal_count=198608 15562 779 58 14783 93 183046 74856 304 14690 14581 82 108190 14062 98 94128 36047 274 35773 13964 13904 14499 721 74552 471 100 58081 57557 74081 608
is_linear=0
shrinkage=0.05


Tree=51
num_leaves=31
num_cat=0
split_feature=24 16 21 26 9 0 12 16 28 11 4 28 25 10 28 28 26 25 9 5 15 11 3 13 10 14 14 21 10 17
split_gain=28.7481 26.2722 888.421 35.6209 130.475 32.6945 395.939 64.2981 46.5927 8.43513 8.52405 178.898 7.24201 144.371 6.76444 6.48843 5.49643 52.0133 5.34681 5.25695 4.22458 3.93959 3.88576 3.38321 2.4911 2.31609 3.94613 2.19259 2.01594 3.54624
threshold=1.2357340607817484 -1.0158546174559533 -2.2764961900661729 -3.5480525807114893 0.44728563410002165 -0.86206119836778206 -1.5816195591807947 -1.3674811573116694 -1.5736545141145453 0.30588151478146058 3.3391884763309219 -1.4997867093526887 -2.0366443950198452 1.9188123405428437 -1.5770808628201129 0.84555883898657491 0.94121791973941049 1.6694825061363672 -2.0607210003385319 -1.7891778384094923 -0.53896725993076577 -0.69898992656644554 -0.015752500163395612 -0.90135916658118054 2.0212287399551299 0.45447207763511238 0.44478604366216462 -1.7646843003010384 -0.35802857636935448 0.35972803394101388
decision_type=2 2 2 2 2 2 2 2 2 2 2 2 2 2 2 2 2 2 2 2 2 2 2 2 2 2 2 2 2 2
left_child=9 2 -2 4 -3 8 -7 -8 -4 12 24 -12 13 -1 -5 16 19 -18 -16 -14 22 -20 -17 -22 28 26 -26 -10 29 -11
right_child=1 3 5 14 -6 6 7 -9 27 10 11 -13 15 -15 18 20 17 -19 21 -21 23 -23 -24 -25 25 -27 -28 -29 -30 -31
leaf_value=-0.050112312991154928 -44.791450015656459 -8.3850873167151043 2.3001591346878469 0.10564640342415486 -0.050146793392228842 -20.369418224020361 -2.0957617811870501 -0.26254610395872324 0.081654859727201629 -0.051705103814644077 -9.4263566173544557 -0.050578993748846883 -0.12678739667116953 -7.5620020999522755 0.043274845636015601 -0.030696564008263511 0.038124666922127355 -2.4840403596864857 -0.11910146624368274 -0.03091043600430889 0.020379813985645531 -0.058101060866467318 0.057611110765639177 -0.037522518411554066 -0.050798262312762632 -0.051107360295985498 0.39440913749940498 -0.083379911533011303 -0.058590371112520689 0.023832394738054315
leaf_weight=0.16382879041578194 0.00111753228452549 0.0059988266266529046 0.021267912610676842 0.56605930647082381 0.021607238874151339 0.0024607032100910633 0.048885052414584407 2.2187374588809403 0.23993385124667033 4.9805734796638381 0.0053297643620782145 0.11206866662372217 1.4949944341663925 0.0066560767644238952 0.94307186057019166 1.6063082509382072 4.1497131275426034 0.020542447447951306 4.1957623053883992 32.735839533292165 4.4742499186331406 7.1697517444103216 5.5492304115472058 5.7840499277739577 0.090418609450270915 0.18426338325007241 0.11071885051205754 1.2484191212566456 21.81860427199549 2.2582442565428984
leaf_count=506 25 26 22 252 59 10 207 811 18 16900 20 289 320 30 352 3851 4478 78 2124 77881 1846 11131 2710 13618 101 382 2 525 55658 4376
internal_value=-0.041127 -0.101168 -0.217078 -0.0672024 -1.86134 -0.203899 -0.323819 -0.302066 -0.02357 -0.0294178 -0.0510251 -0.476229 -0.0180091 -0.343392 -0.0633554 -0.0170153 -0.0284952 0.0257006 -0.0711276 -0.0350978 0.00830038 -0.0806203 0.0377874 -0.0122679 -0.0493296 0.0769542 0.194272 -0.056775 -0.0510046 -0.0281402
internal_weight=102.229 16.6831 3.78082 12.9023 0.0276061 3.7797 2.27008 2.26762 1.50962 85.5456 29.5602 0.117398 55.9854 0.170485 12.8746 55.8149 38.4011 4.17026 12.3086 34.2308 17.4138 11.3655 7.15554 10.2583 29.4428 0.385401 0.201137 1.48835 29.0574 7.23882
internal_count=198608 15562 1618 13944 85 1593 1028 1018 565 183046 77728 309 105318 536 13859 104782 82757 4556 13607 78201 22025 13255 6561 15464 77419 485 103 543 76934 21276
is_linear=0
shrinkage=0.05


Tree=52
num_leaves=31
num_cat=0
split_feature=24 16 21 26 17 0 12 0 17 16 21 28 18 18 1 4 15 3 9 12 11 28 28 11 3 2 13 8 3 10
split_gain=25.8769 19.8653 810.917 39.1926 240.013 429.229 27.3259 20.8688 2553.87 7.59843 9.25052 17.4587 43.9993 6.71696 6.59432 68.7412 332.979 6.26372 5.2652 849.601 5.02381 5.9914 6.62421 4.57316 3.72096 3.51175 3.40864 3.39433 3.30801 2.27022
threshold=1.2357340607817484 -1.0158546174559533 -1.9208107224127884 -2.8357165975312602 0.36898193672615048 -1.7119905469615206 -1.5816195591807947 -0.86206119836778206 -0.65074037308632071 -1.8632890144386625 1.2067997121747993 0.016926207629685167 0.46484836137208213 3.283747335452579 1.2138786430651731 -1.5496762086774483 -2.8416237019844579 3.2991048220167891 5.199622342376883 -2.094363937118469 0.30588151478146058 1.3053424597371979 1.3251106160610944 -0.69898992656644554 1.3747195609270644 -2.9865825183719816 -3.9074159136352793 -0.87078880885003895 2.99472349397 2.0212287399551299
decision_type=2 2 2 2 2 2 2 2 2 2 2 2 2 2 2 2 2 2 2 2 2 2 2 2 2 2 2 2 2 2
left_child=9 2 -2 4 -3 -6 -4 13 -9 10 14 12 -12 -8 26 25 -17 23 20 -20 21 28 -23 -5 -25 -16 -1 -28 -11 -22
right_child=1 3 6 17 5 -7 7 8 -10 18 11 -13 -14 -15 15 16 -18 -19 19 -21 29 22 -24 24 -26 -27 27 -29 -30 -31
leaf_value=0.077784787732362665 -40.86586115758486 -0.050133218349485212 -1.6534089823878213 -0.10991943951832901 -35.497942342588367 -0.050009558498584211 -0.05609251544657793 -64.270430162809092 -0.21724881611727001 -0.026233298532664168 -0.015120376360084842 0.038793168063760583 1.1182054053607016 0.31430511516636345 0.085896862413982811 -5.1239262902599023 0.04973999590467712 0.090822626377121976 -42.756609704110701 -0.052469491111526427 -0.050535011798122531 0.39633669887386874 0.009336057897649349 -0.058353699381562443 0.05208313250923309 -0.073529158467222147 0.047796138268646766 -0.070081159144235489 -0.076785451220787004 0.068403283983076421
leaf_weight=1.7193171101235956 0.0012250143419708639 0.021606162826201415 0.031197559350347848 4.3992939635667039 0.0014105195416772662 0.0021643664901951363 1.4316615103488388 0.0015571241474389144 2.5386903311698115 34.941703252691724 0.21642213698669363 1.2912989484290514 0.14171913590973287 0.13384114943091074 0.89189199374741712 0.03876372932145522 0.15730473666371347 0.64321971475680406 0.0011707792876746439 0.22441828288471363 27.996541095430057 0.11194034468327529 9.0550220999782791 6.7627304358997327 0.85968056885098221 0.56375277613316388 1.1637275819277859 1.2851205647183768 3.5664529348220304 0.40703641990173522
leaf_count=53 38 75 31 2221 34 14 525 20 991 93645 38 68 38 13 100 33 69 73 10 268 77101 355 9694 10992 535 9 37 175 877 476
internal_value=-0.0395538 -0.096133 -0.191265 -0.0651111 -2.03574 -14.0365 -0.17922 -0.168019 -0.256512 -0.0281883 0.0199413 0.124462 0.433345 -0.0244257 -0.00968131 -0.0942292 -0.97312 -0.061193 -0.0328996 -0.274099 -0.0321844 -0.022267 0.0140618 -0.0693266 -0.0458983 0.0241532 0.0238224 -0.0140642 -0.0309152 -0.0488306
internal_weight=100.602 16.8283 4.13817 12.6901 0.025181 0.00357489 4.13695 4.10575 2.54025 83.7736 7.46932 1.64944 0.358141 1.5655 5.81988 1.65171 0.196068 12.6649 76.3043 0.225589 76.0787 47.6751 9.16696 12.0217 7.62241 1.45564 4.16817 2.44885 38.5082 28.4036
internal_count=198608 15562 1618 13944 123 48 1580 1549 1011 183046 620 144 76 538 476 211 102 13821 182426 278 182148 104571 10049 13748 11527 109 265 212 94522 77577
is_linear=0
shrinkage=0.05


Tree=53
num_leaves=31
num_cat=0
split_feature=24 16 12 12 27 26 2 27 11 13 23 20 17 9 10 10 25 7 28 6 10 3 11 17 17 24 24 19 8 14
split_gain=22.0605 12.302 159.552 92.7693 310.126 42.0674 259.622 12.0728 3339.63 9.01017 8.02365 7.22332 11.5163 98.5611 8.37794 14.8403 34.1443 7.47208 5.77859 4.36284 4.22847 4.94377 3.68334 7.66746 15.1057 3.0776 8.24479 4.47505 3.03778 2.89905
threshold=1.1968626539363292 -1.0158546174559533 -1.5816195591807947 -1.0454758837759595 0.015876007072601433 -2.8357165975312602 -1.8261451536754394 1.5329297644804012 -1.0857644328159564 -0.49148731920288874 -0.023374021506754647 -0.11450918108095547 -2.6977004545520193 -1.0494854555560522 -0.58522229678518223 -0.57425924536030937 -1.0978991580211532 0.37407810684955206 -1.5770808628201129 1.089155789148629 1.8332770766859758 1.3747195609270644 -0.58541941409786202 0.094347486216242074 0.085397706761979469 0.76978697641445659 0.81430570753170484 -1.8279267169439317 -0.48943956912034187 -0.40255276334557427
decision_type=2 2 2 2 2 2 2 2 2 2 2 2 2 2 2 2 2 2 2 2 2 2 2 2 2 2 2 2 2 2
left_child=9 2 -2 4 -4 6 -3 8 -5 11 -9 12 13 -1 -13 16 -16 -17 -7 22 -20 -22 23 24 -11 27 -27 -14 -21 -30
right_child=1 5 3 7 -6 18 -8 10 -10 19 -12 14 25 -15 15 17 -18 -19 20 28 21 -23 -24 -25 -26 26 -28 -29 29 -31
leaf_value=5.3816619919772997 -8.232663399755447 -15.156760839279414 -0.050034897129538736 -83.824237413161157 19.885426788747537 0.094005805170012072 -0.050115986071029489 -0.27582535111840878 -0.17686247674198285 0.014627157478195252 0.051502805447569022 -0.052746475175390564 0.046306271931317089 -0.051005126402201277 2.5451236997378004 0.043758217973785263 -0.050132248241989454 -0.032688899584197469 -0.075083162352654526 -0.052269485271969576 -0.082270598130371797 0.1384846826952551 -0.055964508497368476 -0.060772775658108048 0.83963855745284954 0.1791135078631815 -0.0282364397617701 -0.060031658874295103 -0.051847773147149556 0.053644498066493997
leaf_weight=0.0093783578742240581 0.0061105832970768095 0.003309795422296701 0.0087806191178109172 0.0011936781921803022 0.0025080969789996752 0.58700456053886974 0.020213743512672688 0.23714058922221293 3.3722314691679891 4.9034133910611404 0.88929377778088514 4.0760268769263694 1.0944968690808572 0.076042569077425543 0.019259910579421557 12.616224091228419 0.03706006145515317 4.280999575685601 11.560738879548987 1.7506881751695438 0.49279583280947159 0.52253702245048517 28.757580673358159 5.7823670238613305 0.056117938700481207 0.56054418456824429 3.3124106984290358 10.301131554229796 0.8584271578109085 2.6985978045294114
leaf_count=29 31 34 50 51 24 286 94 82 1407 12115 72 8878 380 92 3 10221 91 2974 14685 2693 287 17 107036 15584 99 286 1919 15356 1775 1957
internal_value=-0.0369316 -0.0875037 -0.158716 -0.147779 4.37917 -0.063109 -2.17564 -0.159136 -0.206461 -0.0259042 -0.0174074 -0.00741988 -0.0334928 0.545447 0.0116164 0.0270907 0.837375 0.0243899 -0.0593337 -0.0409136 -0.066491 0.0313402 -0.0466328 -0.0216506 0.0239623 -0.0367317 0.00177393 -0.0498184 0.00164851 0.0281857
internal_weight=98.8946 17.7039 4.51726 4.51115 0.0112887 13.1866 0.0235235 4.49986 3.37343 81.1908 1.12643 36.3836 15.354 0.0854209 21.0296 16.9535 0.05632 16.8972 13.1631 44.8072 12.5761 1.01533 39.4995 10.7419 4.95953 15.2686 3.87295 11.3956 5.30771 3.55702
internal_count=198608 17120 1717 1686 74 15403 128 1612 1458 181488 154 40229 18062 121 22167 13289 94 13195 15275 141259 14989 304 134834 27798 12214 17941 2205 15736 6425 3732
is_linear=0
shrinkage=0.05


Tree=54
num_leaves=31
num_cat=0
split_feature=24 12 16 2 27 3 4 20 20 23 15 3 29 24 16 15 16 7 5 12 4 9 6 17 18 11 28 25 4 3
split_gain=78.8299 156.534 19283.1 61923.7 121231 17.4654 33.6906 292.257 671.97 33.4415 22.1345 29.9383 17.759 14.9726 10.8825 10.2514 8.55609 9.37743 17.3242 12.2696 27.5872 8.46689 6.93686 6.83837 6.71575 4.85617 5.29816 4.6486 7.73458 3.06607
threshold=1.2161691459537296 -1.0821835410007941 -0.96724614074796522 -0.57257152304426895 -0.021282122783431327 2.1354552106459397 -3.5780307616273812 0.077781939183445101 1.3039196940189377 -1.5631061654490532 -3.2656479115144936 0.63765961045085884 -0.33123010713486239 2.0937128840642232 -1.0158546174559533 -1.9046177164133069 -1.8632890144386625 0.39907890442314065 -1.4367335699459804 0.016133088011481587 -1.5496762086774483 -1.6320907716769968 -1.3593421565725954 -2.6977004545520193 1.862469253377194 0.30588151478146058 1.3053424597371979 0.14682206280695603 -0.13058210701640216 2.99472349397
decision_type=2 2 2 2 2 2 2 2 2 2 2 2 2 2 2 2 2 2 2 2 2 2 2 2 2 2 2 2 2 2
left_child=16 2 3 -2 -5 6 7 -3 -9 -7 11 -8 13 -11 -12 -14 17 18 -1 22 -21 -4 -19 24 -20 26 29 28 -28 -18
right_child=1 5 21 4 -6 9 10 8 -10 12 14 -13 15 -15 -16 -17 25 19 23 20 -22 -23 -24 -25 -26 -27 27 -29 -30 -31
leaf_value=0.49930618434106383 -2.6268979704516333 -0.050124914673911142 0.11431761077938168 -0.050013434418543369 -482.45006903911155 0.84681024937917648 -0.050395016459642686 -0.050008591041880983 -50.046916893309209 -0.04845020116366007 -0.16495307861258418 -2.7455759904893369 0.5331380962193788 -0.56509638427946107 -0.063751008754405564 0.09137096646241466 -0.02479224480928326 0.081994344605498051 0.0285312385907255 -0.032988451342721485 -0.62753724050146009 -0.11607445987079992 -0.10021841347476618 0.027602192266940152 0.4246360299955737 -0.047738878117412842 -0.017965583204324741 -0.04019340728644491 0.092404137005827613 -0.074706260817214418
leaf_weight=0.23207760653302578 0.019406766505523664 0.024956870618210562 0.49983709428374767 0.0032428603430864874 0.0021764963942367908 0.12522491480910058 0.023169420961100751 0.0020490157791899343 0.0010000618163640675 0.94965898235318558 3.8654901566540429 0.018555392165598761 0.16761966687045704 0.16452798802480295 8.4923213770088157 0.60642892910282165 33.407850383732452 1.7834535282331807 0.20016276025148488 0.83276120222443173 0.25480444375716571 1.9722963650912313 0.73866922723391359 3.1160731586656665 0.22992701166177959 26.638952406316903 3.1974129078063172 2.8331009830573359 3.1523691576130988 3.3887243327413179
leaf_count=18 42 113 132 33 38 31 43 27 40 90 1440 4 16 84 12602 143 93505 68 30 90 32 1463 24 344 13 77256 5273 3344 1390 880
internal_value=-0.046282 -0.144273 -0.509814 -44.3562 -193.789 -0.0810681 -0.103201 -1.83545 -16.4484 0.0555416 -0.0992885 -1.24897 0.00306587 -0.124741 -0.0954067 0.187035 -0.0255365 0.0257269 0.0807875 -0.0319047 -0.172285 -0.0694918 0.0286286 0.0533976 0.24029 -0.0307519 -0.0209102 0.0130652 0.0368278 -0.029389
internal_weight=96.9443 16.938 2.49696 0.0248261 0.00541936 14.441 12.4275 0.0280059 0.00304908 2.01346 12.3995 0.0417248 1.88824 1.11419 12.3578 0.774049 80.0063 7.38793 3.77824 3.60969 1.08757 2.47213 2.52212 3.54616 0.43009 72.6184 45.9795 9.18288 6.34978 36.7966
internal_count=198608 16341 1708 113 71 14633 14269 180 67 364 14089 47 333 174 14042 159 182267 619 405 214 122 1595 92 387 43 181648 104392 10007 6663 94385
is_linear=0
shrinkage=0.05


Tree=55
num_leaves=31
num_cat=0
split_feature=24 3 23 15 13 8 26 9 12 29 16 12 13 20 17 28 9 10 7 28 18 15 14 11 11 18 27 18 17 24
split_gain=16.7314 10.9272 60.1592 39.1095 89.7083 36.0659 162.705 364.948 19.1062 13.5247 8.86526 155.623 8.43428 6.54555 12.9785 126.147 222.077 7.58729 7.21804 32.2902 13.5835 6.13316 5.84552 4.29709 5.89963 6.50459 5.25498 4.33693 5.99067 3.50026
threshold=1.1120555684321285 2.1354552106459397 -1.596794114579837 -3.2656479115144936 -2.8694824988781913 -2.4340309445854755 -0.20351550903439161 0.29053013293683366 -1.5190162595383889 -0.33123010713486239 -1.0158546174559533 -1.0454758837759595 -0.49148731920288874 -0.11450918108095547 -2.6977004545520193 -0.039120790769667686 0.88407677941989349 -0.58522229678518223 0.37407810684955206 -1.5736545141145453 2.7786210890898873 -1.9046177164133069 -0.75150406383690171 -0.49196577687206927 -0.74529840539396031 0.4143371677317863 1.0592408468929679 -1.7982776963602911 -0.0088451239356691618 0.76978697641445659
decision_type=2 2 2 2 2 2 2 2 2 2 2 2 2 2 2 2 2 2 2 2 2 2 2 2 2 2 2 2 2 2
left_child=12 3 -3 4 -2 6 7 -5 -4 22 11 -7 13 14 15 16 -1 -15 20 -20 -19 -11 -10 24 27 -26 -27 28 -14 -16
right_child=1 2 8 5 -6 10 -8 -9 9 21 -12 -13 23 17 29 -17 -18 18 19 -21 -22 -23 -24 -25 25 26 -28 -29 -30 -31
leaf_value=18.042281157473024 -6.569651447048277 1.4697561598477209 -1.0215117545001455 -28.309138033587601 -0.050325995719023055 -8.0163066271649193 -0.050827192473514693 -0.050033100973838666 0.054212274677570865 0.38935667645747418 -0.064196983307832828 -0.1369189283486075 0.095324541840942911 -0.052599111913030065 -0.049469471043027263 -0.051065787140946929 -0.050086721513037974 0.041597293420665649 -1.6138534801216282 -0.018658183045921199 0.80576761231262362 0.081382521402863506 -0.1466336036254165 -0.050190231432895666 -0.050335627503563886 0.087245555334648617 0.46857910934258706 -0.050500051629680444 -0.076342131304031016 0.0078554223724959966
leaf_weight=0.002763673755974346 0.0076695596458000196 0.069466257454438352 0.046873683453259818 0.0017693397172437487 0.01691343805772821 0.0062761168868304953 0.021669957458272517 0.0032248095866376494 0.5242954112128192 0.21632648032392532 12.294776850257705 4.1183542095049974 1.3290081755082739 3.6988975509206368 10.700213073015501 0.066010437855286555 0.0043908195002586581 12.668098084714956 0.031971686218296713 4.0882658360512911 0.058420986482682902 0.63968133111562009 1.1723040695070912 28.200338632049935 1.0297685535819683 1.6479975466744476 0.095584422095874921 7.7988870344425099 0.82287589223831226 3.5451480397430979
leaf_count=37 15 34 14 29 40 116 33 23 87 17 18614 1711 640 8629 15736 72 12 9918 185 2763 115 160 122 106443 4295 2337 36 23957 577 1841
internal_value=-0.0344606 -0.0762315 0.0176203 -0.0914395 -2.08427 -0.0884607 -1.92586 -10.0617 -0.0211853 -0.00281629 -0.0854769 -0.148908 -0.0239118 -0.00584028 -0.0317919 0.632437 6.93872 0.0122457 0.0264831 -0.0310364 0.0451052 0.159212 -0.0845668 -0.0393071 -0.0151871 0.0493033 0.108151 -0.033161 0.0296796 -0.0352034
internal_weight=94.9282 19.1396 2.66895 16.4707 0.024583 16.4461 0.0266641 0.00499415 2.59948 2.55261 16.4194 4.12463 75.7886 34.8642 14.3185 0.0731649 0.00715449 20.5457 16.8468 4.12024 12.7265 0.856008 1.6966 40.9245 12.7241 2.77335 1.74358 9.95077 2.15188 14.2454
internal_count=198608 21015 434 20581 55 20526 85 52 400 386 20441 1827 177593 39308 17698 121 49 21610 12981 2948 10033 177 209 138285 31842 6668 2373 25174 1217 17577
is_linear=0
shrinkage=0.05


Tree=56
num_leaves=31
num_cat=0
split_feature=17 2 20 28 11 3 10 18 21 24 15 18 15 28 10 23 26 13 20 10 27 6 11 17 24 24 19 8 5 8
split_gain=55.8795 1081.7 3895.47 7108.03 15474 476.396 166.073 112.487 42.1236 13.2612 37.5355 255.938 57.7862 295.63 11.1643 9.70249 7.70337 6.40754 6.35933 6.81267 7.55767 4.34671 3.55167 6.89831 3.32223 6.76653 3.89344 3.04862 2.14975 0.402734
threshold=-2.6977004545520193 0.4760749041906025 -0.11854100327354251 -0.039120790769667686 0.35309481192747688 -2.3283181720141832 -0.59621014516425197 -3.0073998271388769 1.1192241808443877 1.1120555684321285 -2.8416237019844579 1.0032658719295389 -2.6130763050215537 0.12981757263095542 1.8332770766859758 -1.7483580404454051 -3.5480525807114893 -0.49148731920288874 -0.11450918108095547 -0.58522229678518223 2.9996133201763011 1.089155789148629 -0.58541941409786202 0.094347486216242074 0.76978697641445659 0.81430570753170484 -1.8279267169439317 -0.48943956912034187 0.73866272153231216 -2.0441030720438564
decision_type=2 2 2 2 2 2 2 2 2 2 2 2 2 2 2 2 2 2 2 2 2 2 2 2 2 2 2 2 2 2
left_child=1 5 3 4 -3 -1 -7 -8 -9 17 11 -11 13 -12 16 -16 -14 18 24 -20 -21 22 23 -19 26 -26 -2 -23 -29 -24
right_child=9 2 -4 -5 -6 6 7 8 -10 10 12 -13 14 -15 15 -17 -18 21 19 20 -22 27 29 -25 25 -27 -28 28 -30 -31
leaf_value=-23.890867369449346 0.042876803913908731 -7.9527399128625751 -0.050153497084102161 -0.050022864585095361 -137.33192246371519 -8.3357450882546473 -5.6189391432657967 -0.052847130515538202 0.95209459437040089 -0.050222440642434377 17.578449322265339 -14.765573123171301 -0.49860112073141433 -0.050017727103958014 0.58617445893361098 0.02018646705842829 -0.082637441780902848 0.023002512178222662 -0.052518204876927682 0.021137570410842098 0.38215829182311434 -0.052089112077486843 -0.083623321736701839 -0.060034557225098442 0.1617749104101909 -0.023387751891578594 -0.058846245588411464 0.052037071618746947 -0.050612630093981585 -0.053774237927375006
leaf_weight=0.0020968944008935555 1.0463281079229894 0.006325931735773338 0.082854190769520858 0.014094070447828372 0.0036414030632041516 0.0060335677823178937 0.008977925393084063 2.6348424981933385 0.10857270668624419 0.022666724858539378 0.0028363232727283529 0.0033977634394855008 0.1120634604386116 0.014726194898513305 0.079138605683895524 1.7527193344679595 16.417611158648551 4.8490999584742012 3.5205740971612256 15.289790955684978 0.14635275485738297 1.5608372786519087 1.1885325147850974 5.1654749300406513 0.59195662130514426 2.9634974881739966 9.3149836714096228 2.6960106222124627 0.6290592359735 22.964118356310248
leaf_count=3 380 26 385 67 29 38 39 776 205 118 33 24 122 86 17 431 20083 11896 8613 12595 35 2647 1208 15352 286 1555 15356 2958 712 102533
internal_value=-0.0414515 -0.258753 -5.19335 -22.9037 -55.2193 -0.0676356 -0.0495257 -0.0313614 -0.0130758 -0.0345536 -0.0724254 -1.96851 -0.0697364 2.79696 -0.0724784 0.0446379 -0.0854575 -0.0248627 -0.00859689 0.0102457 0.0245605 -0.0385547 -0.0448627 -0.0198277 -0.0342633 0.00744045 -0.0485738 0.00555711 0.0326171 -0.0552431
internal_weight=93.1992 2.86744 0.106916 0.0240614 0.00996733 2.76052 2.75843 2.75239 2.74342 90.3318 18.4052 0.0260645 18.3791 0.0175625 18.3615 1.83186 16.5297 71.9266 32.8735 18.9567 15.4361 39.0531 34.1672 10.0146 13.9168 3.55545 10.3613 4.88591 3.32507 24.1527
internal_count=198608 1568 507 122 55 1061 1058 1020 981 197040 20914 142 20772 119 20653 448 20205 176126 38820 21243 12630 137306 130989 27248 17577 1841 15736 6317 3670 103741
is_linear=0
shrinkage=0.05


Tree=57
num_leaves=31
num_cat=0
split_feature=24 15 23 28 18 23 27 10 26 10 14 11 17 2 19 7 16 12 3 4 7 8 18 5 29 25 21 17 10 10
split_gain=72.6434 774.048 4193.77 29540.7 16177.7 5602.17 705.097 10.4456 12.9706 76.4875 270.127 9.43576 11.3768 184.093 73.2036 7.95768 7.24809 7.19009 6.37571 5.81145 6.03276 20.8966 8.92881 5.1704 4.68936 5.1377 3.09731 1.97669 1.96229 2.08799
threshold=1.1120555684321285 -2.6130763050215537 0.021616559341215515 0.45421545175182604 0.46484836137208213 -0.18447155533690121 1.5329297644804012 1.8332770766859758 -3.5480525807114893 0.8035936911186643 -0.46491305650483228 0.30588151478146058 -2.6977004545520193 -1.4170795278960442 -1.0357177732843035 0.43705645030818641 -1.0158546174559533 -1.0454758837759595 -0.47752126826565122 0.93836699996103301 -0.14984218439582556 -2.1310549807509429 3.283747335452579 -0.90367720749732439 -1.980277404455945 2.7651104191903042 1.7636471944843384 -2.6977004545520193 2.0212287399551299 -0.35802857636935448
decision_type=2 2 2 2 2 2 2 2 2 2 2 2 2 2 2 2 2 2 2 2 2 2 2 2 2 2 2 2 2 2
left_child=11 2 3 4 5 -2 -4 8 9 10 -3 18 13 -13 -15 23 17 -10 27 20 21 -20 -22 -9 -21 -26 -18 -1 29 -14
right_child=1 7 6 -5 -6 -7 -8 15 16 -11 -12 12 28 14 -16 -17 26 -19 19 24 22 -23 -24 -25 25 -27 -28 -29 -30 -31
leaf_value=-0.19818680860003379 -0.040848967366632051 -18.091978830132664 -3.634870901009704 -0.050452082995588378 -230.32691929598397 -126.84736210959225 0.090665460968232248 0.10096394964167557 -0.6322660425861415 -0.051757880159884542 -0.050064427723400022 -9.5962742065468287 -0.021167421706944717 -3.9489864888488984 -0.10528729480310142 0.49880209235651513 -0.065676287067060884 -0.1307151017125541 1.0824248419131879 0.10392789793963093 -0.00698656687875439 0.02990115340658412 -0.29349399047765251 -0.068925620074257565 -0.05655664240954688 0.21097973081032176 0.094078095627700614 -0.047151551151365018 0.059787626072335724 -0.056431991252625796
leaf_weight=0.22216639252721293 0.001946155316168152 0.0027713274088279243 0.1678034269410198 0.034623996679871649 0.0021705359098896371 0.0015765794255179204 0.52232158483319846 0.91540728647862657 0.072827178177888086 0.059562865414506158 0.0082526439738587164 0.0052362364492541938 5.6349393330771944 0.012640435690901342 0.61836228110483449 0.090339336601573339 11.833160315184397 3.7977892248903444 0.047349619774945562 0.52430645451296065 20.306266949873983 11.630229477140073 0.27562406255197913 0.87681564897229503 7.8249761986716884 0.18366157110358461 0.31138591055228637 8.694804556640845 0.43510237106941829 16.454925096145132
leaf_count=325 28 24 129 84 26 18 27 154 105 44 54 23 20366 32 684 22 17890 1656 65 293 41208 16025 181 282 6850 29 472 37696 467 53349
internal_value=-0.0474553 -0.13537 -1.73091 -17.4055 -122.952 -56.7924 -0.815196 -0.0705088 -0.0835505 -0.759842 -4.58564 -0.0248961 -0.0512546 -0.259762 -0.182285 0.040928 -0.0805698 -0.140152 -0.0126148 -0.00424272 0.00546334 0.0341689 -0.0108234 0.0178483 -0.0409373 -0.0504212 -0.0615802 -0.0509146 -0.0453651 -0.0474363
internal_weight=91.5693 18.6988 0.730442 0.0403173 0.00569327 0.00352273 0.690125 17.9683 16.0857 0.0705868 0.011024 72.8706 23.1612 0.636239 0.631003 1.88256 16.0152 3.87062 49.7094 40.7924 32.2595 11.6776 20.5819 1.79222 8.53294 8.00864 12.1445 8.91697 22.525 22.0899
internal_count=198608 21015 312 156 72 46 156 20703 20245 122 78 177593 74921 739 716 458 20123 1761 102672 64651 57479 16090 41389 436 7172 6879 18362 38021 74182 73715
is_linear=0
shrinkage=0.05


Tree=58
num_leaves=31
num_cat=0
split_feature=24 15 0 28 23 13 21 12 28 10 26 10 5 13 6 20 16 26 24 15 27 3 12 12 11 7 15 11 7 29
split_gain=35.3209 212.399 1610.3 2162.87 486.17 639.486 41.214 181.148 38.8698 9.57903 14.3419 100.973 370.295 8.11962 7.64673 6.89651 5.68476 5.5398 15.4628 82.0076 9.86445 13.921 5.88422 4.99113 4.89394 4.61507 6.59205 4.3796 4.48622 3.63299
threshold=1.1120555684321285 -2.6130763050215537 -0.86206119836778206 -1.1281154213606945 0.074838985335412569 -0.29821677679401215 -0.5731803765493616 0.98894350567660838 0.048352335060446415 1.9188123405428437 -3.5480525807114893 0.9080139339656641 1.3286364421093106 -0.90135916658118054 -1.1171564249222892 -0.11450918108095547 -1.0158546174559533 -2.3805485318847128 -1.6675922138434933 -1.9824798116866826 0.98719027370573753 2.1354552106459397 1.5664871097304682 -0.74926265002714365 1.0505033939410489 -3.9584527856389777 0.26259368537811451 -0.13468243181431619 -0.12744561993628614 -1.0000000180025095e-35
decision_type=2 2 2 2 2 2 2 2 2 2 2 2 2 2 2 2 2 2 2 2 2 2 2 2 2 2 2 2 2 2
left_child=13 2 6 -4 5 -5 7 8 -2 10 11 12 -3 15 -11 25 -12 18 19 -17 22 -22 -19 -16 -6 26 -1 28 29 -15
right_child=1 9 3 4 24 -7 -8 -9 -10 14 16 -13 -14 27 23 17 -18 20 -20 -21 21 -23 -24 -25 -26 -27 -28 -29 -30 -31
leaf_value=0.29643107246164652 -3.8442750741354099 -0.050059730478657152 -34.050597838784107 37.844673460847204 -6.718720528808972 -0.050017655971144048 0.3012101436157209 0.06012691168260953 -1.5174940001243109 0.36522630113801868 -0.12926885879252134 -0.051685366786208331 -24.387706637822156 -0.011389900690797003 0.110113040491845 5.0848498250334657 -0.060178256649253692 0.028263612174202226 0.077773115100684076 -0.050263046049771665 -0.44884635062614531 -0.044030490762963795 -0.24337192489432688 -0.063489919147717483 -7.743272934050168 -0.040313371654705728 -0.052951459771972381 -0.049180635113831112 -0.038615837426879837 0.061949280750831587
leaf_weight=0.25218114166043748 0.038509451412664958 0.0065323975261979556 0.0073311737942276444 0.0013194463994637114 0.029550558665023697 0.0071259246766263397 0.26039964535323401 0.27066994124667282 0.033618364215261792 0.1638009927736096 3.9796039005943991 0.056232425138883366 0.0020544298386084847 5.6406796937010482 0.70135028288299972 0.0097368187707616016 11.820359721511748 12.30082462901273 1.7515926642812016 0.03858588231378246 0.25261004243478469 1.3332095512105504 0.20265276836632828 1.0106080434281146 0.019246971757888611 10.016916363658817 0.29056330573967393 26.671231304038539 10.934682887695653 2.4101283777623328
leaf_count=25 17 61 12 22 50 68 60 32 38 18 1764 43 20 13347 58 11 18404 9701 324 53 217 88 222 335 13 8423 25 104313 36980 3864
internal_value=-0.0391264 -0.100943 -0.976347 -8.48064 -5.20587 5.87039 -0.17299 -0.533207 -2.75978 -0.067992 -0.0806254 -0.822846 -5.87293 -0.0233448 0.0388583 -0.00130019 -0.0775804 0.0195138 0.102115 0.98444 0.00896147 -0.108515 0.023861 0.00763125 -7.12283 -0.0326191 0.109386 -0.0361152 -0.0177606 0.0105653
internal_weight=90.5139 18.4083 0.667771 0.0645741 0.0572429 0.00844537 0.603197 0.342798 0.0721278 17.7405 15.8648 0.0648193 0.00858683 72.1056 1.87576 26.4489 15.8 15.8892 1.79992 0.0483227 14.0893 1.58582 12.5035 1.71196 0.0487975 10.5597 0.542744 45.6567 18.9855 8.05081
internal_count=198608 21015 312 165 153 90 147 87 55 20703 20292 124 81 177593 411 19089 20168 10616 388 64 10228 305 9923 393 63 8473 50 158504 54191 17211
is_linear=0
shrinkage=0.05


Tree=59
num_leaves=31
num_cat=0
split_feature=3 15 24 5 17 20 15 24 15 0 6 26 10 26 28 6 11 6 3 16 13 16 12 11 21 24 24 25 17 6
split_gain=57.5914 479.321 8364.64 14065.3 73.206 831.938 4529.63 18.4168 13.6942 41.9245 147.693 21.7396 9.54469 15.886 56.2416 8.56572 7.65777 7.56847 6.40362 5.24238 7.64563 4.6489 4.22874 3.56624 3.17438 2.35644 4.05667 2.02881 1.52081 1.24177
threshold=-1.856386945372781 -2.8416237019844579 1.0366433461104625 -0.36172591838345619 1.8070915055312364 -0.37692249199299799 -2.6130763050215537 1.1120555684321285 -2.6130763050215537 -0.86206119836778206 -0.57977630865355245 4.1516572850080715 1.9188123405428437 -3.5480525807114893 2.5829901265502273 -1.1171564249222892 0.30588151478146058 -1.6659742630150536 -0.47752126826565122 1.6278697081242146 -0.50121960853596559 -1.0158546174559533 -0.74926265002714365 0.22872270532419156 -0.17990922663554179 0.25417377131882907 0.2625907759532371 2.4414422552179755 -2.6977004545520193 2.4516057181716353
decision_type=2 2 2 2 2 2 2 2 2 2 2 2 2 2 2 2 2 2 2 2 2 2 2 2 2 2 2 2 2 2
left_child=1 2 -1 -4 -3 6 -6 16 9 11 -11 17 13 14 -10 -14 18 -9 28 20 -20 -15 -17 -21 -13 -18 -27 -28 -2 -30
right_child=7 4 3 -5 5 -7 -8 8 12 10 -12 24 15 21 -16 22 25 -19 19 23 -22 -23 -24 -25 -26 26 27 -29 29 -31
leaf_value=-0.050040932955274543 -0.17869236111195286 -0.055810393377010575 -0.050007397603741899 -229.55799735475023 -68.124870729412407 -0.05235261629323177 -0.050007399223428076 -0.46227110852980746 -0.051680357178111459 -2.1188895227097846 -0.057216282312867711 0.055871684950484501 0.43685333407849303 -0.12133396197194815 -3.7086494958925096 0.10420448020748625 -0.061195011337238273 -0.090798070298089562 0.033548102906767491 -0.038859933550076164 -0.016905846401914292 -0.058607115287040462 -0.064131002712520632 0.16113840174993285 0.30244651968680025 0.19804382566787984 -0.037362344594666086 0.092546282534062357 -0.053795769413363115 0.025274593641081252
leaf_weight=0.045187006025640852 0.23074757105546684 1.3543516557242785 0.0017242935384024416 0.0010892867085522187 0.0029379419621289307 0.17283735194803918 0.014522485696488729 0.27467677978074767 0.045547365887771529 0.12131895301112838 0.30590357826280434 0.27314217100955246 0.13084914214590382 4.0221967268805079 0.01366887055337429 0.70407493059848092 12.753196030592713 0.27379543050428345 14.257959059887984 10.026161851871761 15.862159564941368 11.120426243399194 0.79358684162854554 0.22796171915403007 0.24999148884671735 0.19431977397834899 8.6801575292923339 0.31132195179816413 7.3706562295947124 0.53240588386624033
leaf_count=288 317 4702 30 21 28 332 115 37 94 25 82 37 16 1573 17 46 46688 53 10438 3377 50688 17539 303 148 4 274 26185 171 34748 232
internal_value=-0.0397379 -0.337746 -5.25831 -88.9048 -0.184837 -1.10312 -11.5045 -0.0343916 -0.0790382 -0.223861 -0.642672 -0.0568915 -0.066141 -0.078465 -0.895818 0.0489012 -0.0227753 -0.276833 -0.0116889 -0.00353489 0.00697754 -0.0752687 0.0150062 -0.0344137 0.173703 -0.0472878 -0.0279797 -0.0328644 -0.0521633 -0.048469
internal_weight=90.3689 1.59265 0.0480006 0.00281358 1.54465 0.190298 0.0174604 88.7762 18.3292 1.49883 0.427223 1.07161 16.8304 15.2018 0.0592162 1.62851 70.447 0.548472 48.5081 40.3742 30.1201 15.1426 1.49766 10.2541 0.523134 21.939 9.1858 8.99148 8.13381 7.90306
internal_count=198608 5516 339 51 5177 475 143 193092 19826 238 107 131 19588 19223 111 365 173266 90 99948 64651 61126 19112 349 3525 41 73318 26630 26356 35297 34980
is_linear=0
shrinkage=0.05


Tree=60
num_leaves=31
num_cat=0
split_feature=24 15 0 13 6 26 10 26 24 3 6 11 3 6 4 25 5 14 12 29 25 16 28 28 24 24 10 25 12 29
split_gain=17.3916 12.3284 31.3551 182.96 240.128 19.2415 8.12177 21.7847 117.982 285.192 11.1017 7.28851 6.41373 5.88008 5.05445 5.16943 109.275 4.75895 4.13272 4.0141 4.36748 3.82797 3.07079 2.94775 2.33071 3.31087 1.86189 1.98173 1.84065 1.81689
threshold=1.1120555684321285 -2.6130763050215537 -0.86206119836778206 -0.21643648133240814 -0.44745708126127093 4.1516572850080715 1.8332770766859758 -3.5480525807114893 1.5579833500425437 -1.0000000180025095e-35 -1.1171564249222892 0.30588151478146058 -0.47752126826565122 -1.6659742630150536 0.93836699996103301 -0.25324601930832757 -1.5596358989794232 1.259253074843417 -0.74926265002714365 -1.980277404455945 2.7651104191903042 -1.0158546174559533 -1.6737733579312282 -0.080467066384610084 0.25417377131882907 0.2625907759532371 2.0212287399551299 2.4414422552179755 -1.0454758837759595 0.16348408206146242
decision_type=2 2 2 2 2 2 2 2 2 2 2 2 2 2 2 2 2 2 2 2 2 2 2 2 2 2 2 2 2 2
left_child=11 2 5 4 -4 13 7 8 -3 -10 -8 12 -1 -2 15 17 -17 -14 -12 -16 -21 28 -23 -7 -13 -26 27 -27 -9 -28
right_child=1 6 3 -5 -6 23 10 21 9 -11 18 24 14 -15 19 16 -18 -19 -20 20 -22 22 -24 -25 25 26 29 -29 -30 -31
leaf_value=-0.051647866530545899 -0.41061608858587795 -0.051864965151668288 -4.7541255761555226 -0.05670009937759192 -0.053122266635010122 0.29203912134561361 0.55213471523195434 -0.29082688766697773 -0.05006167944509176 -21.345941481740795 0.098618502771257444 -0.060846508739355036 0.037915085662854092 -0.087419656791235881 0.093505408578122215 -5.4358268025551029 -0.0097644612137505749 -0.053283407712744257 -0.061032725748588514 -0.053713071528925072 0.17993467459893761 0.097076425160874086 -0.061987265761537846 0.053221924690558725 0.16252968253338329 -0.041909288457349508 0.17094283956634024 0.083731394074330917 -0.10780661536147294 -0.051593811286569681
leaf_weight=8.3039583298523407 0.29315421836872707 0.036979415883871401 0.053178576739968411 0.42973348430240133 0.055530383239546163 0.24603743851184845 0.09894810542651411 0.14236612811329052 0.0047581540319861382 0.0023478670839137588 0.70591469091876247 12.311839112955324 12.843587254030121 0.27066680051589892 0.5401488608594186 0.0092836978347062837 17.505503916081537 1.6097483732641027 0.95202400910439866 7.5087911973908534 0.20548158034853248 0.31214314365731866 10.860438485859182 0.27211913686083467 0.22365844330124574 8.1618320692498667 0.21652041909510522 0.32640334596362741 3.9199722081096144 0.15912943532111967
leaf_count=38021 37 44 36 112 17 5 20 105 37 41 67 47511 20569 68 293 93 34168 2649 371 6850 29 287 18075 37 285 26798 47 172 1656 108
internal_value=-0.0338048 -0.0766964 -0.208485 -0.520266 -2.35277 -0.0533284 -0.064161 -0.0758677 -1.18573 -7.08633 0.0376486 -0.0223613 -0.0116416 -0.255463 -0.00338227 0.00562424 -0.0126405 0.0277578 0.00694334 -0.0382631 -0.0474895 -0.0726561 -0.0575433 0.16662 -0.0466698 -0.0274632 -0.0322572 -0.0370779 -0.114221 0.0766739
internal_weight=88.5822 18.6563 1.62042 0.538442 0.108709 1.08198 17.0359 15.279 0.0440854 0.00710602 1.75689 69.9259 48.5265 0.563821 40.2225 31.9681 17.5148 14.4533 1.65794 8.25442 7.71427 15.2349 11.1726 0.518157 21.3994 9.08754 8.86389 8.48824 4.06234 0.37565
internal_count=198608 21015 312 165 53 147 20703 20245 122 78 458 177593 102672 105 64651 57479 34261 23218 438 7172 6879 20123 18362 42 74921 27410 27125 26970 1761 155
is_linear=0
shrinkage=0.05


Tree=61
num_leaves=31
num_cat=0
split_feature=24 15 23 1 10 26 6 20 14 11 3 28 19 11 28 24 8 28 21 12 18 24 24 23 20 10 6 24 17 9
split_gain=16.528 13.3996 157.485 1123.78 8.30032 24.045 14.4574 8.33734 369.554 6.99373 6.12522 4.78137 6.82075 74.8509 4.2565 7.30816 4.16812 3.79573 3.60204 3.19641 2.38573 2.32518 2.79724 1.68106 1.9711 1.94537 1.33099 1.56391 1.05843 1.04241
threshold=1.1120555684321285 -2.8416237019844579 0.048336428828510171 2.5548218337722668 1.8332770766859758 -3.5480525807114893 -1.1171564249222892 -2.2076084068816173 -2.0192743714938 0.30588151478146058 -0.47752126826565122 0.84555883898657491 2.5304730467399295 -2.6839861699909777 0.91348192832219743 0.8032677597368364 -2.0441030720438564 -1.4967715298118887 1.7636471944843384 -1.4897184209698888 3.283747335452579 0.25417377131882907 0.2625907759532371 1.0569171359414737 -0.59783640950120553 2.0212287399551299 2.4516057181716353 1.0072639864559931 -2.6977004545520193 -1.2540624973615946
decision_type=2 2 2 2 2 2 2 2 2 2 2 2 2 2 2 2 2 2 2 2 2 2 2 2 2 2 2 2 2 2
left_child=9 2 3 -2 5 -3 -6 8 -7 10 26 12 16 -14 15 -13 -12 -8 -9 -16 -4 -11 29 25 -25 -24 28 -28 -1 -23
right_child=1 4 20 -5 6 7 17 18 -10 21 11 14 13 -15 19 -17 -18 -19 -20 -21 -22 22 23 24 -26 -27 27 -29 -30 -31
leaf_value=-0.16012969819523584 -15.945573899357013 -1.305198762042588 -0.14757889791079878 1.2189104976389025 0.734469689249166 -18.992322681555397 0.088410739144516692 -0.076305668491936096 -0.050224782842956506 -0.060621042304438759 -0.098804571703937458 0.050613900600386209 3.9976761655577593 -0.051641076287886514 0.06653070866679188 0.35127300640711384 -0.012407547152121929 -0.064802953620583123 0.099713592071374313 -0.00056768106221658768 0.078986937711551686 0.19443541006291587 -0.044901618279280589 0.097598596010466651 -0.050028368172568019 0.069157530076239537 -0.052477717090349568 0.11772989824997292 -0.053435034643300718 -0.050015344940201413
leaf_weight=0.24024451587646201 0.012581845760412991 0.039884257403712264 0.23245785401814489 0.039388606230204459 0.071234475769494598 0.0026395942541685971 0.75803258082297398 15.57073375845961 0.10507775286615673 11.753851691534008 1.4777966820773141 1.1239364381525501 0.01266343799986798 0.11551049059793798 2.1694961863811164 0.24643052124156373 25.218187363863986 0.86612423625605328 0.29617682163548309 9.7589053300980577 0.23230673372745514 0.19162617473921273 7.3295383881852354 0.51284601860152179 0.40440921880117109 0.39392959766928459 0.30020524582983554 0.24517340345231009 7.1590657612595008 0.056460157509717557
leaf_count=318 76 123 93 23 26 24 145 19421 385 47511 288 1139 17 105 1429 162 51091 294 404 10420 1 16 24189 121 2660 155 255 10 37438 269
internal_value=-0.0329144 -0.0752431 -0.326222 -2.93654 -0.0679201 -0.0790576 0.0372836 -0.0759963 -0.514397 -0.0216859 -0.0112322 -0.0032899 -0.0154432 0.348427 0.0212237 0.104681 -0.0171902 0.00670552 -0.07302 0.0116359 -0.0343328 -0.046028 -0.0267312 -0.0314839 0.0325113 -0.0390841 -0.0513431 0.0240386 -0.0568993 0.138803
internal_weight=86.9369 18.2266 0.516735 0.0519705 17.7099 16.0145 1.69539 15.9746 0.107717 68.7103 48.0676 40.1229 26.8242 0.128174 13.2988 1.37037 26.696 1.62416 15.8669 11.9284 0.464765 20.6427 8.88881 8.64072 0.917255 7.72347 7.94469 0.545379 7.39931 0.248086
internal_count=198608 21015 193 99 20822 20357 465 20234 409 177593 102672 64651 51501 122 13150 1301 51379 439 19825 11849 94 74921 27410 27125 2781 24344 38021 265 37756 285
is_linear=0
shrinkage=0.05


Tree=62
num_leaves=31
num_cat=0
split_feature=24 21 4 1 27 8 13 1 27 21 9 11 3 17 20 11 23 18 28 1 15 10 24 24 29 18 18 9 25 23
split_gain=12.9502 7.60433 892.133 7.47398 510.076 60.2947 269.952 466.21 7.85495 32.0156 7.26761 6.76038 5.9078 4.56073 12.0655 27.2072 11.9095 9.06154 130.12 5.59855 3.5632 41.8506 2.29444 2.44266 2.28318 3.81191 2.65836 2.18864 1.70952 1.82623
threshold=1.1120555684321285 -2.5379325835587596 -1.8131300438840319 0.49945899389513032 -3.1932199849054825 -2.4340309445854755 0.13922046931594861 -0.17114296264234011 1.9439264941652399 -0.71560868010321477 -1.8671817460998901 0.30588151478146058 -0.25374515205197573 -1.5589413389355686 -2.2076084068816173 -0.24445761469259583 1.2773484043187058 3.283747335452579 -1.2986123793480266 0.98519976145973598 -2.6130763050215537 -1.3441521152634575 0.25417377131882907 0.2625907759532371 0.82310300098989575 1.4655934130874122 1.5004624095477908 -1.5428703711567033 2.4414422552179755 1.0569171359414737
decision_type=2 2 2 2 2 2 2 2 2 2 2 2 2 2 2 2 2 2 2 2 2 2 2 2 2 2 2 2 2 2
left_child=11 2 -2 5 -5 6 7 -3 10 -10 -6 12 24 14 15 -14 -16 19 -19 -15 21 -7 -13 -24 -1 27 -27 -26 29 -25
right_child=1 3 -4 4 8 20 -8 -9 9 -11 -12 22 13 17 16 -17 -18 18 -20 -21 -22 -23 23 28 25 26 -28 -29 -30 -31
leaf_value=-0.059746114397778063 -45.070993029127209 -39.943317412781447 -0.053987491888238398 25.509707660243052 0.09694341703149241 -1.3340887731157691 -0.050585071571341934 -0.050024955732936527 -0.95786545692293945 0.071467956605490601 -0.043634761288986794 -0.060394428649475952 2.079245499297063 0.0035214144989501647 0.023714810119962064 -0.051198684096666724 0.62771972105434182 -6.9193170307263614 -0.050200300519263379 -0.048952223437377984 -0.076636147601874594 -0.067809612361137001 0.12372046480445603 -0.043835991483513047 0.10092473823351411 0.29898641879582261 0.047034715029201001 -0.051616484479140003 0.080233878428624006 0.03193607485797996
leaf_weight=7.2077827028728638 0.0011105934718216295 0.0012533428798811039 0.12190300444584679 0.0019562036746129099 1.1966209784474724 0.072134673231488922 0.013196154055372005 0.001761835700961549 0.11086674030259888 0.23709087116337582 3.9682380130255543 11.221511804349513 0.023487497925224018 25.945701936059713 4.9199581320156991 0.041402047065403583 0.082988165833683847 0.0072787671236537723 0.13048112719253518 6.321659998309598 11.665139753229795 0.68369820382432456 0.26365693291518155 7.1642571200686485 0.26411450301384398 0.13976692136930069 0.41719830093178778 2.1439899258305131 0.33267443123622875 0.89448523141106306
leaf_count=37700 20 35 178 61 158 29 40 11 178 139 3064 47511 33 49493 1449 15 51 26 300 3396 16932 170 285 24191 87 44 578 9500 172 2762
internal_value=-0.0310426 -0.0686319 -0.460411 -0.0659473 -0.017498 -0.0874302 -3.13474 -16.6328 -0.0265562 -0.2565 -0.0110649 -0.0209804 -0.0107619 -0.00158841 0.0425203 0.719939 0.033734 -0.00848656 -0.413141 -0.00675896 -0.0834529 -0.18866 -0.0454752 -0.026132 -0.0445534 -0.00762151 0.11026 -0.0348862 -0.0308403 -0.0354256
internal_weight=85.5974 18.075 0.123014 17.952 5.51477 12.4372 0.0162113 0.00301518 5.51282 0.347958 5.16486 67.5224 47.6458 37.473 5.06784 0.0648895 5.00295 32.4051 0.13776 32.2674 12.421 0.755833 19.8766 8.65507 10.1729 2.96507 0.556965 2.4081 8.39142 8.05874
internal_count=198608 21015 198 20817 3600 17217 86 46 3539 317 3222 177593 102672 54763 1548 48 1500 53215 326 52889 17131 199 74921 27410 47909 10209 622 9587 27125 26953
is_linear=0
shrinkage=0.05


Tree=63
num_leaves=31
num_cat=0
split_feature=9 4 3 17 3 11 10 22 3 10 2 24 12 10 26 21 15 10 9 11 3 16 13 15 24 13 13 6 24 17
split_gain=2279.92 76705.3 88889.1 3912.15 47557.5 42204.6 96567.2 1988.81 8707.4 1222.59 20.5464 18.9429 172.484 1956.08 36.2653 31.448 715.968 16.0625 8.08899 6.51322 5.55468 4.32353 6.58011 3.07563 2.2936 2.25873 3.13362 1.56496 0.940578 0.818991
threshold=5.199622342376883 -2.065676349938542 -1.6156030340856928 -0.69880588991698234 -1.9767938777157081 -1.0438968614842719 2.0212287399551299 -0.36637591634507488 -0.39199334196969088 0.52898367753396547 0.023556622291340673 1.1120555684321285 2.4886432706189425 1.1812519074557906 -2.8357165975312602 -2.5379325835587596 -1.1338488203493651 0.63324803857208034 -1.6320907716769968 0.30588151478146058 -0.47752126826565122 1.6278697081242146 -0.50121960853596559 -0.053553673241894924 0.25417377131882907 -0.56755440133932467 -0.57943387020920245 2.4516057181716353 1.0072639864559931 -2.6977004545520193
decision_type=2 2 2 2 2 2 2 2 2 2 2 2 2 2 2 2 2 2 2 2 2 2 2 2 2 2 2 2 2 2
left_child=11 2 -2 4 5 -3 -7 10 -9 -5 -6 19 14 -14 -13 16 -16 -11 -17 20 27 22 -22 -23 29 26 -26 -1 -29 -21
right_child=1 3 -4 9 7 6 -8 8 -10 17 -12 12 13 -15 15 18 -18 -19 -20 24 21 23 -24 -25 25 -27 -28 28 -30 -31
leaf_value=-0.056624156207182065 -0.050031611836942991 -17.68557471995566 -641.10880300299698 -8.2873452893892559 -1.6105572543996143 -0.050004287680265706 -595.30312531743971 -80.191574450524882 -0.050203579039463292 -0.92019101056756658 -0.051162398061883455 -0.65255285542313679 -0.05001012400134202 -53.315957836348666 -37.446092296478625 0.0091340673831989353 -0.050074318543946172 -0.053816561522781747 -0.078074779963726276 -0.10427969389401331 0.030973739284292753 0.032732538205505389 -0.015969833204043864 -0.043636507439411387 -0.013757699706209754 -0.047276320581562017 0.12227102472810439 -0.050299310399416111 0.10435540851258701 -0.055836023641561275
leaf_weight=6.7240185530460712 0.0011586752370299303 0.0028242603772287841 0.0010139472994295142 0.048570879450576476 0.030494802470144577 0.001382149722644499 0.0013437668670519543 0.0043672685316150572 0.015136205909028137 0.057671565017516468 0.068736358611268034 0.26593398139838242 0.021037575686302712 0.0018773705211287952 0.0013370383723928124 3.2950409843237916 0.029961031885900973 0.73937624110060418 13.774283439789187 0.95817764149250706 14.353212344322959 1.5660507085927431 15.554416195552864 8.3361261072018653 3.0212272785295888 4.8780280461047871 0.49237296678256903 0.16172856821560078 0.25072381678455713 9.7525648810518764
leaf_count=37630 13 9 62 109 26 24 18 102 41 15 34 197 196 29 32 976 160 323 18972 606 10382 1406 50679 2099 5161 22060 142 219 6 46880
internal_value=-0.0604918 -2.46798 -299.228 -1.80323 -10.0863 -153.142 -293.486 -3.39925 -17.9957 -0.585823 -0.530381 -0.0324439 -0.0788739 -4.41397 -0.0731538 -0.0641435 -1.64761 -0.116504 -0.0612401 -0.0202196 -0.010204 -0.00292208 0.00655924 -0.0315586 -0.0448342 -0.0252606 0.00530448 -0.0508252 0.043713 -0.0601698
internal_weight=84.4102 0.972076 0.00217262 0.969903 0.124285 0.00555018 0.00272592 0.118735 0.0195035 0.845619 0.0992312 83.4381 17.3895 0.0229149 17.3666 17.1006 0.0312981 0.797048 17.0693 66.0486 46.9463 39.8098 29.9076 9.90218 19.1024 8.39163 3.5136 7.13647 0.412452 10.7107
internal_count=198608 776 75 701 254 51 42 203 143 447 60 197832 20562 225 20337 20140 192 338 19948 177270 102421 64566 61061 3505 74849 27363 5303 37855 225 47486
is_linear=0
shrinkage=0.05


Tree=64
num_leaves=31
num_cat=0
split_feature=9 10 17 16 24 26 21 15 25 9 27 11 12 12 3 24 8 21 28 29 28 24 17 10 13 9 17 28 11 11
split_gain=111.807 2227.28 11270 572.845 14.4337 41.3747 34.4321 329.163 575.045 7.63094 85.0935 6.23073 5.81782 5.40536 5.36108 4.81032 8.10156 6.4413 3.72136 3.23613 2.76242 2.2544 2.18214 3.45039 2.098 0.867958 0.703515 0.624914 0.0675001 0.000527736
threshold=5.199622342376883 0.63324803857208034 0.23995827372925529 -1.42532783380909 1.1120555684321285 -2.8357165975312602 -2.5379325835587596 -0.71824490667027885 0.55405849647786798 -1.6320907716769968 -1.4545053635770493 0.30588151478146058 -0.60482610829794581 -1.3821174922410846 0.16748452933192912 0.81430570753170484 -2.2468307519382757 1.1877864337228929 -1.6737733579312282 0.82310300098989575 0.84555883898657491 0.25417377131882907 0.34063918181977659 -0.35802857636935448 -3.9074159136352793 0.60016106264554359 -2.6977004545520193 -1.4997867093526887 0.8578283382141817 -2.830976474373657
decision_type=2 2 2 2 2 2 2 2 2 2 2 2 2 2 2 2 2 2 2 2 2 2 2 2 2 2 2 2 2 2
left_child=4 2 -2 -4 11 -6 7 8 -7 10 -8 14 -5 -3 19 16 -16 -17 -11 24 -21 26 25 -24 -1 -23 27 -13 -28 -15
right_child=1 13 3 12 5 6 9 -9 -10 18 -12 21 -14 29 15 17 -18 -19 -20 20 -22 22 23 -25 -26 -27 28 -29 -30 -31
leaf_value=0.058185395561630507 -0.051105189547501352 -0.44281822441726287 -97.019481892253935 -66.027058510839808 -0.75275606564450737 -47.003792131054333 4.3064639368756366 -0.050074124742780425 -0.05005104214271832 0.097355666012168648 -0.0063440288470620002 -0.14301670542014738 -62.096997181803388 -0.055653873792207244 -0.14058510039709946 -0.032027050512538312 0.013182567068433041 -0.27927379569584687 -0.080175681944337884 -0.034167249898310853 0.049031785006471859 -0.054527069585079573 0.068848724124738331 -0.033876480446176666 -0.057661416044425963 0.011322518102442586 -0.050942648585343156 -0.061455108145043152 -0.059494950560021055 -0.05262511765001459
leaf_weight=0.40864424129206867 0.028714041887669461 0.10051740518931407 0.0020603790918176657 0.0022700755248504564 0.21988528835791044 0.0010648768710268533 0.011476979325024561 0.025935087504811771 0.0016821560543860414 0.3019719531589321 3.2921301137232404 0.45591866988609581 0.0016092121375840479 0.18976718096315759 0.88383528963452107 4.0352952424619764 27.799225922115035 0.28181922409824256 13.129850018129392 2.3836720019886508 1.7158498213229387 4.1723435697697031 1.3280743301009499 2.12600095159423 8.9598793375391654 0.5686153950945706 4.216268972905266 0.48433585753096736 5.0953739684264052 0.59404323200239018
leaf_count=38 248 41 5 13 201 40 74 145 10 285 917 28 42 15 214 3730 33454 73 18890 11665 2749 17271 1757 6943 50498 1392 31154 578 15726 412
internal_value=-0.0364617 -0.584899 -13.0196 -75.7131 -0.0303077 -0.0713444 -0.0624067 -1.79332 -18.2515 -0.0594401 0.00863899 -0.0195712 -64.3968 -0.0976265 -0.00981115 0.00103841 0.00844439 -0.0481672 -0.0761845 -0.0363954 0.000655604 -0.0441569 -0.0246067 0.00562084 -0.0526083 -0.0466293 -0.0597846 -0.101003 -0.0556225 -0.0533584
internal_weight=82.8181 0.918982 0.0346537 0.00593967 81.8991 16.984 16.7641 0.0286821 0.00274703 16.7354 3.30361 64.9152 0.00387929 0.884328 46.4682 33.0002 28.6831 4.31711 13.4318 13.468 4.09952 18.4469 8.19503 3.45408 9.36852 4.74096 10.2519 0.940255 9.31164 0.78381
internal_count=198608 776 308 60 197832 20562 20361 195 50 20166 991 177270 55 468 102421 37471 33668 3803 19175 64950 14414 74849 27363 8700 50536 18663 47486 606 46880 427
is_linear=0
shrinkage=0.05


Tree=65
num_leaves=31
num_cat=0
split_feature=24 26 24 21 2 9 23 6 27 13 16 2 7 28 5 11 7 21 12 27 15 11 7 18 10 15 17 2 12 0
split_gain=14.7657 35.0142 59.2189 8.59612 157.868 6.76748 13.8121 19.3346 9.22133 5.91674 4.72454 6.43093 7.1417 415.425 9.34132 3.79373 4.22626 3.50812 3.3077 3.86288 3.19324 3.11698 2.80128 2.60675 6.06381 2.58149 1.83397 2.17234 6.34322 1.58391
threshold=1.1120555684321285 -2.8357165975312602 1.6563711419385141 -2.5379325835587596 -4.0088752521451889 -1.6320907716769968 -1.6265747549279388 0.25002783118828359 1.9439264941652399 -0.90135916658118054 1.3261799920569672 0.63183402092078889 0.39061782785246235 -1.5736545141145453 -1.4367335699459804 -0.13468243181431619 -0.10523082120085624 1.7636471944843384 0.23179011948045286 -0.21312934540145376 0.084505182598771475 -2.4823734980974708 -0.21112529816833972 -2.3112858319934242 0.35910646199216756 -1.7138531292788928 -2.6977004545520193 1.1353930664745528 -1.825336033404567 0.84750086040498906
decision_type=2 2 2 2 2 2 2 2 2 2 2 2 2 2 2 2 2 2 2 2 2 2 2 2 2 2 2 2 2 2
left_child=9 2 -2 4 -3 6 7 -5 -8 10 11 12 14 -14 -1 16 18 25 19 -11 22 -20 29 24 -18 -7 -17 -28 -29 -12
right_child=1 3 -4 5 -6 17 8 -9 -10 15 20 -13 13 -15 -16 26 23 -19 21 -21 -22 -23 -24 -25 -26 -27 27 28 -30 -31
leaf_value=0.27128224188108557 -0.059174410106644787 -8.4933832085875629 -1.6474497213398154 0.85370754596433684 -0.053489882487173707 -0.14466786480204583 -0.0024111358252920344 -0.04695429620507903 -0.29036685048213218 -0.050303535911921188 0.044171723445550634 -0.055439806584945697 -20.770146194793277 -0.01584884717840325 0.042153345453578066 -0.11110061760798016 -0.086277460056668434 0.08849587880543569 0.043888484386911175 0.060125488333092073 -0.043155968810801582 -0.057099654865546072 -0.054651364146162333 -0.046912623651113872 0.18237499124468937 -0.072555188627776407 -0.04646858086279012 0.36973872336962715 -0.014396058620921959 0.19814461980306314
leaf_weight=0.4677067535133056 0.15561130501450257 0.0058522797289940883 0.094223860209850657 0.10995115438680633 0.10405380172076258 1.3862767424676459 3.4482780476620745 0.13008649307435741 0.30240605861763459 0.99199741821080722 1.3272308113973328 2.5757336112886255 0.0024127729375725817 3.4890358919416951 9.0919449361185531 1.0122171725441926 0.42770843146568793 0.31587443059601206 1.1125719151862532 3.9265605807149337 7.5402651016837092 2.4392535324084141 0.74831058655679239 8.0029391007194999 0.41272267034085353 11.84617005529851 19.087431868893713 0.11784579440791287 1.2204756055956758 0.19107081000106507
leaf_count=110 83 14 135 49 182 714 879 52 11 2997 213 5653 47 1128 7849 947 422 483 1380 6357 2769 8313 1283 34435 287 18413 97206 153 6007 37
internal_value=-0.0302472 -0.0704054 -0.658183 -0.0620849 -0.502897 -0.0593226 -0.0020961 0.365601 -0.0256281 -0.0190487 -0.000310238 0.0167614 0.0310108 -0.0301911 0.0533635 -0.0313472 -0.013939 -0.076179 0.0113022 0.0378537 -0.0275131 -0.0254662 0.0245254 -0.0381156 0.0456536 -0.08011 -0.0454064 -0.0421509 0.0194289 0.0635485
internal_weight=82.0842 17.8988 0.249835 17.6489 0.109906 17.539 3.99072 0.240038 3.75068 64.1854 25.4337 15.6268 13.0511 3.49145 9.55965 38.7517 17.3138 13.5483 8.47038 4.91856 9.80688 3.55183 2.26661 8.84337 0.840431 13.2324 21.438 20.4258 1.33832 1.5183
internal_count=198608 21015 218 20797 196 20601 991 101 890 177593 19089 14787 9134 1175 7959 158504 54191 19610 19047 9354 4302 9693 1533 35144 709 19127 104313 103366 6160 250
is_linear=0
shrinkage=0.05


Tree=66
num_leaves=31
num_cat=0
split_feature=24 26 24 16 21 28 22 4 3 2 18 2 4 17 7 27 3 24 20 7 1 16 17 15 14 5 7 7 24 17
split_gain=12.7701 52.2382 365.892 6.88935 9.10399 31.8734 46.4218 8.2408 73.4091 1950.38 8.29767 18.9524 6.4421 152.648 2118.12 9.15966 7.10706 7.74351 4.30393 3.79248 3.18 4.29334 5.0252 2.78692 2.53054 4.01647 2.40452 1.24185 1.06389 0.531267
threshold=1.1120555684321285 -2.8357165975312602 1.6563711419385141 -1.8632890144386625 1.2067997121747993 0.016926207629685167 0.18114379113684198 0.11697613984306775 1.9170863709417352 -0.79729711439820206 2.7786210890898873 -2.9865825183719816 -3.5780307616273812 -2.1300756249806678 0.32787119013069282 -2.2002698322111542 2.1354552106459397 1.4765941260120219 0.37808708725864304 0.21812020176770772 0.93403692656948289 -0.2846978133490578 -0.52846471713079934 -1.7138531292788928 -2.7344467471434837 2.0792152929249297 0.21306607850206752 0.21812020176770772 1.8024557136668176 -2.6977004545520193
decision_type=2 2 2 2 2 2 2 2 2 2 2 2 2 2 2 2 2 2 2 2 2 2 2 2 2 2 2 2 2 2
left_child=3 2 -2 4 7 6 -6 10 9 -9 18 -12 15 14 -14 -3 23 -18 -1 20 21 26 -23 -15 25 -21 -5 -7 -17 -26
right_child=1 12 -4 19 5 27 -8 8 -10 -11 11 -13 13 16 -16 28 17 -19 -20 24 -22 22 -24 -25 29 -27 -28 -29 -30 -31
leaf_value=-0.026244523503979267 -0.058662107216467411 0.59337986324613323 -7.0411531382990651 -0.046038472188789162 1.5350887079509157 -0.023357724611695552 0.055881230845081391 -50.723666556398975 0.054965003206335919 -0.050993503133511121 0.074430996064524732 -0.51412944835013052 -0.050014001204613051 -0.13540293830700206 -56.841856340163396 -0.05262130150224037 0.27263416385901545 -0.010006970981270964 0.07505784757322724 -0.050811588034409029 -0.054134821032987862 -0.040609054932577937 0.0073723222689939978 -0.06242884725447622 -0.091194567998576656 0.28057348353803185 0.10592290460376537 0.083203998941654131 0.067781312535305158 -0.052012378304719789
leaf_weight=1.6093560925379544 0.1492819505464007 0.077630967426671305 0.021458636121850394 9.3498783925187681 0.094323819324313718 0.4601273791935514 0.12118394348412803 0.0019734130309086708 0.32567324159663258 0.050322131015341026 0.33952842662438343 0.22905465960502613 0.02428873856469493 1.4510791812951112 0.0017608160064455118 0.28682201236551563 0.29084044940934095 1.4528637813305696 3.0085839365250568 0.24243700469201357 5.2044913438990497 7.0687409046016958 23.931756198754677 13.302675370199502 0.95742372628097072 0.14680403255988494 0.26777237875649085 0.6737369198988552 0.50915814790108527 8.973298721531874
leaf_count=54 83 27 135 48579 46 48 30 14 23 180 43 7 255 770 34 83 123 209 146 804 5684 24381 46226 19179 914 15 244 17 117 50138
internal_value=-0.0282084 -0.0659083 -0.93622 -0.0177051 0.0293905 0.145903 0.703303 0.00113659 -0.224262 -1.96317 0.0175626 -0.162672 -0.0573668 -0.0643628 -3.88885 0.0749568 -0.0583239 0.037136 0.0397539 -0.0235048 -0.0173377 -0.0126228 -0.0035684 -0.0696061 -0.0508881 0.0741718 -0.0418076 0.0399608 0.0243957 -0.0557899
internal_weight=80.6243 17.5679 0.170741 63.0565 6.91386 1.34937 0.215508 5.56449 0.377969 0.0522955 5.18652 0.568583 17.3971 16.5235 0.0260496 0.873611 16.4975 1.7437 4.61794 56.1426 45.8226 40.6181 31.0005 14.7538 10.32 0.389241 9.61765 1.13386 0.79598 9.93072
internal_count=198608 21015 218 177593 608 141 76 467 217 194 250 50 20797 20570 289 227 20281 332 200 176985 125114 119430 70607 19949 51871 819 48823 65 200 51052
is_linear=0
shrinkage=0.05


Tree=67
num_leaves=31
num_cat=0
split_feature=24 26 19 9 23 3 27 16 0 5 4 14 1 25 18 11 28 5 3 25 4 4 28 15 10 24 17 10 29 2
split_gain=12.0422 51.6802 308.253 6.2542 10.5639 25.3411 8.05683 5.92812 7.68791 20.4685 8.5217 53.0706 10.2639 16.9571 8.36404 3.69412 3.73085 3.86726 3.68271 3.6041 3.40994 5.6663 2.8513 2.32978 73.8416 2.14016 2.0444 2.99891 1.82301 1.60975
threshold=1.1120555684321285 -2.8357165975312602 0.68444373671453207 -1.6320907716769968 -1.4506356178720925 1.2424117575055311 1.9439264941652399 -1.8632890144386625 -0.49095964417822718 -0.78016977687001876 0.11697613984306775 -0.61861910654891095 1.5411155936351106 -0.028007624509480245 2.1382577162807235 0.30588151478146058 1.3053424597371979 0.73866272153231216 1.3747195609270644 0.14682206280695603 0.17771781516260796 0.93836699996103301 -1.6737733579312282 -1.7138531292788928 -1.8697037444286775 0.25417377131882907 0.34063918181977659 -0.35802857636935448 0.82310300098989575 -1.8994895531147826
decision_type=2 2 2 2 2 2 2 2 2 2 2 2 2 2 2 2 2 2 2 2 2 2 2 2 2 2 2 2 2 2
left_child=7 2 -2 4 5 29 18 8 10 -10 12 -12 14 -14 -1 16 20 19 -6 -18 28 -22 -5 24 -24 -17 -27 -28 -9 -3
right_child=1 3 -4 22 6 -7 -8 15 9 -11 11 -13 13 -15 -16 25 17 -19 -20 -21 21 -23 23 -25 -26 26 27 -29 -30 -31
leaf_value=0.023599754969971184 -0.058180483983580757 0.12698896953900748 -6.168486063232054 0.072228055951545009 -0.061772480243152773 0.89483345356942445 -0.2834158568394225 -0.054631212398311035 0.66976572514528121 0.03857486837113841 -1.5230239284380831 -0.0096939582686768125 0.060484727875080579 0.49932244916048085 -0.15191896549812056 -0.058495792557305019 0.054639225765999611 -0.050918072331429365 0.045966207090352817 -0.030433408620937498 0.015784703506110175 -0.041581809808702248 -3.9559019018820436 -0.069402154242166711 -0.102844649757014 -0.045382725830906114 0.06472162749541048 -0.032087826120887904 -0.011446183088505162 -0.06107255997062299
leaf_weight=3.2326944525069115 0.14316393797794602 0.23890868011517341 0.024117708939807025 0.32998729433500784 1.6810651862898807 0.10624581802611821 0.29657673016663455 8.8544994208246948 0.16477354305413627 0.58251068390415983 0.064712118419436138 0.55302597449342794 1.2062555035723801 0.2692714056983373 0.85913719756547369 9.2212699587734246 4.8972661311840193 1.735128711382228 1.5017069820665716 1.6693367452951688 10.225418433547 7.433863778507102 0.012555794379295437 11.379666617264597 1.2877006968135756 4.3334562552518605 1.3349989775000175 1.9960104544159512 3.3753571204660071 0.21727247495443303
leaf_count=90 181 6 37 312 779 15 11 40832 14 117 39 148 92 84 24 47458 4850 2591 93 2355 25240 12617 56 18731 689 18701 1754 6938 13649 105
internal_value=-0.0275803 -0.0645724 -0.939129 -0.0559927 -0.00166477 0.199389 -0.0341645 -0.0173082 0.0262674 0.17775 0.00796523 -0.168225 0.0275148 0.140569 -0.0132529 -0.022793 -0.0141826 0.0154702 -0.0109388 0.0330124 -0.0224187 -0.00836434 -0.0728707 -0.0766468 -0.140051 -0.0422673 -0.0227424 0.00671138 -0.0427124 0.037418
internal_weight=79.228 17.219 0.167282 17.0517 4.04178 0.562427 3.47935 62.009 6.93238 0.747284 6.1851 0.617738 5.56736 1.47553 4.09183 55.0766 38.1909 8.30173 3.18277 6.5666 29.8891 17.6593 13.0099 12.6799 1.30026 16.8857 7.66447 3.33101 12.2299 0.456181
internal_count=198608 21015 218 20797 1009 126 883 177593 608 131 477 187 290 176 114 176985 102134 9796 872 7205 92338 37857 19788 19476 745 74851 27393 8692 54481 111
is_linear=0
shrinkage=0.05


Tree=68
num_leaves=31
num_cat=0
split_feature=24 3 23 28 0 12 12 13 29 20 7 28 7 18 15 17 15 3 18 11 7 24 24 4 29 18 16 28 14 9
split_gain=8.51333 5.94892 24.899 22.9132 72.375 109.606 6.74764 5.53807 5.3754 4.67935 6.47345 941.736 36.7724 20.9569 62.9774 5.65939 4.72207 6.00937 3.54051 3.44898 3.89655 3.16275 6.30402 3.03041 4.96213 2.35908 4.45032 2.15518 2.09792 1.82129
threshold=1.0802232801070815 2.1354552106459397 -0.97476909113781096 2.5829901265502273 -2.473640261836823 0.12934849369776677 -1.5190162595383889 -0.90135916658118054 -1.3206584855275121 -0.11450918108095547 0.54820167569678457 -1.570247523724378 0.69160161182903301 3.283747335452579 -0.99216682270927203 -2.6977004545520193 -3.2656479115144936 2.99472349397 1.6254138431872429 -0.13468243181431619 -0.10523082120085624 0.76978697641445659 0.81430570753170484 -0.11733144715060116 1.0000000180025095e-35 -2.3112858319934242 0.097758844019429109 -1.3649213781868161 -1.6199565997715459 -1.6320907716769968
decision_type=2 2 2 2 2 2 2 2 2 2 2 2 2 2 2 2 2 2 2 2 2 2 2 2 2 2 2 2 2 2
left_child=7 3 -3 29 5 -5 -4 9 18 16 13 -12 -13 15 -15 -11 17 -1 -8 20 23 28 -23 -9 -25 26 -22 -10 -18 -2
right_child=1 2 6 4 -6 -7 8 19 27 10 11 12 -14 14 -16 -17 21 -19 -20 -21 25 22 -24 24 -26 -27 -28 -29 -30 -31
leaf_value=-0.051652854865281261 -0.024838562343778112 0.57852108197679231 -0.42011554867846546 -10.326196923300328 -0.051041927184523085 -0.050175007583376618 -0.048716581117401118 -0.035935839775706982 0.08153589144291451 0.18364061732264159 -47.127939300959177 -0.52493120969715701 0.041515370994808586 4.3036101328859431 -0.050407833021119376 0.02217548486201849 0.029889064299601972 0.38862659338410993 -0.31037398231586805 -0.04342180039089559 -0.082401164575003447 0.15352526796279387 -0.031063383058932616 0.0017028313189348253 0.10257247829737676 -0.045987732786238113 0.14183071431796662 -0.02673394114261848 -0.061588857093173591 -0.071815591690547062
leaf_weight=0.15717083878469335 2.4550683366283126 0.18157089641192214 0.10504811003107128 0.0048656804931638603 0.032103537092783033 0.005560243759485114 0.34066081612647026 2.3525538741226288 0.96969776044356393 0.56786081937446375 0.0010620687400070264 0.3314918677961044 2.1115870561682577 0.011484445771202445 0.02999953967298985 12.243670797996247 0.70400356932269659 0.15289532213613161 0.20835343842322307 19.2230954880776 0.4050152828382852 0.61658622053087708 1.851335981569334 4.170862762263094 1.7228676699305729 7.3154512933921279 0.48776328099130911 0.87381350267498448 5.7118104351009009 12.927477724719846
leaf_count=42 913 61 14 17 38 26 49 7832 43 79 47 496 783 12 39 9022 1232 29 17 103386 332 162 818 9425 1626 34198 375 262 6100 21133
internal_value=-0.025516 -0.0555774 0.0131951 -0.0675223 -1.22648 -4.8459 -0.0279035 -0.0164707 -0.0106827 0.00183805 0.0187815 -0.055807 -0.0353436 0.0329653 1.15496 0.0293323 -0.0263534 0.165451 -0.148017 -0.0290388 -0.0122358 -0.0330479 0.0150543 0.0120394 0.0311893 -0.0366236 0.0401063 0.0302166 -0.051551 -0.064318
internal_weight=78.2728 18.1042 2.67914 15.4251 0.0425295 0.0104259 2.49757 60.1686 2.39253 24.491 15.2972 2.44414 2.44308 12.853 0.041484 12.8115 9.1938 0.310066 0.549014 35.6776 16.4545 8.88374 2.46792 8.24628 5.89373 8.20823 0.892779 1.84351 6.41581 15.3825
internal_count=198608 22573 446 22127 81 43 385 176035 371 18861 10478 1326 1279 9152 51 9101 8383 71 66 157174 53788 8312 980 18883 11051 34905 707 305 7332 22046
is_linear=0
shrinkage=0.05


Tree=69
num_leaves=31
num_cat=0
split_feature=24 19 1 4 17 20 16 23 20 16 7 7 5 8 28 7 1 16 23 13 14 5 7 12 27 24 24 24 17 15
split_gain=7.9216 5.89104 26.5514 6.14226 291.947 2421.84 40.5191 136.527 7.95557 5.40544 7.85781 49.1155 13.0133 13.3022 4.73296 3.46406 3.01038 3.82952 4.61718 2.72869 2.25503 2.49887 2.17457 1.29843 0.984661 0.757312 0.663288 0.518549 0.393598 0.336141
threshold=1.1120555684321285 4.8077962034842194 -4.9028444549746428 -3.5780307616273812 -2.3371287869327109 0.81508089726867039 -1.8632890144386625 -0.46963357714442749 -2.2076084068816173 -1.8632890144386625 0.54820167569678457 0.69160161182903301 -1.3575345130014977 -1.7739039970367363 -1.4312837180701072 0.21812020176770772 0.93403692656948289 -0.2846978133490578 -0.35089533368004311 -2.8694824988781913 -2.7344467471434837 2.0792152929249297 0.14784163850721169 -0.11755492244436554 -3.1932199849054825 1.8024557136668176 -0.38421714570403492 -2.9355909197284418 -2.6977004545520193 -2.6130763050215537
decision_type=2 2 2 2 2 2 2 2 2 2 2 2 2 2 2 2 2 2 2 2 2 2 2 2 2 2 2 2 2 2
left_child=9 3 -3 8 5 -5 7 -6 -2 10 12 -12 -1 -14 -8 16 17 22 -19 -15 21 -17 -11 -13 -4 -10 -25 -18 -22 -29
right_child=1 2 24 4 6 -7 14 -9 25 15 11 23 13 19 -16 20 27 18 -20 -21 28 -23 -24 26 -26 -27 -28 29 -30 -31
leaf_value=0.35881199907011552 0.54254397953482292 -1.6346225972109687 -0.21263557593362387 -0.050017862757764743 8.7967671635144189 -67.903536893468385 -0.0045420831422361826 -0.050295812216822167 -0.051407007120632578 -0.049380067629530407 -0.60647562088467455 0.07043569462321575 0.38564249696799591 0.047241925090411682 -0.069621755460332072 -0.050693920472710929 0.03775323657425933 0.030037657140096319 -0.014521122388779187 -0.040009103193518934 -0.086036350825513669 0.19809588147160179 0.030498103314525515 0.055676338805005145 -0.053011399122650162 0.060734426112444707 -0.062514287540465327 0.051001494201329128 -0.051343371880394256 -0.057437312695215154
leaf_weight=0.34491293805821754 0.084096919220484678 0.031572138203852129 0.17985135316848755 0.012210731536160174 0.005651668705440426 0.0014737630414865819 3.64170117325114 0.019091587158348244 0.20781440447536947 7.7924093798806346 0.33811019290672595 1.4414550979937055 0.25988406396009933 2.5211481364937915 11.9977401297817 0.21575516164834674 0.15287306234340636 7.8110590126383661 22.735143087832636 1.3902227580211031 0.91051698828468275 0.18964558208972448 0.95663479907889293 0.18182801982034741 0.20874311605687917 0.5463600237897307 0.34194966289560841 0.072565119367027253 8.0061505268247366 4.7133363213689661
leaf_count=21 19 67 19 153 35 26 3465 41 74 44361 18 61 27 117 16850 804 50 15091 55516 255 914 15 4462 38 158 108 71 12 50138 5622
internal_value=-0.0250806 -0.0552992 -0.240184 -0.0505958 -0.0576464 -7.35756 -0.0512691 1.97048 0.0812697 -0.0166038 0.0253221 -0.0498314 0.0636521 0.0392459 -0.0544677 -0.0219424 -0.0161047 -0.0114805 -0.00312687 0.0162302 -0.0496424 0.0656894 -0.0406461 0.0459369 -0.12689 0.0298336 -0.0214847 -0.0528975 -0.054886 -0.0557931
internal_weight=77.3119 16.9363 0.420167 16.5161 15.6779 0.0136845 15.6642 0.0247433 0.838271 60.3756 6.81951 2.30334 4.51617 4.17125 15.6394 53.5561 44.234 39.2952 30.5462 3.91137 9.32207 0.405401 8.74904 1.96523 0.388594 0.754174 0.523778 4.93877 8.91667 4.7859
internal_count=198608 21015 244 20771 20570 179 20391 76 201 177593 608 188 420 399 20315 176985 125114 119430 70607 372 51871 819 48823 170 177 182 109 5684 51052 5634
is_linear=0
shrinkage=0.05


Tree=70
num_leaves=31
num_cat=0
split_feature=24 3 21 5 28 13 5 29 11 2 0 28 8 7 15 29 9 14 18 24 17 13 12 12 9 11 18 9 9 18
split_gain=8.79786 8.54283 7.40538 18.4832 6.08408 23.3063 65.237 5.24853 5.03256 5.13168 5.58597 6.52357 43.5795 6.73227 3.51385 25.8903 3.13529 2.9301 2.81523 2.69614 3.435 3.88004 4.25887 2.41984 5.2219 1.8298 1.71056 0.859431 1.28174 0.75951
threshold=1.1120555684321285 3.2991048220167891 2.2457657455174087 -2.3827505000994074 2.5829901265502273 -0.51164628484170438 3.2987211318532692 -1.1557537557954036 0.10790207165811543 0.65705998829307222 0.60923451383518923 -1.9132643284150401 -1.7305301868936434 0.37407810684955206 -2.8416237019844579 -0.82594429633118727 -1.6320907716769968 -2.7344467471434837 1.4655934130874122 0.25417377131882907 0.34063918181977659 -0.56755440133932467 -0.34225362711399837 -1.825336033404567 0.31819253637779416 -2.6839861699909777 -3.0073998271388769 0.60016106264554359 0.61114786198091864 1.5794242446269187
decision_type=2 2 2 2 2 2 2 2 2 2 2 2 2 2 2 2 2 2 2 2 2 2 2 2 2 2 2 2 2 2
left_child=8 2 4 -4 14 -6 -7 -3 9 10 11 12 -1 -13 15 -2 -16 -12 -19 23 27 22 -22 24 -10 26 -11 -21 -29 -9
right_child=1 7 3 -5 5 6 -8 29 19 25 17 13 -14 -15 16 -17 -18 18 -20 20 21 -23 -24 -25 -26 -27 -28 28 -30 -31
leaf_value=2.5741052386651297 -0.88615819025525777 0.38093062647587012 -1.4625223560408462 -0.052301114672517038 -0.053175044115161212 -0.051160615023272252 -4.8023787152905957 0.061926575243484917 -0.054738473955847737 0.14121629086814028 0.14105796744318314 0.026222708717641641 -0.052042548471122677 -0.040243353857918364 -0.0025420398337180068 -0.022456836331530332 -0.064224985463473647 -0.040571116060423663 0.12190998698621308 -0.053272160337887599 -0.060103467224709564 -0.052638464872169881 0.084965640087600491 -0.057191878577063718 0.33031099423450949 -0.056488346994214456 -0.050526737938717953 0.094414565052631197 -0.050904573282200952 -0.051563537122244721
leaf_weight=0.019047803044941247 0.10610428957625367 0.12817393188529291 0.033063146638546245 0.078166014942233311 0.12265282054878675 0.023058143485175361 0.010521423829686682 0.76107135681876226 0.27863004264369529 0.23616394027339993 0.2409831390250482 19.100210086388437 0.092573412125790067 4.7590498142913686 2.4312734108592844 0.47606418985492033 13.494078820284773 8.7281799677840031 0.27499202709666626 4.1031136597751807 0.6619018572551999 1.3394525546038183 2.1468969310238331 10.825638803133069 0.12873284295346821 5.4836218799789407 0.2292039030280496 0.26030980868381437 0.3638069276427931 0.18283581637410218
leaf_count=15 31 32 13 148 24 35 29 71 453 14 132 24870 85 8111 861 113 19597 28088 444 21116 576 8914 1615 59498 31 20631 853 89 2058 61
internal_value=-0.0253503 -0.0561268 -0.064872 -0.471493 -0.0621579 -0.372711 -1.53985 0.0807106 -0.0160834 -0.00564381 0.00201587 0.0147492 0.396101 0.0129652 -0.0592187 -0.179872 -0.054808 -0.0310028 -0.0356083 -0.0364159 -0.015819 0.0173864 0.0507797 -0.0526901 0.066943 -0.0484101 0.0467786 -0.0449574 0.00970588 0.0399434
internal_weight=77.1196 17.8471 16.775 0.111229 16.6638 0.156232 0.0335796 1.07208 59.2725 39.164 33.215 23.9709 0.111621 23.8593 16.5075 0.582168 15.9254 9.24416 9.00317 20.1085 8.87548 4.14825 2.8088 11.233 0.407363 5.94899 0.465368 4.72723 0.624117 0.943907
internal_count=198608 21015 20851 161 20690 88 64 164 177593 83243 61745 33081 100 32981 20602 144 20458 28664 28532 94350 34368 11105 2191 59982 484 21498 867 23263 2147 132
is_linear=0
shrinkage=0.05


Tree=71
num_leaves=31
num_cat=0
split_feature=3 10 7 7 19 6 7 18 24 26 11 1 19 4 21 13 4 9 18 6 0 8 19 13 12 14 19 11 29 3
split_gain=8.14158 6.61835 10.0786 104.625 19.9808 559.159 83.3236 12.1263 6.16933 10.4039 7.18489 6.45882 4.66269 4.57575 3.42981 3.16253 2.79049 2.11932 3.35569 3.6523 3.21638 2.69341 1.54833 1.53347 1.42855 0.938455 0.857848 0.664586 0.65803 0.572124
threshold=0.16748452933192912 1.6723810446314216 0.54820167569678457 0.72561269347267021 0.32528996974471475 -2.87618420856808 0.36587783359475401 3.283747335452579 0.98089306249366481 -3.5480525807114893 0.33351052209460696 0.93403692656948289 -0.48095205606339558 3.3391884763309219 1.7636471944843384 -3.3356271479323412 0.57554176897737641 -0.93784742057259007 1.4655934130874122 -0.36192085479110631 -0.3537929400373907 0.98950561676661308 -1.8279267169439317 -3.9074159136352793 -0.11755492244436554 -0.79874833317796712 4.8077962034842194 -3.2946583790412771 1.482721919918329 1.7499371652409101
decision_type=2 2 2 2 2 2 2 2 2 2 2 2 2 2 2 2 2 2 2 2 2 2 2 2 2 2 2 2 2 2
left_child=13 8 4 -4 7 -6 -7 15 10 -10 11 12 -2 16 27 -3 17 20 22 -20 23 -22 -19 -1 -5 -26 -18 -11 -16 -12
right_child=1 2 3 24 5 6 -8 -9 9 14 29 -13 -14 -15 28 -17 26 18 19 -21 21 -23 -24 -25 25 -27 -28 -29 -30 -31
leaf_value=0.063982992712138434 0.056802487593975694 0.054794674124552779 -1.1215071249553927 0.072959263516057124 14.508860849703476 -0.051185784439525699 1.4683367982579485 0.60149780233589911 -0.56691365831451079 0.056991259398375176 -0.057361312165710256 -0.058046527502779943 0.00091534876094156537 -0.34720902614407551 -0.051993600180297722 -0.026268575895594632 -0.069212464256221171 0.038920075641868612 0.091272594885036959 -0.064390420900786532 0.091140257445318826 -0.050554420675451517 -0.058483403751616848 -0.054374038882380099 0.062317848144192362 -0.043247545793805325 -0.17255029322251705 -0.056875394230031198 0.093850584378428636 -0.01602479939061081
leaf_weight=0.31224247042057029 4.8690659865583621 2.6908104666884114 0.21082209478531089 1.4152124534165933 0.0068686365315174793 0.60778043823275241 0.10594437204628571 0.090873882035097497 0.097770151536761385 0.12978034969759633 6.7224191785068133 3.6603357927183167 15.982680884878761 0.12725187195997989 0.09220072927305345 2.1762691450498091 7.2729738743665413 0.4238304583851108 0.87094757192147487 0.66418471076683316 1.1625151250920567 0.47136524538766544 10.919422037196325 2.215318159517186 0.3216162527324975 0.60951071598740347 0.2065345067540284 10.162968090064103 0.47986660927290359 0.95612713314540521
leaf_count=9 3153 229 143 101 26 372 42 21 67 16 30166 2915 28949 205 134 2289 25376 626 1251 2362 1474 4050 72306 6249 21 194 51 13440 7 2364
internal_value=-0.0245333 -0.0132026 0.0278714 -0.0545539 0.0649891 0.311005 0.17437 0.0292328 -0.0210414 -0.0534374 -0.0100089 0.00321209 0.0139655 -0.0481584 -0.0488167 0.018548 -0.0466063 -0.035431 -0.0454547 0.023924 -0.00441079 0.0502621 -0.054844 -0.0397528 0.0413135 -0.00678469 -0.072066 -0.0554397 0.0703447 -0.0522141
internal_weight=76.0355 51.3889 8.23571 2.55716 5.67855 0.720593 0.713725 4.95795 43.1532 10.9626 32.1906 24.5121 20.8517 24.6466 10.8648 4.86708 24.5193 17.0398 12.8784 1.53513 4.16144 1.63388 11.3433 2.52756 2.34634 0.931127 7.47951 10.2927 0.572067 7.67855
internal_count=198608 84649 3438 459 2979 440 414 2539 81211 13664 67547 35017 32102 113959 13597 2518 113754 88327 76545 3613 11782 5524 72932 6258 316 215 25427 13456 141 32530
is_linear=0
shrinkage=0.05


Tree=72
num_leaves=31
num_cat=0
split_feature=22 10 8 27 16 3 11 7 14 18 12 19 0 17 28 26 22 4 5 6 18 6 18 0 10 12 5 14 20 24
split_gain=8.12706 22.0086 14.8378 33.6541 54.7488 7.83207 6.12986 19.678 27.869 11.3053 10.199 4.03704 5.57931 3.86507 3.63734 4.26208 3.22462 2.64397 2.58816 2.22983 2.10205 3.44077 1.54892 1.52887 0.70411 0.619247 0.258822 0.289459 0.255095 0.0272678
threshold=2.9161543457030841 2.1418474339096316 -2.4340309445854755 1.1416433730034914 1.6278697081242146 0.16748452933192912 -3.2946583790412771 -0.58763109127321023 -0.69145629259315278 3.283747335452579 1.5664871097304682 -0.48095205606339558 -1.9339127224549764 0.094347486216242074 1.4598908066522018 1.333846404340761 -0.59051481762887215 0.57554176897737641 -2.3827505000994074 2.4516057181716353 1.4655934130874122 -0.36192085479110631 -0.85255020017841077 -0.3537929400373907 1.768276934615755 -1.7768724656004034 3.5941870512372973 1.1451292086604388 -0.73356244097682266 2.0937128840642232
decision_type=2 2 2 2 2 2 2 2 2 2 2 2 2 2 2 2 2 2 2 2 2 2 2 2 2 2 2 2 2 2
left_child=5 2 3 4 -2 17 7 8 -7 10 -9 12 25 -14 15 -13 -16 19 -4 20 22 -22 -1 -21 26 -8 27 -19 29 -26
right_child=1 -3 18 -5 -6 6 11 9 -10 -11 -12 14 13 -15 16 -17 -18 24 -20 23 21 -23 -24 -25 28 -27 -28 -29 -30 -31
leaf_value=-0.011201215154815133 -5.29040130514041 -1.284331305072447 -0.26814014816208159 -0.052205226766779848 -0.050155184890275928 0.044182216392450305 0.053118635429321021 0.044058320402275426 0.69429047297982061 -0.33098504156193403 -0.22522212061265964 -0.029112697565809493 0.075978782630810038 -0.013529198555819955 -0.037875819663355896 -0.21862209856152526 0.036947770370151858 -0.055534228483122776 -0.053447301873341749 -0.050549467857474654 0.066665084178738426 -0.062307417347938092 -0.054493023934574294 0.097550632828236131 -0.12941623018816537 -0.054748798418648062 -0.11511076958603919 -0.077494053283777176 -0.051670123328295819 -0.15376198248821862
leaf_weight=2.5521791467595625 0.009541545691603405 0.040558093695347242 0.15604278439355868 0.041196088442952049 0.010436016171714524 0.44362483845543466 0.14165627794136559 4.0495604963814218 0.26233235288029799 0.24096436779018393 0.38506859103059188 29.78797865575395 3.4414027245665229 1.8568130932571967 2.2173549549260549 0.29967291497471293 4.1069399885152746 3.5356939989863228 1.3982332491694476 0.26279659096187202 1.1317122911329387 0.95226787271180846 10.848866854316057 0.51725255919885882 0.24168414327818211 2.1906302885479469 0.26733788392886015 2.6071354617463318 0.096668857933087216 0.21943743595411513
leaf_count=13142 33 41 166 11 15 19 13 345 36 38 24 69934 2463 3212 2890 787 2933 22079 1284 447 1472 2953 69861 38 98 1035 168 2665 399 7
internal_value=-0.0244215 -0.133946 -0.105064 -0.868882 -2.55297 -0.0219252 -0.01067 0.0397043 0.285761 0.00255267 0.0206761 -0.0168252 0.016243 0.0446098 -0.023755 -0.0310002 0.0107139 -0.0458685 -0.0750016 -0.0348285 -0.0389836 0.00773152 -0.0462483 0.0476561 -0.0716389 -0.0481972 -0.0669504 -0.0648544 -0.12552 -0.141002
internal_weight=74.313 1.65601 1.61545 0.0611737 0.0199776 72.657 49.424 5.38155 0.705957 4.67559 4.43463 44.0424 7.6305 5.29822 36.4119 30.0877 6.32429 23.233 1.55428 16.2651 15.485 2.08398 13.401 0.780049 6.96796 2.33229 6.41017 6.14283 0.55779 0.461122
internal_count=198608 1550 1509 59 48 197058 83729 462 55 407 369 83267 6723 5675 76544 70721 5823 113329 1450 87913 87428 4425 83003 485 25416 1048 24912 24744 504 105
is_linear=0
shrinkage=0.05


Tree=73
num_leaves=31
num_cat=0
split_feature=22 10 12 8 3 1 21 16 23 8 26 10 23 24 9 18 29 20 1 29 5 10 19 20 20 10 23 24 15 16
split_gain=8.08799 30.083 60.5161 18.8258 7.44379 5.872 40.2885 184.048 793.847 7.41017 47.3245 6.34749 35.5346 4.45283 2.48004 3.40447 3.25888 1.91043 2.33521 2.51815 1.77865 1.6103 1.40892 1.29662 1.27888 1.08494 0.860863 0.75079 0.0714047 0.013461
threshold=2.9161543457030841 2.0212287399551299 -1.5190162595383889 -2.4340309445854755 0.16748452933192912 2.1379613037422156 1.1192241808443877 2.0592047045816702 -0.35089533368004311 -2.2468307519382757 1.333846404340761 1.9188123405428437 -1.7483580404454051 0.98089306249366481 -0.93784742057259007 1.4655934130874122 0.82310300098989575 0.077781939183445101 -0.031352215446951333 -0.33123010713486239 -2.3827505000994074 2.1418474339096316 -1.8279267169439317 -0.011328322595059675 0.22398622045582348 -1.4106229426090391 0.05837556344423226 1.2357340607817484 -3.2656479115144936 -1.2430477568432567
decision_type=2 2 2 2 2 2 2 2 2 2 2 2 2 2 2 2 2 2 2 2 2 2 2 2 2 2 2 2 2 2
left_child=4 3 -3 -2 14 9 24 8 -8 10 21 13 -13 -11 17 22 28 29 -19 -20 -5 -6 25 -18 -7 -16 -26 -24 -17 -1
right_child=1 2 -4 20 5 6 7 -9 -10 11 -12 12 -14 -15 15 16 23 18 19 -21 -22 -23 27 -25 26 -27 -28 -29 -30 -31
leaf_value=-0.061125600456388623 -1.0670092328643475 -4.7198945649774791 -0.050431597982890708 -0.22136534868393365 -0.059930775510312943 -0.054363581894600436 25.601146381397641 -0.052214317719170393 -0.050209277110720554 -0.0076882436198343774 -0.86542328020807791 1.8999503414536687 0.033688662134329882 -0.046430106068326482 0.089584113817793104 -0.083074413245619844 0.10306421859371616 -0.053678269718325414 -0.053585165453990072 0.071900255518815584 -0.053321529980289863 0.067063383005533425 -0.055461415393291552 -0.050674609683375407 -0.042208715702139514 -0.051354384273388565 0.067262219081480779 -0.078400266222340781 -0.050814061380394564 -0.051415311081214325
leaf_weight=0.48451082830147152 0.049246024181088255 0.010702506964413713 0.019730308236936171 0.1788736261009346 0.53241509100458073 0.38112847178916687 0.0038984577859058076 0.065601877777057949 0.013327236129578311 31.288515438587211 0.18772091360949428 0.025641291747573791 4.8417134961007102 9.7211100188454207 0.26778510325402749 0.24227530986536316 0.77233529623924246 0.97237602055246108 0.53614631775656341 1.5720057820653146 1.3156754770491565 0.46995476633310329 9.5878781982826649 0.16675950663883432 0.2142151223365506 0.2786206709167719 1.1109760340496015 5.6804793740867874 0.58736958705004971 1.355153612073744
leaf_count=161 59 6 45 165 138 376 35 18 46 67723 35 193 1533 13232 55 23 552 3687 1683 1737 1275 10 86884 681 163 739 227 5495 3572 8060
internal_value=-0.0237131 -0.135816 -1.69257 -0.105128 -0.0212401 -0.0102802 0.0786274 1.15554 5.75511 -0.0136598 -0.136838 -0.0104645 0.0435202 -0.0168718 -0.0450344 -0.0538147 0.0119724 -0.0136558 0.0104212 0.0399867 -0.0734337 -0.000390368 -0.0611724 0.0757641 0.0263523 0.0177174 0.0495664 -0.0639956 -0.0602348 -0.0539727
internal_weight=72.9341 1.57423 0.0304328 1.5438 71.3599 48.8562 1.78915 0.0828276 0.0172257 47.0671 1.19009 45.877 4.86735 41.0096 22.5037 17.5835 1.76874 4.92019 3.08053 2.10815 1.49455 1.00237 15.8148 0.939095 1.70632 0.546406 1.32519 15.2684 0.829645 1.83966
internal_count=198608 1550 51 1499 197058 83729 865 99 81 82864 183 82681 1726 80955 113329 98001 4828 15328 7107 3420 1440 148 93173 1233 766 794 390 92379 3595 8221
is_linear=0
shrinkage=0.05


Tree=74
num_leaves=30
num_cat=0
split_feature=11 28 5 22 20 23 1 22 8 15 4 16 3 20 17 7 16 24 4 5 23 11 10 10 15 14 24 27 27
split_gain=543.436 6198.25 556.827 2441.08 29.9996 237.779 25.2355 8.00927 74.7158 362.576 550.656 30.4443 8.26241 8.37061 267.752 5.62554 177.678 4.05943 3.08159 1.2728 0.0106589 0.00589177 0.000812424 0.000236244 1.34979e-06 1.02686e-06 1.75891e-07 2.57294e-08 1.25504e-08
threshold=1.8918770667543445 -1.5770808628201129 2.2165690358411703 2.3073817170819648 -3.6085449097720472 -1.791597992885799 2.1379613037422156 2.9161543457030841 -1.7305301868936434 -0.32891903505566605 -1.2379329326774891 3.5580040536293769 0.48615219757438455 -2.2076084068816173 -2.4908959895935157 1.88174047817606 0.1447400524853284 0.81430570753170484 0.5883974484913318 -2.3827505000994074 -0.19583655268523267 0.94575774939164114 0.76316686368373998 1.5397938394133266 -3.2656479115144936 -2.7344467471434837 1.1610086856110644 1.2875412531874346 0.93386279202721745
decision_type=2 2 2 2 2 2 2 2 2 2 2 2 2 2 2 2 2 2 2 2 2 2 2 2 2 2 2 2 2
left_child=4 -2 23 -4 5 -1 20 12 9 28 -11 19 15 14 -14 18 -17 -15 -6 -10 21 -7 -22 24 -3 -5 -26 -27 -9
right_child=1 2 3 25 7 6 -8 8 11 10 -12 -13 13 17 -16 16 -18 -19 -20 -21 22 -23 -24 -25 26 27 -28 -29 -30
leaf_value=-3.2741443220274427 -66.107740023186793 -0.050640672541874876 -31.400219089135817 -0.050726912486775272 -0.028815853989862628 -0.051561553217108327 -0.74993331416996067 -0.05001142681400185 -0.19058864571883513 -49.59137605907793 -0.050006427188454085 -1.739579338681476 6.9382613617500573 0.0023937619890540937 0.001286890067472274 -9.1950200879829502 -0.056810660300954885 -0.031601650348823979 -0.065716941847177204 -0.053225998855579382 -0.051613930593940184 -0.066228271573747652 -0.055045306208963009 -0.054193836100755191 -0.050018431502416638 -0.050045801928260497 -0.050205593368564019 -0.050182579170784426 -0.050121489273278502
leaf_weight=0.062072610274005569 0.0037795816494324 0.013012015693675487 0.0079744384510508359 0.014124560169875622 19.572614854940902 0.0839855608643989 0.14455110650539649 0.0044844464863324947 0.19634572393185457 0.001009257686284056 0.0012625855670198288 0.0279398851780569 0.014308864766864604 27.197405264218709 0.49925435629080034 0.0054674561387680334 0.19625517915746987 12.968733173416899 7.9580068037926663 1.1951369644329666 0.22190152224195081 0.37071860650813449 0.77480974182294193 0.075585123310553115 0.039870560419614044 0.0061797419878834026 0.018321421470662014 0.0077505201056308204 0.006131518936399516
leaf_count=59 11 8 39 1 112145 84 52 46 153 33 13 3 24 39171 219 128 522 15242 28326 1145 309 37 107 38 470 42 162 7 12
internal_value=-0.0348374 -2.72963 -1.41935 -6.98915 -0.0278049 -0.238006 -0.11992 -0.0228149 -0.139832 -3.9297 -22.0586 -0.105421 -0.020365 -0.00601794 0.194564 -0.0414101 -0.304491 -0.00858258 -0.0394825 -0.0726086 -0.0571754 -0.0635193 -0.0542814 -0.052247 -0.0501803 -0.0504265 -0.0500774 -0.0501219 -0.050075
internal_weight=71.689 0.186598 0.182818 0.0360293 71.5024 1.65804 1.59597 69.8444 1.43231 0.0128878 0.00227184 1.41942 68.412 40.6797 0.513563 27.7323 0.201723 40.1661 27.5306 1.39148 1.45142 0.454704 0.996711 0.146789 0.071204 0.0280548 0.058192 0.0139303 0.010616
internal_count=198608 778 767 89 197830 648 589 197182 1405 104 46 1301 195777 54656 243 141121 650 54413 140471 1298 537 121 416 678 640 50 632 49 58
is_linear=0
shrinkage=0.05


Tree=75
num_leaves=31
num_cat=0
split_feature=20 1 25 4 11 20 11 4 0 4 21 8 19 26 17 3 17 17 16 17 17 18 21 17 20 27 24 0 23 11
split_gain=30.8252 306.603 1899.87 6069.12 7.87554 91.9625 748.969 1411.72 7.73728 6.99578 101.657 347.993 6.83877 16.1858 5.2359 5.04764 6.09362 3.64576 3.15487 2.62934 2.44152 1.63908 0.92084 0.355221 0.238067 0.222891 0.0954998 0.0444113 0.00914613 0.00491813
threshold=-3.6085449097720472 2.1379613037422156 0.23406377270494483 -0.52549498800338779 -0.3084859380026917 -2.2076084068816173 -1.6749881292122837 1.7740313321589101 -2.2568472765086613 -1.2379329326774891 1.1531759917413824 0.8962550984296469 4.8077962034842194 -3.5480525807114893 -2.4908959895935157 -0.26551165186840547 0.68081648832193709 2.0986180591278187 -1.0158546174559533 -0.79418905325446365 1.6441480705729614 2.7786210890898873 2.2457657455174087 -2.6977004545520193 1.1495108536959247 -2.6035326283449596 1.2357340607817484 0.19900901355138098 -0.19583655268523267 0.94575774939164114
decision_type=2 2 2 2 2 2 2 2 2 2 2 2 2 2 2 2 2 2 2 2 2 2 2 2 2 2 2 2 2 2
left_child=1 28 3 -3 5 6 7 -2 9 10 14 -12 15 -14 -6 21 -17 22 24 23 -21 -7 -11 -20 26 -15 -10 -26 29 -1
right_child=4 2 -4 -5 8 12 -8 -9 18 17 11 -13 13 25 -16 16 -18 -19 19 20 -22 -23 -24 -25 27 -27 -28 -29 -30 -31
leaf_value=-0.05148067520088289 56.350727866796035 -0.05009765429771116 -0.053447552413033506 -69.216588000629812 -0.36370077626760561 -0.057778008540375271 -0.050334047313132471 -0.050055024908569327 -0.054185855756069129 -0.05850200986801532 -0.05001220147338608 -22.967379395081434 -1.0485239181305277 -0.12700678028657814 -0.050501764913237081 0.020164363203847107 -0.027791125477239761 -0.34340586772232928 -0.085725078111672431 -0.012741791369997367 -0.06741103763787111 0.059494329144617601 -0.16721770502471811 -0.052410153603959786 -0.050021716153710982 -0.05104464443954753 -0.069640239524153533 -0.12020976085099527 -0.054045819241763382 -0.065173224751503389
leaf_weight=0.080255472530149086 0.0017730264030013021 0.011800016754023019 0.09285882322612761 0.0043373502297327513 0.23668047366552797 5.0321710426418393 0.037208944005186324 0.0029645824501600693 1.389619754639196 2.3978512493459676 0.0069563265591797594 0.0021741831867067131 0.050214559434607509 0.23875774895941501 0.30592082508810942 17.622935850636228 10.613969876175338 0.1253287990644284 1.0373164221829214 20.134938996977766 2.2728020569001215 0.31670543094238635 0.21199862282748805 3.499328793409155 0.024841536199801229 0.16215551291938271 3.5618910214492576 0.24300176518499939 1.0267996234638028 0.35863641675054159
leaf_count=117 39 76 32 28 8 27730 123 11 10165 1953 65 17 14 4 1334 17668 8210 54 1073 97565 6195 172 56 23955 207 160 1040 4 457 76
internal_value=-0.0281296 -0.246887 -2.80533 -18.6404 -0.0231752 -0.00601216 2.33369 21.0577 -0.0396742 -0.112745 -0.275158 -5.50716 -0.00889557 -0.202276 -0.187118 -0.00629807 0.00213838 -0.079983 -0.0322069 -0.0253148 -0.0182869 -0.0508343 -0.067333 -0.0600277 -0.0677866 -0.0962827 -0.065303 -0.1137 -0.0566281 -0.0626694
internal_weight=71.1042 1.57469 0.108996 0.0161374 69.5295 34.0789 0.0419466 0.00473761 35.4507 3.28691 0.551732 0.00913051 34.0369 0.451128 0.542601 33.5858 28.2369 2.73518 32.1637 26.9444 22.4077 5.34888 2.60985 4.53665 5.21935 0.400913 4.95151 0.267843 1.46569 0.438892
internal_count=198608 786 136 104 197822 54131 173 50 143691 3487 1424 82 53958 178 1342 53780 25878 2063 140204 128788 103760 27902 2009 25028 11416 164 11205 211 650 193
is_linear=0
shrinkage=0.05


Tree=76
num_leaves=31
num_cat=0
split_feature=20 11 3 11 24 28 3 7 11 3 12 0 3 25 17 25 1 16 3 10 7 8 5 10 28 11 13 10 17 15
split_gain=111.57 16090.6 33232.2 663.343 6.55157 10.8445 39.0782 5.2401 4.85276 4.60042 10.1445 6.15106 4.13706 4.5949 30.7196 9.60141 2.63662 1.67699 2.80231 1.53442 1.55764 1.325 1.22577 0.838329 0.814978 0.907344 0.609296 0.398719 0.207564 0.0106604
threshold=-2.2076084068816173 -2.0094963541027875 2.6159816495256254 -1.6749881292122837 1.1120555684321285 2.5829901265502273 1.1317222463367005 -0.093146604392952373 0.33351052209460696 2.1354552106459397 -1.5190162595383889 0.32476748778934988 -0.47752126826565122 -0.27409601515968429 -3.0126110942844968 -0.28488062361269467 3.2982404163652039 0.75745479880968991 1.3747195609270644 2.0212287399551299 -0.045396708373446157 0.97122983685133868 -1.3575345130014977 -0.62846950017908065 1.8439631067188997 0.059830143190957454 -1.4543362371960125 2.1418474339096316 -2.6977004545520193 -1.1338488203493651
decision_type=2 2 2 2 2 2 2 2 2 2 2 2 2 2 2 2 2 2 2 2 2 2 2 2 2 2 2 2 2 2
left_child=1 2 -1 -3 8 9 -7 23 12 17 -11 -12 24 15 -15 -14 19 22 -19 21 -21 -10 -6 26 28 -26 -5 -18 -2 -25
right_child=4 3 -4 7 5 6 -8 -9 16 10 11 -13 13 14 -16 -17 27 18 -20 20 -22 -23 -24 29 25 -27 -28 -29 -30 -31
leaf_value=-217.26270526212272 -0.098763672883156933 -5.8003541967466212 40.313950049193181 0.076111266075608933 -0.14637148859995538 -2.5431058439766332 -0.052152958518430659 -0.26199737279600949 -0.051375129412848747 -0.49503601607118758 0.016223936292481089 0.31107461327350683 0.014467374465026909 -1.6044801563684172 -0.014001015920716165 0.31718751645824622 -0.05039720121784589 -0.040777117899436638 0.13825622408964447 0.13020750260487263 -0.051168581712289642 -0.001609637173639494 -0.064977543082415878 -0.065245584529182069 -0.052088071019888077 0.07403306606977926 -0.050336113215127078 -0.26342155548569973 -0.05330220470768289 -0.055764862385964557
leaf_weight=0.0025320809185962281 0.26766287980936265 0.051521725254133677 0.0024774514106255152 0.22636018010632245 0.48727678644419903 0.020061497051268556 0.073178039598900596 0.31302737789434987 8.7887046716510095 0.090876984652993875 1.8067716192311469 0.19607901723838939 16.745890299290284 0.030408349971639548 19.053153338372287 0.26609657109974705 0.025625157734327497 3.4680929682045156 0.2332702958450098 0.26074347032844614 0.21678802845508549 1.5776073785404747 9.1173001642899241 0.36994943351121379 0.30245090487786241 0.26983037202324334 0.1645026851143204 0.15382191879393758 4.051716662261942 1.493477022969206
leaf_count=29 320 17 34 7 448 51 45 48 62948 13 290 34 26941 99 39239 231 179 2505 84 100 360 7857 17018 94 611 127 500 5 37531 843
internal_value=-0.0343957 -0.354281 -89.8788 -0.183031 -0.0219618 -0.0505022 -0.588108 -0.0703012 -0.0134602 -0.0472471 0.021646 0.0450898 -0.00553978 0.000308029 -0.0165353 0.0192024 -0.0429104 -0.0580877 -0.0294939 -0.0397647 0.047867 -0.0438015 -0.069107 -0.0436825 -0.0486907 0.00737799 0.0228933 -0.233002 -0.0561194 -0.0576471
internal_weight=70.1273 2.62385 0.00500953 2.61884 67.5034 15.4929 0.0932395 2.56732 52.0105 15.3997 2.09373 2.00285 40.9872 36.0955 19.0836 17.012 11.0233 13.3059 3.70136 10.8438 0.477531 10.3663 9.60458 2.25429 4.89166 0.572281 0.390863 0.179447 4.31938 1.86343
internal_count=198608 1572 63 1509 197036 20488 96 1492 176548 20392 337 324 105099 66510 39338 27172 71449 20055 2589 71265 460 70805 17466 1444 38589 738 507 184 37851 937
is_linear=0
shrinkage=0.05


Tree=77
num_leaves=31
num_cat=0
split_feature=5 26 25 0 10 0 3 20 14 7 8 16 7 8 0 28 0 19 17 13 14 14 2 11 26 20 12 27 15 4
split_gain=11.2771 82.3457 310.137 880.465 22.5295 41.8642 10.1917 21.3138 258.79 2423.24 6215.35 8.35335 22.7304 54.9419 13.5156 13.3737 5.8976 5.2752 5.13063 4.64154 2.04281 2.09908 1.49983 2.71001 0.909043 0.544343 0.544269 0.464242 0.312972 0.233429
threshold=2.4317231591428707 -3.5480525807114893 -0.55696747734761509 -2.7734363799144162 -1.7129988652612005 -1.3493421034885635 -0.47752126826565122 -2.2076084068816173 -0.36598242464944425 -3.9584527856389777 0.023188285747346809 -1.8632890144386625 -0.58763109127321023 -0.21402670734592694 0.19900901355138098 -1.2567909319978503 -1.6174608663727368 -0.48095205606339558 1.0552436488789367 2.0551831276035526 0.83492930032149881 0.90414351186420749 -2.9865825183719816 1.0217398132349456 0.30682610573289543 -1.5971679600687103 -1.825336033404567 2.9996133201763011 -2.6130763050215537 1.3370582704209666
decision_type=2 2 2 2 2 2 2 2 2 2 2 2 2 2 2 2 2 2 2 2 2 2 2 2 2 2 2 2 2 2
left_child=6 2 -2 -4 5 -3 7 8 9 -1 -11 12 13 -8 15 -14 22 18 -18 -19 25 24 23 -13 -22 29 -24 -6 -15 -9
right_child=1 4 3 -5 27 -7 11 20 -10 10 -12 16 14 28 -16 -17 17 19 -20 -21 21 -23 26 -25 -26 -27 -28 -29 -30 -31
leaf_value=-0.050134026797970847 -0.050600607445874718 -3.3194616951572415 -31.95965362243092 -0.050095504730962026 -0.064412988609840835 -0.050844017789525402 0.93667109981968599 -0.051216359524400894 -0.056574048648078301 -0.050006558198574025 -148.71710080957956 -0.052497348891116541 -0.16821610102813181 0.075077957902038833 0.29260063526432778 0.023135135771213775 0.056371531671177713 -0.018444088262753736 -0.064034395173255848 -0.21428376595144827 -0.051219896301901262 -0.050904418014648178 0.027272300322793715 -0.23798832039721107 0.10248699713665335 -0.059238885555776048 -0.06222734150254066 -0.12794588684821226 0.0060657337661894038 -0.12485657471148214
leaf_weight=0.028652414895500432 0.036545386630989163 0.015295370907005838 0.003133854973165243 0.0069692683585755501 3.7130937384938432 0.027246552471911319 0.23138533281627938 0.13876315439467912 0.37856227418848992 0.0023186004320296838 0.0010089657982388805 0.45349432872777112 1.1519918285329787 0.46170280873775493 0.37758508056904272 4.4037411173845955 4.4154727738633648 38.572712796938212 1.1064392337032822 0.30494423261458692 0.11970666292515947 0.79920745906759505 0.1771647787342373 0.34802119024611861 0.48967875805479794 6.544432009027898 4.1242464906863772 0.31166721451615265 0.25502735292329981 0.47937498202961315
leaf_count=104 58 30 26 25 9174 18 37 443 171 43 37 289 93 6 45 246 6793 115605 3172 1433 834 7636 75 396 157 47147 4411 15 60 29
internal_value=-0.0250937 -0.105388 -2.19418 -9.94802 -0.0814313 -1.22603 -0.0200402 -0.0695072 -0.421442 -4.74056 -45.128 -0.0121603 0.0394572 0.266785 0.00313134 -0.0165419 -0.0193357 -0.013485 0.0322455 -0.0199802 -0.0526502 0.00239328 -0.0702423 -0.133038 0.0722931 -0.0634751 -0.0585411 -0.0693328 0.050522 -0.108325
internal_weight=69.4796 4.11395 0.0466485 0.0101031 4.0673 0.0425419 65.3656 8.98171 0.410542 0.03198 0.00332757 56.3839 6.88143 0.948115 5.93332 5.55573 49.5025 44.3996 5.52191 38.8777 8.57116 1.40859 5.10293 0.801516 0.609385 7.16257 4.30141 4.02476 0.71673 0.618138
internal_count=198608 9346 109 51 9237 48 189262 56601 355 184 80 132661 487 103 384 339 132174 127003 9965 117038 56246 8627 5171 685 991 47619 4486 9189 66 472
is_linear=0
shrinkage=0.05


Tree=78
num_leaves=29
num_cat=0
split_feature=5 8 15 26 10 9 28 12 20 14 9 12 24 20 11 7 28 7 28 5 28 1 21 27 21 24 15 5
split_gain=11.1352 49.4362 137.721 208.386 37.0068 8.46163 126.918 30.0329 805.222 11.9956 7.03659 6.28111 5.3729 6.04399 266.154 4.157 3.66696 2.35406 2.03824 1.94046 1.01064 2.3758 0.704133 0.375288 0.26424 0.106571 0.000156107 8.25581e-06
threshold=2.4317231591428707 -2.4340309445854755 0.94753560378802948 -0.97612372988426876 -1.7129988652612005 -1.6320907716769968 -1.9132643284150401 1.941861148966175 -0.73356244097682266 2.2949331403264845 5.199622342376883 1.5664871097304682 1.0217358000866275 -2.2076084068816173 -1.2740224659097203 0.17599576017808349 1.4598908066522018 0.6764685098487907 -1.6737733579312282 2.0792152929249297 -1.4312837180701072 0.3273226778843486 1.7636471944843384 2.9996133201763011 2.2457657455174087 1.2357340607817484 2.3751547501625816 2.3809235066945833
decision_type=2 2 2 2 2 2 2 2 2 2 2 2 2 2 2 2 2 2 2 2 2 2 2 2 2 2 2 2
left_child=5 2 -2 -4 -3 6 -1 9 -9 11 23 -8 13 14 -7 16 -15 -16 22 -17 21 -20 27 25 -22 -6 -10 -14
right_child=1 4 3 -5 10 12 7 8 26 -11 -12 -13 18 15 17 19 -18 -19 20 -21 24 -23 -24 -25 -26 -27 -28 -29
leaf_value=6.4188272206269348 -0.050589476634713006 -1.9678179996563256 -19.919606644621396 -0.050133149240808909 -0.051109365302209248 -13.474379642384207 0.016389272414457229 20.957834911279065 -0.05020510788294108 0.6649364220719195 -0.52131072184705052 -0.15540302016385127 -0.050127793781423485 -0.012973473206018932 -0.057965591937175244 -0.048829786013399386 0.030767872549042896 -0.26989719829104697 0.054473660516376733 0.068028788974863516 -0.064028247594540053 -0.058099399465344641 0.10998025299771695 -0.12050656421448941 -0.11181593388984251 -0.069610943276531584 -0.054205941423560347 -0.05121226062751956
leaf_weight=0.007756539387627436 0.014214194231695274 0.026082149596746595 0.0025164119525548662 0.0027744850041457993 1.1435885122008875 0.0037245942195068818 9.1095128747722676 0.0047600795735528436 0.036978872756981085 0.069639754226955897 0.087654443197954346 0.56507540150994096 0.071192172598199793 26.766943354587653 0.97515601989998868 8.4140512111323869 5.8360703354313577 0.15136739306763047 0.62754016372817645 0.37090164054270403 8.8645056351345595 1.8514981720045454 0.248315675462736 0.31645630033333993 0.29903024880550333 2.4368127726279147 0.071571387350559235 0.023291088356927503
leaf_count=14 45 45 25 16 7698 26 3139 8 183 28 20 154 357 103552 488 48344 8802 5 1549 2122 18537 1792 14 33 145 1464 1 2
internal_value=-0.0221546 -0.102781 -2.61389 -9.50029 -0.0905682 -0.0171067 0.0255038 0.0204731 0.829799 0.0110619 -0.0782799 0.00635519 -0.0248193 -0.0164844 -0.13056 -0.0133691 -0.0051436 -0.0864422 -0.0543874 -0.043896 -0.0579255 -0.0296028 0.0657771 -0.0683145 -0.0655877 -0.0637015 -0.052843 -0.0503951
internal_weight=68.399 4.0301 0.0195051 0.0052909 4.01059 64.3689 9.86529 9.85754 0.11331 9.74423 3.98451 9.67459 54.5036 42.5182 1.13025 41.388 32.603 1.12652 11.9854 8.78495 11.6426 2.47904 0.342799 3.89686 9.16354 3.5804 0.10855 0.0944833
internal_count=198608 9346 86 41 9260 189262 3527 3513 192 3321 9215 3293 185735 163339 519 162820 112354 493 22396 50466 22023 3341 373 9195 18682 9162 184 359
is_linear=0
shrinkage=0.05


Tree=79
num_leaves=29
num_cat=0
split_feature=12 3 4 4 5 10 26 8 3 13 24 20 14 24 1 20 8 26 11 9 15 0 27 9 19 27 19 25
split_gain=10.5956 613.518 1080.69 2255.11 10.2351 95.0727 213.182 60.6113 7.69899 16.2184 253.631 2541.77 11.2042 531.167 7.62523 138.363 8.4439 76.7401 5.39788 3.61161 3.35905 2.18025 0.306797 0.00979027 0.000572843 7.93184e-05 2.62652e-06 1.60598e-07
threshold=2.6520354781376123 -1.5261028082467296 0.64406996439081843 -0.15731860567074515 2.4317231591428707 -1.6714276459697481 0.27933049924909903 -2.4340309445854755 0.16748452933192912 2.0551831276035526 0.66660895498126338 -1.8435797755306733 -2.5810700781294806 1.3798531893333783 2.1379613037422156 -2.2076084068816173 -2.2468307519382757 1.333846404340761 0.30588151478146058 5.199622342376883 0.27882743996792619 -0.88288924917535583 2.9996133201763011 5.199622342376883 1.9693493246126252 -3.1932199849054825 1.9693493246126252 2.7651104191903042
decision_type=2 2 2 2 2 2 2 2 2 2 2 2 2 2 2 2 2 2 2 2 2 2 2 2 2 2 2 2
left_child=4 2 3 -2 8 6 -6 -7 9 12 24 -12 13 -1 16 -16 17 -10 -18 22 -17 -14 -9 25 -11 -3 27 -27
right_child=1 23 -4 -5 5 7 -8 19 14 10 11 -13 21 -15 15 20 18 -19 -20 -21 -22 -23 -24 -25 -26 26 -28 -29
leaf_value=-0.05002847653559328 -98.991795744977864 -0.051799768160263451 -0.050181219071688689 -0.050003039813318897 -15.554967733001156 -3.146464602577101 -0.050269106965377057 -0.063300793840067246 -0.00078161118244078533 -0.050022091785155764 -70.328727738392388 -0.050003176760952887 -0.066173936952728801 -27.148151863388307 2.4605161517117233 0.050540722388932369 0.0018167534528923037 -1.380522402338336 -0.03845908040712559 -0.33957564655636036 -0.11415460152449092 -0.026610017711822212 -0.11489396891173223 -0.065181063262441538 -0.055697224276996915 -0.050022254079864485 -0.050581840379905929 -0.050209414451807911
leaf_weight=0.090933923525097674 0.0010106872326787197 0.097612427165586241 0.0040830890247889329 0.001338714788289507 0.0032247994145399028 0.016150004278172925 0.0070939405504233388 3.3404313907650427 0.90704071644525675 0.058378190866530955 0.0014228926330412126 0.013427161459686782 4.8846201619309726 0.0018450855700368049 0.05968013808351047 1.2957436191364373 32.256547249179974 0.1133750618458802 11.210206028753566 0.12642376371888264 0.40679005865682771 12.127988733704949 0.31534293576492611 0.17928584733501651 0.18658041815517057 0.18848413955775004 0.024518483870451746 0.01220394251140533
leaf_count=950 18 7 6 25 39 75 25 9144 146 868 13 341 12204 48 74 276 39823 32 41290 20 476 91148 31 7 34 1445 22 21
internal_value=-0.0250076 -0.252381 -15.5961 -42.6137 -0.0232926 -0.102909 -4.89578 -0.0898888 -0.0185259 -0.046913 -0.438992 -6.78392 -0.0409579 -0.588926 -0.00786741 0.09414 -0.0119081 -0.15408 -0.0085705 -0.0768372 0.0111897 -0.0379695 -0.0677512 -0.0558124 -0.0543447 -0.0506093 -0.0500933 -0.0500336
internal_weight=67.9318 0.508537 0.00643249 0.0023494 67.4232 3.80867 0.0103187 3.79835 63.6146 17.3652 0.259809 0.0148501 17.1054 0.092779 46.2494 1.76221 44.4872 1.02042 43.4668 3.7822 1.70253 17.0126 3.65577 0.502105 0.244959 0.322819 0.225207 0.200688
internal_count=198608 1551 49 43 197057 9334 64 9270 187723 105606 1256 354 104350 998 82117 826 81291 178 81113 9195 752 103352 9175 1502 902 1495 1488 1466
is_linear=0
shrinkage=0.05


Tree=80
num_leaves=31
num_cat=0
split_feature=5 8 18 10 24 11 7 21 5 18 12 0 19 17 2 16 9 5 27 9 2 11 29 21 21 11 27 10 24 12
split_gain=10.27 118.856 863.475 114.873 395.331 5.98799 33.4353 7.94958 25.4563 9.06985 10.1289 5.98361 4.09799 3.29894 47.7397 3.22526 2.21202 1.74872 1.15826 0.908223 0.775778 1.31468 0.445842 0.364885 0.337847 0.259445 0.256327 0.210873 0.0754817 0.0584287
threshold=2.4317231591428707 -2.1310549807509429 1.2068971200017706 -1.5987695249880065 -0.010644993803761714 -3.2946583790412771 -3.9584527856389777 1.2067997121747993 -1.2384817500763241 3.283747335452579 1.5664871097304682 -1.9339127224549764 -1.2889827878985514 -0.86959874989246522 -2.5850591075142884 -0.2846978133490578 5.199622342376883 0.19307449444559063 0.19943395125654248 -0.90077453356287218 -2.9865825183719816 1.0217398132349456 -1.815372674723837 -1.3666122778523591 -1.3922798727164152 -2.3930275807818688 2.9996133201763011 1.1080958912510039 1.2357340607817484 1.6942313922625443
decision_type=2 2 2 2 2 2 2 2 2 2 2 2 2 2 2 2 2 2 2 2 2 2 2 2 2 2 2 2 2 2
left_child=5 2 -2 4 -3 6 -1 9 -9 10 -8 20 17 14 -14 -15 26 18 -13 -10 21 29 -19 24 -22 -25 28 -23 -5 -7
right_child=1 3 -4 16 -6 11 7 8 19 -11 -12 12 13 15 -16 -17 -18 22 -20 -21 23 27 -24 25 -26 -27 -28 -29 -30 -31
leaf_value=0.82114876739341602 -0.050075239177730983 -25.62353518300289 -49.254743468426199 -0.051014432764438671 -0.050258413141609129 -0.055355421362348015 0.026731405339546255 0.78906890367708016 0.0697793674197527 -0.30086998407249832 -0.26775483452980542 -0.050238893288603141 -2.4319099739936951 -0.03783741368993232 -0.043728765206940162 -0.0057504541172912083 -0.25827669598740505 0.03993459759508533 0.093132457167892244 -0.065501010269657087 -0.050788277860936662 -0.050145982257447513 -0.050688949276618191 0.038661285934228511 0.057385910009212518 -0.065376299243461042 -0.10968754045131568 -0.18602332080705794 -0.06743087549158247 -0.084982066519218719
leaf_weight=0.13122050141419084 0.0072744919843069277 0.0019550480071514678 0.0010161622473352861 1.0099521366653448 0.0066568736531384329 0.48232505773588791 4.529615212799599 0.13507034656465255 0.35211323201656347 0.25037709226853611 0.31211227348516057 0.15628929619742682 0.020992000947699263 10.304895277192449 6.6516160178616488 32.629355710611684 0.15692135330712842 0.20332850690581389 1.4279776253498471 0.19156939335152906 0.17736387222591013 0.030793212349399357 0.40815667123983607 0.060789913412539032 0.12170999531735979 4.2094853538779153 0.31383599031685028 0.39267053997935797 2.2830402873829088 0.25408712813695228
leaf_count=17 134 35 42 7601 41 288 572 31 15 32 40 588 115 64625 29387 86970 20 80 270 52 659 487 820 64 21 4046 32 27 1441 56
internal_value=-0.0207898 -0.100847 -6.08095 -0.0877043 -5.85581 -0.0160184 0.031944 0.0139987 0.174735 -0.0074267 0.00774794 -0.0209388 -0.0155763 -0.018535 -0.051242 -0.0134518 -0.0745062 0.0512672 0.0789887 0.0221126 -0.0694258 -0.105944 -0.0205552 -0.060156 -0.00676611 -0.0638953 -0.0665109 -0.176143 -0.062396 -0.0655776
internal_weight=67.2146 3.78065 0.00829065 3.77236 0.00861192 63.4339 5.90208 5.77086 0.678753 5.0921 4.84173 57.5318 51.8026 49.6069 6.67261 42.9343 3.76375 2.19575 1.58427 0.543683 5.72923 1.15988 0.611485 4.56935 0.299074 4.27028 3.60683 0.423464 3.29299 0.736412
internal_count=198608 9346 176 9170 76 189262 759 742 98 644 612 188503 182855 181097 29502 151595 9094 1758 858 67 5648 858 900 4790 680 4110 9074 514 9042 344
is_linear=0
shrinkage=0.05


Tree=81
num_leaves=31
num_cat=0
split_feature=1 8 15 4 20 23 10 21 7 8 22 27 16 9 24 12 24 28 20 28 26 25 18 17 24 14 13 12 12 27
split_gain=7.81556 58.2399 598.779 11.5721 182.56 601.955 2036.33 25.9784 6.52032 1104.44 7581.59 38.1346 947.788 7.464 42.8139 10.5083 5.1944 4.84301 4.67508 2.9707 2.52451 1.70031 1.27896 0.984834 0.53273 0.525375 0.464018 0.414918 0.40178 0.294142
threshold=-1.0614569906907059 -2.1310549807509429 0.19119580499226646 -2.527707117736457 -2.2076084068816173 0.98625697412447033 0.47627738244222056 1.8688717478748973 0.63759062158096491 -2.1310549807509429 -0.34122215365209402 1.9439264941652399 -0.72777521618894359 -1.8671817460998901 -1.8470163421329315 1.5664871097304682 1.0217358000866275 1.4598908066522018 0.81508089726867039 -1.4312837180701072 -5.114207234298088 -1.7974949068075048 2.0262562528570487 2.0986180591278187 1.8024557136668176 -0.029895454979027739 -1.7320214508875968 -1.5190162595383889 -1.825336033404567 2.9996133201763011
decision_type=2 2 2 2 2 2 2 2 2 2 2 2 2 2 2 2 2 2 2 2 2 2 2 2 2 2 2 2 2 2
left_child=1 2 -1 4 5 6 -2 22 13 10 -10 18 -13 14 -5 -16 17 -15 -11 -18 25 27 24 28 -6 -3 -25 -22 -23 -24
right_child=3 20 -4 8 7 -7 -8 -9 9 11 -12 12 -14 16 15 -17 19 -19 -20 -21 21 23 29 26 -26 -27 -28 -29 -30 -31
leaf_value=-0.050055666231330655 -0.050047216895858726 -0.19521496459935089 -32.922399892175093 1.0934570833605679 -0.051571530101756018 -0.05059727228355522 70.7465385537934 1.4326217303576674 -144.83392089180222 -0.057083953469115017 -0.04999815661023832 -49.358728042089162 -0.050623898862894604 -0.015221278101550488 0.051352622030645556 -0.17482188740441143 -0.0086115489545509332 0.039956018902095665 0.070488381585840518 -0.064674584724077874 0.090701714527290561 0.00694604304575034 0.038534150173593434 0.072302483418856409 0.042251852308588078 -0.050532673253500776 -0.051268672132581919 -0.050120518311357921 -0.061848967026697392 0.096803600539853762
leaf_weight=0.015524172575596754 0.0036155913140088298 0.38514028011359885 0.0015210330810756919 0.095671584733890813 0.46628468012141644 0.015632056283960027 0.0014124981400095056 0.033710820398654806 0.0010360266633359008 3.0949197672859476 0.0071054759192414971 0.0010130886997447115 0.025635066299335197 31.199195670883693 4.5749079840351978 0.57849051064530499 3.4173436099832744 4.55776355888253 0.93514501881485745 7.657952604248849 0.25419582910481608 0.2188313902432516 0.40138308085463958 0.21359552780145208 0.22396480667384255 0.074956401392303473 0.11790528384273358 0.06585911132382527 7.039333330546321 0.47039374989626781
leaf_count=164 33 43 42 42 679 15 35 24 60 16758 185 41 195 139949 1116 132 3627 5350 208 17321 17 255 96 7 130 139 477 272 11192 4
internal_value=-0.0186304 -0.0637339 -2.98343 -0.0120816 0.119816 4.78978 19.8382 0.0593541 -0.0158788 -0.0768694 -18.4741 -0.0399476 -1.92518 -0.0111186 0.0454201 0.0259636 -0.0174556 -0.0081881 -0.0274818 -0.047376 -0.057788 -0.0511651 0.029717 -0.0559256 -0.0211287 -0.171644 0.0283518 0.0617241 -0.0597748 0.0699752
internal_weight=66.1494 8.38686 0.0170452 57.7626 1.6164 0.0206601 0.00502809 1.59574 56.1462 4.06485 0.0081415 4.05671 0.0266482 52.0813 5.24907 5.1534 46.8323 35.757 4.03006 11.0753 8.36982 7.90972 1.56203 7.58967 0.690249 0.460097 0.331501 0.320055 7.25816 0.871777
internal_count=198608 12608 206 186000 1016 83 68 933 184984 17447 245 17202 236 167537 1290 1248 166247 145299 16966 20948 12402 12220 909 11931 809 182 484 289 11447 100
is_linear=0
shrinkage=0.05


Tree=82
num_leaves=30
num_cat=0
split_feature=5 8 3 22 21 12 17 25 5 0 2 4 7 14 9 14 26 5 0 27 16 18 20 26 15 17 23 2 0
split_gain=46.3815 2497.14 264.774 714.59 105.38 70.8183 40.51 203.03 15.7793 337.898 51.1872 9.98031 113.19 1189.37 50.6825 158.685 5.27483 5.28037 5.20441 87.4676 580.64 7.05001 12.691 5.30094 4.15293 0.754635 0.741293 0.0708251 2.52081e-11
threshold=3.5941870512372973 -2.1310549807509429 -1.445565143611405 -0.012854221176517423 2.5338510928012665 -1.1585297704507103 -3.0126110942844968 0.38733249995687308 -1.0130624565259894 -2.473640261836823 -2.5850591075142884 -2.527707117736457 -3.9584527856389777 0.61269204556892998 2.1865104116138987 1.8447578724496181 2.7529616263015506 -1.1002804587977522 -2.0842511019751941 2.9996133201763011 -0.91003732838096607 3.283747335452579 0.94037990635588586 0.97156507181809648 -1.7694748447944206 -2.4908959895935157 0.47123833153824513 0.59869499545348559 -2.2568472765086613
decision_type=2 2 2 2 2 2 2 2 2 2 2 2 2 2 2 2 2 2 2 2 2 2 2 2 2 2 2 2 2
left_child=6 -2 3 -3 5 -4 7 8 16 -10 -11 12 13 -8 25 -16 17 -1 21 23 -21 24 -23 -20 -13 -14 -18 -7 -5
right_child=1 2 4 28 -6 27 11 -9 9 10 -12 18 14 -15 15 -17 26 -19 19 20 -22 22 -24 -25 -26 -27 -28 -29 -30
leaf_value=-0.48865736582523722 -62.984474697788166 -49.378778665128067 -3.6652767040145671 -0.050013378104371578 -2.9003672461737739 -0.054629880880645403 -27.613543561933501 2.2902283866752327 17.609825373735696 2.8076915321907596 0.055255937031132907 0.060834976622275383 -0.16087078083035045 10.154972189485822 -10.623708187267878 -0.050135792650578603 -0.0015882930866721998 0.020786720386819259 -0.018793061356718134 33.427427822896959 -0.050015207071113427 0.04582008764476906 -1.0396308649089387 0.038562206004676983 -0.070715448496020544 -0.054597962442731199 0.085168945119140027 -0.085491427058366043 -0.050003526861754348
leaf_weight=0.099444015980530986 0.0015889554776454809 0.0010136071887245652 0.013832005377480194 0.0011226326141176026 0.035094197038201713 0.7316464953375571 0.0036279850974097862 0.11165608712871211 0.0028312815397418247 0.018137297286153681 0.24590763906097282 0.67960649682294061 0.21444245223802938 0.0048995487445838868 0.00472873151060793 0.014215997420251369 0.40984605210029001 0.1041195718043465 51.212107777648932 0.0014935432147047409 0.0097539241677905286 0.057474857315548911 0.050668688234871917 4.3724794735644457 5.1181231220888872 0.75576092290661245 0.61670785062144073 0.24923327965435016 0.0015404268710675878
leaf_count=41 54 22 11 14 23 550 31 248 33 9 365 238 12 17 76 9 65 4 183792 25 104 46 3 7559 4092 1052 10 70 33
internal_value=-0.0196589 -0.35169 -0.255394 -13.6493 -0.207574 -0.11257 -0.014298 0.233445 0.0800363 0.428551 0.244321 -0.0206746 -0.177549 -5.9134 -0.1281 -2.68937 0.00442531 -0.228085 -0.0181298 -0.0133892 4.39543 -0.0627561 -0.462748 -0.0142813 -0.0552952 -0.0780873 0.0505316 -0.0624715 -0.0500077
internal_weight=65.1431 1.03507 1.03348 0.00367667 1.02981 0.994712 64.108 1.60865 1.49699 0.266876 0.264045 62.4994 0.997676 0.00852753 0.989148 0.0189447 1.23012 0.203564 61.5017 55.5958 0.0112475 5.90587 0.108144 55.5846 5.79773 0.970203 1.02655 0.98088 0.00266306
internal_count=198608 777 723 69 654 631 197831 775 527 407 374 197056 1197 48 1149 85 120 45 195859 191480 129 4379 49 191351 4330 1064 75 620 47
is_linear=0
shrinkage=0.05


Tree=83
num_leaves=31
num_cat=0
split_feature=27 3 2 16 17 10 0 8 28 26 27 17 7 22 23 10 11 17 19 19 23 22 17 27 20 15 0 28 28 19
split_gain=382.685 3761.24 53266.7 76222.6 26769.7 3221.21 17125.1 21167.9 70.6376 234.557 102.319 549.378 102.426 166.004 60.6823 57.7798 23.0989 70.1928 703.927 34.7563 126.593 290.681 26.2387 101.08 17.3639 24.0137 7.28339 9.22091 7.00276 4.823
threshold=2.9996133201763011 -0.043244425261592022 -1.3092982023469506 -0.87250856786770437 -3.0126110942844968 1.3283992992751992 -2.0842511019751941 1.5422988093636378 2.1552142400687413 -3.5480525807114893 1.9439264941652399 -0.76582400289156605 -2.3337535650375765 -2.2361691977285409 -0.59043456919094506 1.9188123405428437 -3.2946583790412771 -3.0126110942844968 -1.8279267169439317 1.3709890617168148 0.042851173638558018 -0.54722483009913392 -3.0126110942844968 1.5329297644804012 1.8882334348792575 -0.9143760207786612 -1.6174608663727368 2.0089354468485832 -1.21768274332354 -1.0357177732843035
decision_type=2 2 2 2 2 2 2 2 2 2 2 2 2 2 2 2 2 2 2 2 2 2 2 2 2 2 2 2 2 2
left_child=8 2 3 -2 -5 6 -4 -8 16 -10 12 -12 13 -11 -3 -14 19 18 -18 22 21 -21 23 -1 25 -16 27 -19 -24 -28
right_child=1 14 5 4 -6 -7 7 -9 9 10 11 -13 15 -15 24 -17 17 26 -20 20 -22 -23 28 -25 -26 -27 29 -29 -30 -31
leaf_value=0.052997141847540542 -484.86210540718042 -0.87754257718795303 -0.05019858981903607 -283.34470382690955 -0.050015456274828098 -0.26827672667330188 -299.08467712698956 -0.050003880320611455 -6.3165448086937701 -0.36408720985964949 -16.67727321304988 -0.050092934160849992 -0.035144538659377778 -2.3214999320421685 -0.65113939364943763 2.8939907390695034 -12.907888773863412 -0.063960780515802937 -0.039228221656867159 -0.051615121411417011 0.040937565382317936 4.6915755704890563 -0.086794274417753225 2.1435530011783577 0.17583353608386151 -0.080785720020489948 0.051729327910539538 -0.54486781551099417 0.051275038448874571 -0.019178556580667375
leaf_weight=0.32000675898080366 0.0013406257279640352 0.25989336979918265 0.011351214286499815 0.0010585942072793841 0.0039284117049925831 0.15251957806164157 0.0011704328561245071 0.0011970703508314738 0.015959360469423589 0.66610932092394937 0.0060129574533220867 0.028584190318942659 1.945822944613784 0.12934998045294344 0.20878100515136666 0.016982861015819473 0.011657779519217371 6.5513851788628061 0.12015698827261206 0.083399190247291699 0.44061442752443619 0.052719524199369927 1.4401242202956646 0.070571678433570373 0.54208498515541492 1.5900207708106282 2.5278110138367458 0.10121617197317245 2.5347981276404581 46.737063509261013
leaf_count=99 60 67 123 6 158 60 23 24 23 117 17 64 2446 62 39 28 14 6833 535 11 53 40 85 15 28 190 2518 147 452 184271
internal_value=-0.0520349 -0.62701 -7.77539 -150.161 -60.1851 -2.35569 -25.5628 -147.885 -0.0270413 -0.272201 -0.237662 -2.93988 -0.203767 -0.682383 -0.152703 -0.00980067 -0.015751 -0.0248881 -1.17734 0.0878715 0.452671 1.78545 0.0396772 0.430729 -0.0722289 -0.146985 -0.0221714 -0.0712776 0.00125218 -0.0155402
internal_weight=66.5737 2.77335 0.172566 0.00632763 0.00498701 0.166238 0.0137187 0.0023675 63.8003 2.80882 2.79286 0.0345971 2.75827 0.795459 2.60078 1.96281 60.9915 56.0493 0.131815 4.94223 0.576733 0.136119 4.3655 0.390578 2.34089 1.7988 55.9175 6.6526 3.97492 49.2649
internal_count=198608 778 454 224 164 230 170 47 197830 2757 2734 81 2653 179 324 2474 195073 194318 549 755 104 51 651 114 257 229 193769 6980 537 186789
is_linear=0
shrinkage=0.05


Tree=84
num_leaves=31
num_cat=0
split_feature=6 8 13 3 12 1 8 11 4 8 27 8 11 24 16 12 17 28 5 23 5 8 27 23 6 16 5 17 5 22
split_gain=47.0814 238.717 413.854 144.438 181.536 49.4883 373.101 17.355 27.7438 65.9405 15.8286 105.139 1326.5 13.0278 84.4134 10.6145 9.4385 44.8738 145.894 1157.66 12.4168 2076.18 11.7535 176.763 806.685 8.34387 7.73908 5.09406 233.415 4.78914
threshold=3.3868888178297554 -1.9613041373335882 0.27293332080447358 -1.445565143611405 0.32613613890504595 0.059143507527629292 -0.87078880885003895 -0.22602750520120601 -2.527707117736457 -1.3382630589018771 2.9996133201763011 1.4706967271879121 0.066939035930095578 1.5579833500425437 -0.32142607598774392 0.75405552434767464 -1.5100055362840301 -1.4312837180701072 -1.7891778384094923 -0.23874604626213258 0.71477295058201717 -1.6017636471146728 1.9439264941652399 -0.35089533368004311 0.42882230771435964 -1.067649696241362 -1.4367335699459804 -1.3863950780595291 -1.0130624565259894 -0.66611326152702155
decision_type=2 2 2 2 2 2 2 2 2 2 2 2 2 2 2 2 2 2 2 2 2 2 2 2 2 2 2 2 2 2
left_child=7 2 -2 4 -3 13 -7 16 9 -9 -10 25 -13 15 -15 -5 17 18 -1 -20 26 -22 27 24 -24 -12 -19 28 -18 -29
right_child=1 3 -4 5 -6 6 -8 8 10 -11 11 12 -14 14 -16 -17 22 20 19 -21 21 -23 23 -25 -26 -27 -28 29 -30 -31
leaf_value=0.062149287448645778 -33.133766790651777 -0.050050421799748217 -0.050066185232093552 -0.091689680966127354 -16.743862777621239 -10.911620613839274 -0.050716532179502095 -1.1934740998744817 -0.029803867754184706 -0.1424627529720425 -0.55902826143718631 -36.152943996688315 -0.05037249894099486 -5.1354707435371827 -0.051324958226381834 -0.45943879999900938 -11.885691891242802 -0.081671841744863846 13.487282971641598 0.34221322785270619 52.253812574034129 -0.05220778864337644 -24.842544116462893 -0.045486569052696324 -0.050218929526129621 -0.063532601576141642 0.033871253047339532 -0.059840279372424303 -0.026346236540088219 0.0031266158841763295
leaf_weight=0.77531408636256971 0.0015113171903066106 0.0035694671450770283 0.0025238726991574411 1.2579361833101554 0.0029948771515942692 0.0092067718683210842 0.056029488485364154 0.15985500182459134 28.670825510215202 2.2468565460559735 0.098768569021905561 0.0027682134571601199 0.031457891589257533 0.0098297481628893957 0.04818462879273766 0.23248084629000088 0.0042245114221132187 2.3229459034460858 0.018512205216338978 0.17587578718416799 0.0019119063964101448 0.24586805800469758 0.0040334747020003827 0.4435434498168459 0.017587739362786514 0.60782764161436431 3.8531557856567291 3.4746511914045213 0.2322372094354197 23.06636814219361
leaf_count=36 26 33 27 352 9 32 73 98 136512 644 19 46 272 61 46 120 75 191 90 113 43 751 44 264 57 129 3294 3337 823 50991
internal_value=-0.0288972 -0.294861 -12.441 -0.264611 -7.66634 -0.234501 -1.58351 -0.0223966 -0.0490557 -0.212271 -0.0357 -0.263889 -2.97035 -0.177666 -0.912764 -0.149053 0.00209368 0.0521955 0.369239 1.59406 0.00433696 0.351393 -0.0115038 -0.260682 -4.67527 -0.132793 -0.00958664 -0.00717522 -0.23822 -0.00511678
internal_weight=68.0789 1.62427 0.00403519 1.62023 0.00656434 1.61367 0.0652363 66.4546 31.8184 2.40671 29.4116 0.740822 0.0342261 1.54843 0.0580144 1.49042 34.6362 7.39358 0.969702 0.194388 6.42388 0.24778 27.2426 0.465165 0.0216212 0.706596 6.1761 26.7775 0.236462 26.541
internal_count=198608 779 53 726 42 684 105 197829 137720 742 136978 466 318 579 107 472 60109 4518 239 203 4279 794 55591 365 101 148 3485 55226 898 54328
is_linear=0
shrinkage=0.05


Tree=85
num_leaves=31
num_cat=0
split_feature=17 3 8 3 16 8 10 16 14 10 27 13 7 28 16 4 8 0 8 10 12 13 10 27 18 9 1 25 8 17
split_gain=599.763 2821.79 109056 1162.13 9044.29 72169.6 3481.06 15477.2 1595.02 466.297 433.605 416.322 631.57 122.884 62.2934 60.9716 307.523 682.057 53.9891 485.746 11.8715 144.856 10.5029 7.98922 986.085 113.63 4.36838 55.3025 827.17 11.9216
threshold=-1.5100055362840301 -1.6631711928996225 -1.6017636471146728 -0.5636900613328919 1.9197669766505479 -1.6017636471146728 1.768276934615755 1.6278697081242146 1.8447578724496181 -1.2087121752843302 -0.20775059632626383 0.55079831478326291 0.15555387526729872 -1.4312837180701072 2.2586288425470591 -2.527707117736457 -2.1310549807509429 -1.0602221026434242 -1.3382630589018771 0.47627738244222056 0.75405552434767464 -1.3592734215393751 -1.6714276459697481 1.9439264941652399 -3.0073998271388769 -1.0986566300595821 1.3410606024845306 1.4624361043211802 -1.1132182922103755 -1.281582381289373
decision_type=2 2 2 2 2 2 2 2 2 2 2 2 2 2 2 2 2 2 2 2 2 2 2 2 2 2 2 2 2 2
left_child=1 2 -1 4 6 -6 8 -8 -3 10 -5 14 -13 -12 -11 16 17 -2 19 -18 -20 -22 -4 26 -25 -26 -17 29 -29 -28
right_child=15 3 22 9 5 -7 7 -9 -10 11 13 12 -14 -15 -16 23 18 -19 20 -21 21 -23 -24 24 25 -27 27 28 -30 -31
leaf_value=-400.22290200904422 -49.916568273707526 -0.97337251275892622 -1.4811617575906102 -18.247225928578924 -371.96338808837027 -0.050064720942858347 -0.050011329709677144 -160.3334907377922 -21.970425837946582 0.0082216002013679994 -5.423723506472915 -0.2710857091130417 -2.6203262757682291 -0.050006917184439836 -1.5415865086808043 -0.011888950116279216 -0.10335582472621885 -0.050066237706389939 -0.12845250622261239 -5.7288790375599739 -8.0022357264539927 -0.28292039544167547 -0.050007714221056855 -49.4833978024662 -5.7968986463078958 -0.066924051327452314 -0.72669029015189279 -44.192579255975403 -0.050091632821226043 -0.042598035659948921
leaf_weight=0.001749243898302665 0.0010026760384089831 1.5431219572213049 0.065262363499641651 0.0054737984670758513 0.0014788389489694973 0.011058279510325009 0.0077231484589043164 0.0018709665891947225 0.009097942045262708 8.4573990365133636 0.027435485484602395 1.0223960165003061 0.39725479305107936 0.017376861443296643 0.065338347317768775 48.74929860928161 0.29855454068386045 0.0021691815609731157 2.3988029608744728 0.044032201721247333 0.0062875997399594033 0.18182187778363834 0.015953435606305244 0.0010114621601876586 0.0087005053239453956 1.5602508515079756 0.06471016302117405 0.0011326939401592523 0.016827481807066717 4.0243178792975494
leaf_count=45 61 3877 8 26 49 116 146 24 82 5549 13 502 701 161 172 179392 135 12 714 41 29 325 289 13 27 1188 65 17 291 4538
internal_value=-0.0977597 -0.424833 -9.61308 -0.35893 -1.62156 -43.9198 -1.28202 -31.3072 -1.09644 -0.160001 -4.96266 -0.13571 -0.928464 -3.33996 -0.00365978 -0.0313289 -0.253407 -15.8137 -0.236559 -0.826397 -0.158447 -0.54094 -1.20004 -0.0193626 -0.130516 -0.0986992 -0.0160611 -0.0655838 -2.83402 -0.053424
internal_weight=69.0089 11.65 0.082965 11.567 1.57435 0.0125371 1.56181 0.00959412 1.55222 9.99267 0.0502861 9.94239 1.41965 0.0448123 8.52274 57.3589 2.93267 0.00317186 2.9295 0.342587 2.58691 0.188109 0.0812158 54.4262 1.56996 1.56895 52.8563 4.10699 0.0179602 4.08903
internal_count=198608 11760 342 11418 4294 165 4129 170 3959 7124 200 6924 1203 174 5721 186848 1317 73 1244 176 1068 354 297 185531 1228 1215 184303 4911 308 4603
is_linear=0
shrinkage=0.05


Tree=86
num_leaves=31
num_cat=0
split_feature=17 16 8 1 18 24 28 19 25 4 8 3 10 8 8 16 28 5 12 12 12 28 22 0 18 15 5 2 7 8
split_gain=134.568 232.146 148.306 2674.02 20858.2 874.473 94.0141 63.8172 63.4056 59.0849 674.047 2934.22 41.8939 373.554 1143.45 41.3417 38.4589 162.938 36.4319 25.1761 11.0613 13.8659 7.81867 5.5897 41.9215 231.706 4.85471 4.73874 3.73822 173.678
threshold=-1.347973877793802 -1.0003463651617031 -1.6017636471146728 0.30957219296772664 -1.226268796232697 0.8742800832068115 -1.4312837180701072 -0.68330798100365897 0.090118643171765669 -2.527707117736457 -1.643258388349734 0.86045668384203156 0.47627738244222056 -0.82816953583189712 -1.1597009107754135 -0.9845976275157261 -1.4153083779477094 -1.7891778384094923 -0.72211012853675938 0.75405552434767464 1.0223938231165548 -1.0000000180025095e-35 0.66426376882824112 -1.6174608663727368 2.7786210890898873 -0.57523857263730538 -1.3575345130014977 -0.31762813063616102 0.5854074645757591 -2.1310549807509429
decision_type=2 2 2 2 2 2 2 2 2 2 2 2 2 2 2 2 2 2 2 2 2 2 2 2 2 2 2 2 2 2
left_child=1 16 3 4 -3 -6 7 27 -9 10 11 -2 -12 14 -14 -8 17 -1 -5 -15 22 -22 26 24 -11 -26 -18 -4 -25 -30
right_child=9 2 6 18 5 -7 15 8 -10 23 12 -13 13 19 -16 -17 20 -19 -20 -21 21 -23 -24 28 25 -27 -28 -29 29 -31
leaf_value=-0.036856914478019295 -0.050045990126502585 -236.62521729255451 -0.22765932708795439 -1.3505320952329023 -0.050042746615668765 -48.154571012715053 -2.2650132331784953 -0.67972069449719896 -0.32972700860841897 -0.055154779273695234 -0.11964587753217699 -90.633622588528468 -19.761328330983901 -0.087456685422187541 -0.050735679126851098 -0.069981054594308936 -0.10964923910918774 1.693605392261176 -0.067508738115409334 -0.98599881720577864 0.50253759508670448 0.0080949145835494431 0.15878792913834777 -0.0071979347671487894 -13.750761214018155 -0.050260040766689898 -0.0010238819615835757 -0.025307190057225332 -8.7464988449531571 -0.048063706157278334
leaf_weight=0.55284884170315951 0.0047004910038039574 0.0010567463697779287 0.45256877169892751 0.077163736970123242 0.010373941270928028 0.001039402327575962 0.02159904465438689 2.4606247234519785 2.7294575334038864 5.4221584576231674 2.1000396409073168 0.0011039524632034114 0.010146535572918447 0.41015799599337438 0.026772856385304022 3.1290050476902045 1.7107683085683474 0.18042586937277783 0.19553170132478626 0.096250279339080091 0.23770557343959808 0.3514158814638807 0.53254138496645254 44.67820421158649 0.0036494466471861204 0.019990620014165201 2.5794795386009639 0.80211778552954582 0.0057494417830329372 3.0295242444164692
leaf_count=39 103 107 22 13 167 48 4 392 269 6660 890 49 39 140 34 13382 75 58 64 35 11 52 44 158340 38 65 112 37 232 17087
internal_value=-0.06448 -0.192187 -0.342266 -1.46594 -24.1076 -4.43088 -0.308872 -0.4183 -0.495659 -0.0278081 -0.258267 -17.2782 -0.220893 -0.612229 -5.46779 -0.0850292 0.0491165 0.388932 -0.430562 -0.258238 0.00307401 0.207598 -0.0219094 -0.0163233 -0.0643148 -2.16528 -0.0443391 -0.0982961 -0.0108457 -0.0645404
internal_weight=71.8342 16.0257 9.88054 0.285166 0.0124701 0.0114133 9.59537 6.44477 5.19008 55.8084 2.64917 0.00580444 2.64337 0.543328 0.0369194 3.1506 6.14519 0.733275 0.272695 0.506408 5.41191 0.589121 4.82279 53.1593 5.4458 0.0236401 4.29025 1.25469 47.7135 3.03527
internal_count=198608 14896 14505 399 322 215 14106 720 661 183712 1290 152 1138 248 73 13386 391 97 77 175 294 63 231 182422 6763 103 187 59 175659 17319
is_linear=0
shrinkage=0.05


Tree=87
num_leaves=31
num_cat=0
split_feature=17 16 11 28 1 4 8 23 12 24 23 24 1 19 28 10 8 0 18 24 1 25 2 7 8 22 10 7 24 12
split_gain=80.2472 136.263 43.243 54.1492 44.2246 38.6703 555.946 43.5684 155.395 37.3799 44.2695 24.4673 42.8162 114.747 23.3988 22.2613 211.074 5.33973 52.2362 262.668 4.99403 10.9703 4.24828 3.6234 192.653 804.859 3.9233 21.6427 3.88288 2.6577
threshold=-1.3141738334553112 -1.3674811573116694 -0.26548236213468052 -1.9132643284150401 0.9585388568297416 -2.527707117736457 -2.0441030720438564 -1.4863179586398354 -1.1784405031268981 1.7118829311390178 0.23704761604131674 -0.47111485159842365 1.4239076954043373 -0.40937057600618115 -1.4312837180701072 0.47627738244222056 -1.3382630589018771 -1.6174608663727368 2.7786210890898873 -0.43847668179515381 1.4239076954043373 -0.5931194358975399 -1.1705369135451085 0.5854074645757591 -2.0441030720438564 -0.061229996441166605 1.9188123405428437 0.36587783359475401 1.0217358000866275 -1.6164980071471124
decision_type=2 2 2 2 2 2 2 2 2 2 2 2 2 2 2 2 2 2 2 2 2 2 2 2 2 2 2 2 2 2
left_child=1 9 3 -3 14 6 -2 8 -8 11 -11 12 -1 -14 -5 -9 -17 18 -7 -20 22 -22 -13 26 25 -25 28 -28 -19 -4
right_child=5 2 29 4 -6 17 7 15 -10 10 -12 20 13 -15 -16 16 -18 23 19 -21 21 -23 -24 24 -26 -27 27 -29 -30 -31
leaf_value=0.0073269026369811282 -28.163378630348348 -0.88983040072722197 -0.21099460357446775 -0.29966382024746729 -1.2403359686418272 -0.053981185158248769 -10.267713850226709 -0.11531203214496691 -0.0501439944498994 1.0259908436930376 0.070772604172316719 0.07440162061110904 0.062940013305622683 1.7143253068275 -0.079446156454858141 -6.0286377710950223 -0.27615382076888401 -0.0021440748617994458 -15.812566778452885 -0.050274142393899227 -0.060328441947459455 -0.36263027435456419 -0.084126083615053915 -49.936770535697519 -0.047177161937050405 -0.009761064487338331 0.011650059556082316 0.5502457869904811 -0.038115513462028107 -0.069754989129623607
leaf_weight=1.2394485405338769 0.0017785167908511692 0.37338517914281411 0.3773942004867864 6.8695149146109085 0.11689246058717806 5.2331181707316707 0.0048935212290051036 2.0660697213098285 0.015532863883969239 0.20494679410035266 0.29716609837508601 0.93229486584341781 0.35365182033154852 0.14972924216798855 1.4631423877739971 0.01670590329755034 0.35077671190338716 31.853398552806894 0.0031720950568431957 0.015848253422032041 1.7324043964658831 0.36298858886044372 0.77303201648181741 0.0010022697705131499 2.9285965512917453 0.004147779278601718 2.5528206773624826 0.20122238275280313 9.8131865725402374 2.83576818143659
leaf_count=48 79 18 229 149 71 6632 5 883 70 33 18 29 14 52 5191 37 212 135862 22 81 34 87 24 138 16954 159 2555 125 19114 9683
internal_value=-0.0547201 -0.146111 -0.243389 -0.300583 -0.274544 -0.0247085 -0.218645 -0.198392 -2.49795 0.0475577 0.460663 0.0101403 0.165263 0.55414 -0.260996 -0.17909 -0.537664 -0.0156552 -0.0634876 -2.67901 -0.0609916 -0.112697 0.00254033 -0.0103501 -0.0641683 -9.72624 -0.00679568 0.0510022 -0.010616 -0.0863439
internal_weight=73.144 18.0818 12.0361 8.82293 8.44955 55.0623 2.45576 2.45398 0.0204264 6.04566 0.502113 5.54355 1.74283 0.503381 8.33266 2.43355 0.367483 52.6065 5.25214 0.0190203 3.80072 2.09539 1.70533 47.3544 2.93375 0.00515005 44.4206 2.75404 41.6666 3.21316
internal_count=198608 15680 15341 5429 5411 182928 1286 1207 75 339 51 288 114 66 5340 1132 249 181642 6735 103 174 121 53 174907 17251 297 157656 2680 154976 9912
is_linear=0
shrinkage=0.05


Tree=88
num_leaves=31
num_cat=0
split_feature=17 15 8 7 22 6 4 8 23 14 5 24 28 1 0 18 13 19 22 1 27 0 18 20 3 16 2 29 24 17
split_gain=63.9513 105.686 42.6588 42.4515 62.289 154.601 29.4399 706.848 63.3154 186.485 481.443 27.9894 26.8087 93.3973 888.532 19.7925 16.6172 14.6594 14.5786 7.21486 6.57073 5.09839 66.0198 260.825 3.52909 11.4734 26.4951 6.73463 5.17925 4.60575
threshold=-1.3141738334553112 -2.4216760821646646 -2.1310549807509429 -0.58763109127321023 -0.54722483009913392 -1.0000000180025095e-35 -2.527707117736457 -1.8901669721195391 -1.4863179586398354 1.5953264208892024 2.9718372379985163 1.7118829311390178 -1.4312837180701072 0.9585388568297416 -0.78501400604786264 1.3081806453639879 -1.4543362371960125 -0.68330798100365897 0.66426376882824112 1.4239076954043373 0.79209189194935536 -1.6174608663727368 2.7786210890898873 1.5392865517989789 1.2424117575055311 -1.8632890144386625 -1.5535794420663092 -0.16632537740275416 0.95153248420013259 -1.0801135138516449
decision_type=2 2 2 2 2 2 2 2 2 2 2 2 2 2 2 2 2 2 2 2 2 2 2 2 2 2 2 2 2 2
left_child=1 3 -3 4 -1 -6 7 -2 9 10 -9 18 15 -14 -15 17 -10 -4 19 -5 -20 22 -8 -24 27 26 -26 29 -29 -23
right_child=6 2 12 11 5 -7 21 8 16 -11 -12 -13 13 14 -16 -17 -18 -19 20 -21 -22 24 23 -25 25 -27 -28 28 -30 -31
leaf_value=0.057542768915658064 -35.642024046871917 -2.467897454756296 -0.07965729760743967 0.034707245233304186 3.2808783831621238 -0.054392101945183062 -0.05278403337178357 -0.050040063685741404 -1.0515097629290964 -0.050175370378689813 -36.824890942778033 0.42130915481632086 -0.078745728174015595 -0.050032420624988784 -49.215434370797077 -0.65280900863611757 -0.13079952151398294 -0.2539556152160683 0.063833465179993276 -0.10463424811019961 0.4374802405471292 -0.26683021272719076 -0.05028796216811024 -16.407416776324109 0.89889810929030733 0.0024018815737263796 0.035237846315309462 0.019526303221538713 -0.036490576732457668 -0.041583886124931996
leaf_weight=0.21408208344302312 0.0014048107440326465 0.020686599805736061 1.4126741556418743 1.6631838689726599 0.0619679167764281 0.079090044772019225 5.0879421144218888 0.0025768624665181024 0.049933327682989748 0.010872716265315718 0.0013595377913532404 0.41205341987365418 4.2322918963300564 0.0095342963817517182 0.0010169746989149514 0.28287252251064465 2.6395554234629444 8.2594365589926575 0.23361624644720524 2.1044133694690053 0.23705139891535598 0.23075530230814933 0.012022491602975516 0.0030567461076214221 0.11882700803114815 14.0589171902714 0.35143379762179933 12.268619046259149 6.2175682159884884 13.753044323202067
leaf_count=14 104 39 55 237 28 19 6632 32 58 19 23 40 14093 211 36 27 1050 696 46 125 14 2962 97 6 28 12879 57 71829 13685 73467
internal_value=-0.0509811 -0.129448 -0.199007 0.068141 0.59505 1.41082 -0.0234587 -0.184265 -0.165846 -3.42622 -12.7512 0.0279014 -0.195701 -0.0904589 -4.7888 -0.240555 -0.147894 -0.228498 -0.0103465 -0.0431228 0.25202 -0.0151079 -0.0625747 -3.36608 -0.0099541 0.0105281 0.25347 -0.0191192 0.000685816 -0.0453008
internal_weight=74.0319 19.224 14.2185 5.00546 0.35514 0.141058 54.8079 2.7057 2.7043 0.0148091 0.0039364 4.65032 14.1978 4.24284 0.0105513 9.95498 2.68949 9.67211 4.23826 3.7676 0.470668 52.1022 5.10302 0.0150792 46.9992 14.5292 0.470261 32.47 18.4862 13.9838
internal_count=198608 15680 15157 523 61 47 182928 1286 1182 74 55 462 15118 14340 247 778 1108 751 422 362 60 181642 6735 103 174907 12964 85 161943 85514 76429
is_linear=0
shrinkage=0.05


Tree=89
num_leaves=31
num_cat=0
split_feature=17 6 5 11 12 24 18 8 28 4 26 5 26 25 11 0 18 16 20 10 18 22 29 16 24 18 25 11 12 12
split_gain=52.273 78.7666 177.182 3729.44 33.3155 44.6682 158.764 31.7021 32.5869 17.7067 64.2413 169.256 13.6019 12.0634 6.16918 4.18981 12.966 106.216 3.95584 3.67357 32.2534 221.181 4.62663 4.44581 3.47959 3.40675 1.745 1.67041 1.37785 0.689054
threshold=-0.88426701524694951 -1.2442224926233958 -1.2384817500763241 -1.6749881292122837 1.941861148966175 1.7118829311390178 1.5377414759408625 -2.1310549807509429 -1.4312837180701072 -2.527707117736457 -2.3805485318847128 2.5213138764317322 -2.3805485318847128 -0.65858154359022236 -1.7860417399945923 -1.6174608663727368 2.4945878902499925 -1.8632890144386625 -2.2076084068816173 1.9188123405428437 1.2301365062246978 -0.4097310215093361 -0.82594429633118727 -0.2846978133490578 1.0217358000866275 2.2882268825124092 2.4414422552179755 -3.2946583790412771 -1.6164980071471124 -1.825336033404567
decision_type=2 2 2 2 2 2 2 2 2 2 2 2 2 2 2 2 2 2 2 2 2 2 2 2 2 2 2 2 2 2
left_child=1 4 3 -3 5 12 -7 -4 14 10 11 -2 25 -14 -9 16 27 -18 -10 23 22 -22 -21 26 -25 -1 -17 -11 -12 -29
right_child=9 2 7 -5 -6 6 -8 8 18 15 28 -13 13 -15 -16 19 17 -19 -20 20 21 -23 -24 24 -26 -27 -28 29 -30 -31
leaf_value=0.082914742966495647 -0.05195007692988729 -97.942596177127356 -1.8487755075982493 -0.050003995539684577 0.94270091919602494 2.6051978240252174 0.057966884383810292 -0.30342473092997163 -0.1199988211811413 0.039846513233325026 -0.25195561711762476 -6.0499615069773798 0.092094096202128772 -0.078762278141545489 -0.19697440186777601 -0.042709114435885299 -6.017514758493208 -0.053091306880951865 -0.037215721525368249 -0.048082254411993278 12.797711410064634 -0.0064839909207274051 0.083710565108373158 0.0064178016452503487 -0.034800118230436029 0.33206230336279602 0.081065652874442326 0.027371039560742425 -0.10147396673893359 -0.065329884898978272
leaf_weight=0.24192077564999837 0.039950585714905278 0.0010215277484529319 0.027807277381138529 0.020453469368983124 0.10018362711495843 0.07520309603847497 0.32787683385617861 1.6162547653197012 2.3076947115542747 0.47479780259531956 0.16412141580406236 0.016669168084754167 1.3902628347555559 4.0215864899602112 8.6197121169741688 10.51623534392578 0.0083792119527416054 0.068367294491952446 3.8517562693524043 1.1232666837567593 0.0038917368819966205 0.02529061518704967 1.6355243155292003 24.667959125730516 6.4615271968514518 0.31697340309619937 0.29268026262278724 0.21296322471634344 2.0795818700309616 3.4140087239814894
leaf_count=36 118 30 89 570 19 91 13 56 189 19 29 54 196 998 1890 68913 9 135 27166 1888 21 93 625 78071 9883 17 405 159 1025 5801
internal_value=-0.0469769 -0.109738 -0.167898 -4.70658 0.0379931 0.0237729 0.533207 -0.161963 -0.159102 -0.0188859 -0.154456 -1.8178 -0.0106185 -0.0348706 -0.213783 -0.0125091 -0.06039 -0.704289 -0.0682312 -0.00803593 0.0475409 1.70107 0.0300499 -0.0117306 -0.00213778 0.224217 -0.0393576 -0.0483422 -0.112481 -0.0598868
internal_weight=74.1239 22.9187 16.4447 0.021475 6.47401 6.37382 0.40308 16.4232 16.3954 51.2052 2.30032 0.0566198 5.97074 5.41185 10.236 48.9049 4.17852 0.0767465 6.15945 44.7264 2.78797 0.0291824 2.75879 41.9384 31.1295 0.558894 10.8089 4.10177 2.2437 3.62697
internal_count=198608 31360 29990 600 1370 1351 104 29390 29301 167248 1226 172 1247 1194 1946 166022 6123 144 27355 159899 2627 114 2513 157272 87954 53 69318 5979 1054 5960
is_linear=0
shrinkage=0.05


Tree=90
num_leaves=31
num_cat=0
split_feature=13 10 18 18 8 17 3 25 17 10 5 19 11 19 7 4 18 28 12 10 8 4 18 18 18 17 27 23 3 23
split_gain=34.6821 77.8379 149.126 48.0066 43.2402 36.4686 35.8535 23.764 19.1477 16.1583 15.8781 33.1591 75.247 16.1245 239.058 9.12588 10.0156 7.96745 7.78436 64.3205 6.74647 6.67805 6.14109 4.8042 3.89177 4.41105 3.31118 3.13052 2.9832 2.83955
threshold=0.55079831478326291 1.9188123405428437 1.9368339940312309 1.2301365062246978 0.55895668071168536 -1.6702557485243708 -0.47752126826565122 -0.013379707638644859 -1.347973877793802 -0.42185481268169772 1.7423005124743642 4.8077962034842194 -0.93505421580074111 4.8077962034842194 -0.63063135272273307 1.1116003542340016 1.6254138431872429 -1.9132643284150401 -0.50123707194476619 1.6003211066659417 -1.0296275206374979 -2.527707117736457 3.283747335452579 2.0262562528570487 -1.3750601844315515 -1.5100055362840301 -0.039686258185125049 -1.3836643503733248 1.1606748606959101 0.52529507405135178
decision_type=2 2 2 2 2 2 2 2 2 2 2 2 2 2 2 2 2 2 2 2 2 2 2 2 2 2 2 2 2 2
left_child=6 5 3 -3 -4 9 8 -5 23 -2 13 18 -13 15 -15 20 -17 -11 19 -12 -8 28 -20 27 29 -26 -19 -1 -7 -23
right_child=1 2 4 7 -6 21 10 -9 -10 17 11 12 -14 14 -16 16 -18 26 22 -21 -22 24 -24 -25 25 -27 -28 -29 -30 -31
leaf_value=-0.23002321973629236 -0.77580960325602499 -0.10690437483844265 -2.9097433953138667 -1.1300251737866183 -1.1949176476400316 -0.26266433664347871 0.047362727593893157 -0.29493237727926847 -0.054956607297945631 -0.3894082897678886 -0.18801671432624767 -5.5834624042062178 -0.050774116301777972 12.787599622975447 -0.050549177598070198 -0.04261123724842171 -0.23498036016393639 -0.2234548335177613 -0.06390885022559066 -3.724391197180998 -0.010586910797626119 0.072952928918688306 -0.3230356770745022 -0.55780475891608405 -0.3208042053454952 -0.029916268615615683 -0.13044037389859206 -0.14962744728881341 -0.092607142402564901 -0.060999104032188139
leaf_weight=1.6981392900806405 0.12049984071054076 0.9048024504441885 0.067580472517874912 0.21146415205434366 0.080609113749233074 0.31264045227756265 6.0221104723314367 0.14266335019398202 6.6919029863199864 0.44658664494551192 0.28911833230161516 0.0090366853401064873 0.019208298904266452 0.0038948033000574178 0.052557505107221909 5.2058138489513492 0.77770222573016745 1.5706211043747202 3.3961618996746172 0.0134564398499602 30.255851608941558 1.6760933637733073 0.24514913346979295 0.08210729719764831 0.13319847984741606 6.042643697813042 2.4482414231486027 4.2196518808083381 1.4725823501917423 0.51787172595174014
leaf_count=1105 175 1960 12 24 29 486 4373 27 44980 8 542 18 50 36 150 4014 421 365 4313 11 89487 1702 21 96 202 37023 646 5311 193 828
internal_value=-0.0564348 -0.12136 -0.476666 -0.300067 -1.97695 -0.087444 -0.0386595 -0.793601 -0.113109 -0.204473 -0.0182471 -0.113829 -1.8209 -0.00927538 0.835191 -0.0104034 -0.0676142 -0.189055 -0.101604 -0.34529 -0.000967321 -0.0345946 -0.0813544 -0.177968 -0.0158687 -0.03619 -0.166792 -0.172697 -0.122389 0.0413344
internal_weight=75.13 16.1481 1.40712 1.25893 0.14819 14.741 58.9819 0.354128 12.6918 4.58595 46.2901 3.97213 0.028245 42.3179 0.0564523 42.2615 5.98352 4.46545 3.94389 0.302575 36.278 10.155 3.64131 5.9999 8.36981 6.17584 4.01886 5.91779 1.78522 2.19397
internal_count=198608 43680 2052 2011 41 41628 154928 51 51492 1194 103436 4955 68 98481 186 98295 4435 1019 4887 553 93860 40434 4334 6512 39755 37225 1011 6416 679 2530
is_linear=0
shrinkage=0.05


Tree=91
num_leaves=31
num_cat=0
split_feature=28 14 26 5 9 9 15 29 11 13 10 17 10 3 18 0 12 15 17 18 26 5 18 4 4 4 6 3 27 11
split_gain=188.695 357.482 216.491 224.968 158.677 137.046 84.1404 33.928 29.6058 28.5342 34.0465 43.639 25.0138 19.2112 12.3494 11.8554 9.59606 203.818 9.36169 8.71749 11.1377 8.65862 27.1555 8.51899 8.49662 6.58661 26.4943 6.36567 5.07996 3.93293
threshold=2.5829901265502273 0.21678672265868165 -1.8290935402223878 -0.034365766878268526 -0.27571154691271965 -2.0607210003385319 -0.4152065604844718 0.49329354152567906 0.60862100546731823 -0.49148731920288874 1.8332770766859758 -1.5100055362840301 -1.3647229064189526 -0.47752126826565122 1.2301365062246978 -0.23857086022116467 1.941861148966175 -3.2656479115144936 -1.347973877793802 0.36469098822743379 -1.3831358290626821 0.9406507197488484 3.283747335452579 0.84768604250068635 -2.527707117736457 2.4177255450218422 1.1238098533298482 -0.20877105296699447 1.5329297644804012 -0.49196577687206927
decision_type=2 2 2 2 2 2 2 2 2 2 2 2 2 2 2 2 2 2 2 2 2 2 2 2 2 2 2 2 2 2
left_child=9 2 5 4 -4 -2 7 -5 19 13 11 25 -8 18 -12 27 21 -18 -1 -3 -21 23 -23 -15 -13 26 -11 -16 -10 -26
right_child=1 8 3 6 -6 -7 12 -9 28 10 14 24 -14 16 15 -17 17 -19 -20 20 -22 22 -24 -25 29 -27 -28 -29 -30 -31
leaf_value=-0.16890695346260035 -11.705493773514545 -0.04322589862136858 -8.9243470971256382 -3.2746704203076251 -2.3858901044649818 -3.6256353124934435 -2.0167301441251051 -1.5998714276476493 -0.51024039440591451 -0.16588806329391381 -0.1181613044816994 -0.12973252328094195 -0.30127294828091411 0.016008517732580219 -0.31764522628484027 -0.23389269449289554 5.3708685527034854 0.0057627748859866868 -0.046219735260295915 -1.1639739332428949 -0.050548755611189544 -0.067948457251353442 -1.4554984783348286 -0.049930608398651447 0.0020413597447395612 -0.00071884189715174874 -1.6019488519543863 -0.64021077789036562 -1.0358696916155792 -0.04106456120177384
leaf_weight=2.817137092124208 0.0085078247687254884 0.98554807587267257 0.016730928051594249 0.045283939673661872 0.020833323571396903 0.013697075549413332 0.024426739022601424 0.091020087916787118 0.091985210840204223 8.8907964885663908 1.1504091213937377 2.1558910448394455 0.16340095415583877 21.131942493079993 0.26542042149094403 1.1676316966519207 0.018444172532326775 0.44003186432596209 3.4701970828896873 0.041111459247076709 0.049506929486773932 3.5742605191013199 0.035612802225385543 6.3762279659339347 8.1423283059270339 0.60591921827030049 0.0322342800911678 0.36094649158624059 0.091880786827847338 15.113517721176418
leaf_count=1917 36 184 15 60 26 29 11 28 57 7567 2857 788 168 21469 24 61 10 229 13733 9 46 3627 29 3568 30077 96 199 60 31 111597
internal_value=-0.0635745 -0.593537 -1.92932 -1.63513 -5.29809 -6.72144 -1.21062 -2.15629 -0.186557 -0.0520731 -0.0827522 -0.0689926 -0.524366 -0.0213768 -0.246034 -0.328034 -0.00548448 0.221597 -0.101192 -0.0863773 -0.555684 -0.00883017 -0.0816372 0.000724226 -0.0347752 -0.160243 -0.171076 -0.503525 -0.772906 -0.0259723
internal_weight=77.3929 1.64393 0.383901 0.361696 0.0375643 0.0222049 0.324132 0.136304 1.26003 75.7489 37.8851 34.9407 0.187828 37.8639 2.94441 1.794 31.5765 0.458476 6.28733 1.07617 0.0906184 31.118 3.60987 27.5082 25.4117 9.52895 8.92303 0.626367 0.183866 23.2558
internal_count=198608 700 373 308 41 65 267 88 327 197908 153326 150324 179 44582 3002 145 28932 239 15650 239 55 28693 3656 25037 142462 7862 7766 84 88 141674
is_linear=0
shrinkage=0.05


Tree=92
num_leaves=31
num_cat=0
split_feature=28 8 3 13 17 10 26 18 8 18 11 22 4 18 24 22 17 0 25 18 17 15 15 18 25 5 29 9 6 3
split_gain=37.8884 698.844 24.3873 27.7993 23.6982 23.3863 23.0762 14.3535 938.784 13.0129 10.1714 8.0901 11.107 18.4212 14.5331 8.08654 463.821 5.81337 5.54629 4.75592 4.80782 4.66537 4.05764 4.05143 3.61352 3.54617 3.05565 2.86865 1.73191 1.53739
threshold=2.2499701540361579 -1.9613041373335882 -0.47752126826565122 -0.032762128421969614 -1.6702557485243708 1.9188123405428437 -1.1852659040292879 0.13416781145201298 -1.1597009107754135 0.96736734400693092 -0.235394036085873 -0.66611326152702155 0.84768604250068635 1.6254138431872429 1.4439439870651272 -0.69113315617463877 -0.96678348501057798 0.23649993289989724 -1.7974949068075048 1.3081806453639879 -1.347973877793802 0.34797873405709434 -2.8416237019844579 -1.3750601844315515 -1.7974949068075048 1.9088776628947892 0.6581982712577874 -1.3316176775407014 -0.47871171871260287 -0.99462616217737054
decision_type=2 2 2 2 2 2 2 2 2 2 2 2 2 2 2 2 2 2 2 2 2 2 2 2 2 2 2 2 2 2
left_child=2 -2 10 11 7 23 9 21 -9 18 19 15 14 -14 -13 25 -17 -7 -3 20 -1 -5 -8 -6 -24 -4 -20 29 -26 -12
right_child=1 6 3 4 5 17 22 8 -10 -11 27 12 13 -15 -16 16 -18 -19 26 -21 -22 -23 24 -25 28 -27 -28 -29 -30 -31
leaf_value=-0.14022223904779924 -35.25956643862839 -0.56174799987740121 -0.035439402048607793 -0.14816742749618983 0.028375123059332881 -0.30105706011503436 -0.39012792000492924 -47.865873103675348 -0.311862022356451 -0.83790118643744305 -0.050319060519242398 0.0093823339400286448 -0.042352198296875671 -0.5240173825297626 0.18678816075412907 -23.666432578289484 -0.053470200893228507 -0.11877725017771884 -0.21173480871976219 -0.2083619883231973 -0.054718196517487085 -0.51479046875829171 0.095641550362783281 -0.040396631491085279 -0.2006481991295801 -0.14973898837638308 -0.36097198306454314 -0.060983555226799102 -0.084861850406595052 0.092816263026058068
leaf_weight=6.1715549709423829 0.0014200688533304575 0.16206674985837488 3.8857735268739644 5.1259729268433398 2.5209015667439667 0.99458120160990293 0.11217988881336349 0.0010456779595071622 0.13849154763751004 0.11197197128076086 0.28808410737836299 24.300632765728196 5.3413542302224517 0.20616444832033032 1.2119923040042007 0.0021171705305064173 0.11734019427685438 0.78080734325518364 1.1750212405889493 1.7350718256992621 2.24104693485185 0.088267553253848052 0.25646185860143322 14.231172749211254 0.37375262807836929 0.82217546606974679 0.4843951599450721 3.4045220636174855 2.3765603577715728 0.53783366309639513
leaf_count=3147 90 26 2719 1804 4755 606 18 24 295 26 2549 47894 5604 548 1091 29 214 956 229 2110 20068 86 49 68610 36 141 67 32529 1561 727
internal_value=-0.0564011 -0.188864 -0.0473724 -0.0333081 -0.0751097 -0.0483352 -0.179007 -0.167766 -0.668227 -0.314726 -0.105837 -0.00549134 0.00386768 -0.0602525 0.0178101 -0.0657084 -0.471968 -0.220891 -0.282565 -0.13299 -0.117445 -0.154374 -0.0948742 -0.0300477 -0.0838585 -0.0554002 -0.255298 -0.0407041 -0.100597 0.04289
internal_weight=79.2007 5.05383 74.1469 59.7688 23.8812 18.5275 5.05241 5.35378 0.139537 1.93346 14.3781 35.8876 31.0601 5.54752 25.5126 4.82741 0.119457 1.77539 1.82148 10.1477 8.4126 5.21424 3.11895 16.7521 3.00677 4.70795 1.65942 4.23044 2.75031 0.825918
internal_count=198608 2102 196506 135376 77136 74927 2012 2209 319 348 61130 58240 55137 6152 48985 3103 243 1562 322 25325 23215 1890 1664 73365 1646 2860 296 35805 1597 3276
is_linear=0
shrinkage=0.05


Tree=93
num_leaves=31
num_cat=0
split_feature=13 26 5 16 16 17 3 10 8 18 21 8 4 24 25 19 25 17 12 3 23 13 12 18 25 9 19 21 21 7
split_gain=32.4536 26.2113 50.2523 276.368 665.066 22.9014 20.1669 15.9047 11.5989 33.5739 9.81472 38.2903 7.97134 7.93573 43.8103 6.50609 5.94818 5.91029 4.57997 4.34202 3.1816 2.84376 2.78354 2.96206 4.30235 2.44145 2.10926 2.00477 1.73448 1.9715
threshold=-0.30596637023240342 -1.1852659040292879 3.0859220009553732 1.28828878950768 -0.033813548522247376 -1.6702557485243708 -0.47752126826565122 1.9188123405428437 1.093526220671903 3.283747335452579 1.394171463568733 -2.0441030720438564 -2.065676349938542 1.7118829311390178 1.5202596944217215 4.8077962034842194 -0.65858154359022236 -1.347973877793802 0.32613613890504595 0.21947181995738627 -0.41343040537855907 2.3593034088777896 2.6520354781376123 -2.3112858319934242 -0.53307298712543194 -2.5366060588563664 2.215199898526564 0.22212841570601494 2.2457657455174087 -2.0903794231873163
decision_type=2 2 2 2 2 2 2 2 2 2 2 2 2 2 2 2 2 2 2 2 2 2 2 2 2 2 2 2 2 2
left_child=6 2 18 4 -4 22 17 12 10 28 13 -12 26 16 -15 -13 -8 -1 -2 -14 -20 27 23 24 -3 -22 -7 -9 -10 -30
right_child=1 5 3 -5 -6 7 8 21 9 -11 11 15 19 14 -16 -17 -18 -19 20 -21 25 -23 -24 -25 -26 -27 -28 -29 29 -31
leaf_value=-0.14171805769455312 -0.10480547393642908 -0.38524025896809461 -0.050022981521729439 -0.050630876492740041 -49.928021179682396 -0.09195005318713928 0.031185653789324308 -0.093594882850509376 -0.056799292802026141 -1.794045631438288 1.1784617023715402 0.047544989811439627 -0.057452180884259678 0.048079033697313478 1.2748627350892874 0.47318646857314628 -0.023378326456974064 -0.05240218097927523 -0.15422280586751516 -0.0087694106482426558 -0.52588113775404022 -0.43309302727787663 -0.38418340266085976 -0.11507818279464595 -0.15859767413690032 -0.25322549944743517 -0.19906365029483902 -0.19993208845924237 -0.071148497183227202 -0.23249332103354858
leaf_weight=3.5025834760319037 1.0360845669639411 0.22672749034644413 0.0020051310579240053 0.014816016895016021 0.0010024456532542053 2.1786675570862819 6.8069593696919837 0.66240425160955485 2.6285254487515761 0.028680233280351408 0.081080213276200408 1.7953588575028336 6.7084510404944995 2.1380350315059888 0.075339042699372416 0.094504261968609282 18.760856728177512 3.930965248446793 0.97132827042380121 14.436882314316072 0.086068573328503484 0.10385088676374987 0.11336458855203169 6.1437522653415613 2.7388000030434059 1.7819005840875364 0.58247839353411679 1.3395982966634266 0.42991849243549995 0.33833327933666146
leaf_count=2801 2726 120 44 22 42 842 7499 1064 4056 46 39 2378 70410 704 54 3 24646 19650 601 52941 13 50 19 5014 481 1193 215 873 21 41
internal_value=-0.0513595 -0.0838564 -0.206969 -2.8558 -16.6747 -0.0702534 -0.0200491 -0.0462512 -0.0033712 -0.090499 0.00666009 0.114477 -0.0346474 -0.000989027 0.0898364 0.0688296 -0.00885167 -0.0944866 -0.194787 -0.0242142 -0.227622 -0.177982 -0.137951 -0.134887 -0.175925 -0.265788 -0.114546 -0.164748 -0.0761153 -0.142204
internal_weight=79.7393 39.1282 3.89321 0.0178236 0.00300758 35.235 40.6111 26.0123 33.1776 3.42546 29.7521 1.97094 23.9065 27.7812 2.21337 1.88986 25.5678 7.43355 3.87538 21.1453 2.8393 2.10585 9.22264 9.10928 2.96553 1.86797 2.76115 2.002 3.39678 0.768252
internal_count=198608 136670 4641 108 86 132029 61938 126395 39487 4164 35323 2420 124408 32903 758 2381 32145 22451 4533 123351 1807 1987 5634 5615 601 1206 1057 1937 4118 62
is_linear=0
shrinkage=0.05


Tree=94
num_leaves=31
num_cat=0
split_feature=13 5 8 3 26 17 10 8 28 18 12 6 4 4 24 18 17 1 10 23 2 21 2 6 18 8 25 21 26 29
split_gain=28.664 22.0201 641.322 18.2865 16.4105 19.2913 12.8187 10.7264 8.69651 25.4 8.37605 16.6691 7.0926 6.99791 11.0876 9.74604 4.69332 2.62044 1.81952 1.70538 1.7017 1.65305 1.64986 1.34922 1.30523 1.22129 1.116 0.906097 0.808609 0.571416
threshold=-0.32114645761992439 3.5941870512372973 -1.7305301868936434 -0.47752126826565122 -1.1852659040292879 -1.6702557485243708 1.9188123405428437 1.093526220671903 2.2499701540361579 1.0958318680374983 1.941861148966175 -1.6659742630150536 -2.065676349938542 0.84768604250068635 1.4439439870651272 1.6254138431872429 -1.347973877793802 -1.603775286148841 2.0212287399551299 -1.1818703210224659 1.1353930664745528 -0.030562055563722657 1.155362084815424 -1.2442224926233958 -2.3112858319934242 1.7845931807729827 -0.4840669933166144 2.2457657455174087 -1.3831358290626821 0.98800773072200399
decision_type=2 2 2 2 2 2 2 2 2 2 2 2 2 2 2 2 2 2 2 2 2 2 2 2 2 2 2 2 2 2
left_child=3 4 -3 16 17 19 12 10 23 -10 13 -12 -7 14 -5 -15 26 25 -19 24 -18 -8 -22 -9 -6 29 -1 -25 -28 -2
right_child=1 2 -4 7 5 6 21 8 9 -11 11 -13 -14 15 -16 -17 20 18 -20 -21 22 -23 -24 27 -26 -27 28 -29 -30 -31
leaf_value=-0.096983606746131046 -0.17707455000032968 -33.273166760540931 -0.050150755075444087 0.0063131031618986469 -0.16918498288476505 -0.10888143115779028 -0.091006776338955195 0.026294832845108945 -0.052735690302744387 -1.814338288746189 0.68762753615330563 0.025831117293526482 -0.023479377269755606 -0.029437307249370076 0.14753085827831744 -0.30389376689766989 -0.064890214722778658 -0.057544608356516175 -0.16812624171701004 -0.10059973385821981 0.12825407222581772 -0.18592170143565687 -0.051070550083258962 -0.067365215384265709 -0.12196046606148839 -0.30054521945190982 -0.19555119260310239 -0.12976288925870583 -0.13153285422207928 -0.23695744014391118
leaf_weight=1.4207351612149826 1.8884839038976142 0.0015049743160683712 0.041718865721997525 21.835397726310365 2.7866908199979026 2.7522522374955036 0.64389064219319325 0.3044486564733847 0.073514006067212451 0.028355030313013146 0.13385190069675446 0.32906655095448556 20.836929119043329 5.7507144802565229 1.4844482243595383 0.3427383639229501 3.265083418829708 0.6724289512148458 0.83257001679282894 3.5799818615540113 0.2411974543413713 1.5952057932763899 0.27394409594577984 2.1477046931025967 3.0806700420288342 0.27732676568013692 0.76023764460832244 0.79797445040535775 1.4045379310560153 0.50487185420927172
leaf_count=1431 320 83 329 28443 328 977 901 277 48 23 8 171 124504 4599 823 386 16430 4176 74 3529 136 1088 2564 3685 1863 19 76 66 1204 47
internal_value=-0.0486632 -0.0789893 -1.20691 -0.0191585 -0.0777535 -0.0666585 -0.044296 -0.00335845 -0.0881699 -0.543074 0.00615707 0.217188 -0.0334436 0.00283577 0.0153025 -0.0448747 -0.0904355 -0.171483 -0.118719 -0.127796 -0.0515652 -0.158627 0.0328921 -0.0739117 -0.14439 -0.201216 -0.131417 -0.0842685 -0.154015 -0.189707
internal_weight=80.0885 39.4945 0.0432238 40.5939 39.4513 35.2756 25.8283 33.2282 3.352 0.101869 29.8762 0.462918 23.5892 29.4133 23.3198 6.09345 7.36574 4.17568 1.505 9.44734 3.78022 2.2391 0.515142 3.25013 5.86736 2.67068 3.58551 2.94568 2.16478 2.39336
internal_count=198608 138238 412 60370 137826 133190 127470 38529 4099 71 34430 179 125481 34251 29266 4985 21841 4636 4250 5720 19130 1989 2700 4028 2191 386 2711 3751 1280 367
is_linear=0
shrinkage=0.05


Tree=95
num_leaves=31
num_cat=0
split_feature=13 3 5 13 8 26 17 10 9 28 16 20 12 25 8 4 4 17 8 12 2 0 23 21 0 7 23 8 25 4
split_gain=25.5225 16.6112 16.5164 195.021 787.181 12.6486 16.5648 10.6318 10.1161 14.6665 9.30563 31.4312 12.4456 9.66036 103.43 6.44717 5.16039 3.66834 3.12571 1.65228 1.61234 1.4576 1.2157 1.08685 1.01422 0.975421 0.953224 0.87702 0.750775 0.737833
threshold=-0.32114645761992439 -0.47752126826565122 3.5941870512372973 0.032809306737514483 -1.6017636471146728 -1.1852659040292879 -1.6702557485243708 1.9188123405428437 1.0408210062344079 2.2499701540361579 0.9639933661837764 -2.2076084068816173 0.0075726329000181383 1.243323945976978 -1.2116628503284139 -2.065676349938542 0.84768604250068635 -1.347973877793802 0.062053174364039808 0.32613613890504595 1.1353930664745528 -0.079767432420408665 -1.1818703210224659 -0.030562055563722657 -1.2955036886223532 -1.5726404662211462 -0.41343040537855907 0.4348605445371086 -0.4840669933166144 -3.5780307616273812
decision_type=2 2 2 2 2 2 2 2 2 2 2 2 2 2 2 2 2 2 2 2 2 2 2 2 2 2 2 2 2 2
left_child=1 17 5 4 -4 19 22 15 10 18 11 -3 -13 16 -15 -8 -12 28 25 29 -19 -22 24 -9 -7 -10 -21 -20 -1 -2
right_child=2 8 3 -5 -6 6 7 23 9 -11 13 12 -14 14 -16 -17 -18 20 27 26 21 -23 -24 -25 -26 -27 -28 -29 -30 -31
leaf_value=-0.093109140828813164 -0.14434946001951726 0.63696511185239391 -50.031335128710467 -0.020769096813157126 -0.05000701462063567 -0.25512056585134174 -0.10456078027111748 -0.088145217141172183 0.079560917383593444 -0.83035635671949215 0.0061871783264447876 0.071075039070643053 -0.020156685684993625 -5.5720011209460685 -0.13952854037870707 -0.022679856932017323 -0.06008757147894897 -0.064400630600059447 -0.18447049486217648 -0.12957010286571014 -0.051021201686946349 0.1181336585180687 -0.096369622998036503 -0.16491446166808141 -0.1297938163728958 -0.050272104037204071 -0.18707654306955279 -0.082191285729148966 -0.13962026312013551 -0.058368392134279683
leaf_weight=1.4062198403345547 0.45244543463816356 0.21290221673006549 0.0010003743373090401 0.049363233244078937 0.0037066944206426899 0.16599666541940905 2.723400268686599 0.63186028597902 0.40171088160150248 0.064306253631815635 9.5747247289021189 7.4237553693295268 7.5298001131988297 0.0089024819758589668 0.55438587089790403 20.501607227405692 4.2368520376252059 3.1288612129427498 0.22709828571236634 1.0314547880961957 0.261061379723392 0.24865200959902717 3.5509695696520582 1.7053342086185157 5.8690079241800515 0.22608072103055299 2.3911833583294682 2.7189325883359059 2.2653450869100946 0.55629689939191518
leaf_count=1431 53 97 14 309 89 113 977 901 35 23 5717 11253 16093 10 763 124504 1865 16430 248 606 2570 130 3529 1088 2078 876 1234 1549 1280 2743
internal_value=-0.046237 -0.0183171 -0.0747598 -0.948037 -10.6723 -0.0735668 -0.0635305 -0.0425106 -0.00328479 -0.0819563 0.00640392 0.0337244 0.0251357 -0.022421 -0.225386 -0.0322813 -0.0141433 -0.0865464 -0.0684899 -0.153171 -0.0509667 0.0314971 -0.119583 -0.14416 -0.133241 0.0328054 -0.169746 -0.0900756 -0.121806 -0.096933
internal_weight=80.1232 40.4896 39.6336 0.0540703 0.00470707 39.5796 35.1482 25.5622 33.1795 3.63813 29.5413 15.1665 14.9536 14.3749 0.563288 23.225 13.8116 7.31014 3.57382 4.43138 3.63857 0.509713 9.58597 2.33719 6.035 0.627792 3.42264 2.94603 3.67156 1.00874
internal_count=198608 60370 138238 412 103 137826 133190 127470 38529 2731 35798 27443 27346 8355 773 125481 7582 21841 2708 4636 19130 2700 5720 1989 2191 911 1840 1797 2711 2796
is_linear=0
shrinkage=0.05


Tree=96
num_leaves=31
num_cat=0
split_feature=13 5 1 3 17 22 8 28 27 16 20 1 12 4 18 12 11 9 13 28 13 25 28 15 17 6 28 12 18 5
split_gain=23.7486 16.5981 178.24 13.4296 10.5014 20.2983 9.83153 21.2052 49.1254 7.76102 10.3358 14.226 10.9701 5.44171 21.0624 5.06558 4.38762 6.81472 3.97964 3.65009 2.90055 2.57865 2.0338 1.52641 1.47588 1.29378 1.13855 0.908445 0.839078 0.672059
threshold=-0.49148731920288874 3.5941870512372973 -3.4905747586158653 -0.47752126826565122 -1.347973877793802 -0.41756032776617313 1.093526220671903 2.2499701540361579 -1.5897995290799491 0.9639933661837764 -2.2076084068816173 2.1379613037422156 0.0075726329000181383 0.84768604250068635 1.6254138431872429 0.16010292939874918 -0.49196577687206927 -0.14646546149498216 2.6788316329037967 1.4598908066522018 -0.57943387020920245 -1.7974949068075048 -1.3229136967487733 -0.53896725993076577 -1.347973877793802 -1.2442224926233958 -1.4967715298118887 2.6520354781376123 -2.3112858319934242 0.47341945231776467
decision_type=2 2 2 2 2 2 2 2 2 2 2 2 2 2 2 2 2 2 2 2 2 2 2 2 2 2 2 2 2 2
left_child=3 4 -3 20 18 15 9 25 -9 10 11 -5 -12 19 -15 21 17 -7 27 -11 24 -6 -18 -17 29 -8 -22 28 -2 -1
right_child=1 2 -4 6 5 16 7 8 -10 13 12 -13 -14 14 -16 23 22 -19 -20 -21 26 -23 -24 -25 -26 -27 -28 -29 -30 -31
leaf_value=-0.082529902349305212 -0.13190930059252057 -9.8275579088734339 -0.020057633659002577 -0.062705087789907479 0.088563352563110265 -0.056239673599913331 0.030112796183002683 -3.6231540762653918 -0.051197085730425675 -0.015373536685790999 0.065212968482692299 0.51883268764866664 -0.020486801573563557 -0.045493476036876403 -0.62415987383049898 -0.14966987059585971 0.0048143680579731543 0.047165426201681793 0.090003798382616268 0.061824319065487 0.11225836516502981 -0.073029364081243053 -0.049212347693336461 -0.098650925534175038 -0.063513218239551014 -0.08132693877538906 -0.051478604974523813 -0.22675325462014886 -0.10222042628326776 -0.1305021142946991
leaf_weight=1.1187517802648264 3.3947845353764965 0.0051138722233157108 0.049229171756084107 0.18232605982956052 0.26582318578030495 2.4986580850542275 0.2874737469704306 0.013994271875646599 0.030835222581620428 7.4934142784114046 7.8249849795068185 0.24849116383120418 7.1426382537121773 3.9793449143194874 0.16371984686216867 4.7427325209322886 2.0970141841797671 4.3974562703955824 0.2470191758582797 1.9244481038980019 0.25022757340722279 3.4646877528402089 10.287211695990671 2.1219919228255941 2.6610943928145847 2.7702374419713083 0.18441525891867616 0.17236018947727849 7.960507361967176 2.1014279278517178
leaf_count=1156 827 51 401 67 130 13254 251 17 41 4973 6773 26 11184 1972 91 2372 13402 14012 19 464 124 10326 83912 5557 11693 3155 2218 36 9620 484
internal_value=-0.0435984 -0.0697181 -0.942978 -0.0152145 -0.0685787 -0.0528171 -0.00208694 -0.0866775 -1.16624 0.0069756 0.0312664 0.27272 0.0243165 -0.0206066 -0.0683604 -0.108413 -0.0222651 0.00969882 -0.10857 0.00040109 -0.081855 -0.0615148 -0.040064 -0.133899 -0.0910663 -0.0708498 0.0427862 -0.112826 -0.111096 -0.113836
internal_weight=80.0824 41.7046 0.054343 38.3778 41.6502 29.8756 32.0619 3.10254 0.0448295 28.9594 15.3984 0.430817 14.9676 13.5609 4.14306 10.5952 19.2803 6.89611 11.7747 9.41786 6.31592 3.73051 12.3842 6.86472 5.88127 3.05771 0.434643 11.5277 11.3553 3.22018
internal_count=198608 153919 452 44689 153467 142965 29014 3464 58 25550 18050 93 17957 7500 2063 18385 124580 27266 10502 5437 15675 10456 97314 7929 13333 3406 2342 10483 10447 1640
is_linear=0
shrinkage=0.05


Tree=97
num_leaves=31
num_cat=0
split_feature=13 5 1 26 9 18 4 17 22 8 24 8 14 28 23 18 3 25 11 9 12 23 13 13 25 5 28 21 3 15
split_gain=21.6142 18.6391 444.767 535.852 12.6343 50.8127 419.364 9.19364 18.0986 8.66582 47.7752 40.6403 585.927 33.2684 20.9733 13.4057 5.89047 4.31143 4.11177 6.15989 3.94692 3.79988 3.58215 3.32316 2.40641 2.30017 1.95379 1.46268 1.30122 0.962724
threshold=-0.49148731920288874 3.5941870512372973 -0.91036394603710391 0.13581385711998184 0.52801215169651805 3.283747335452579 -0.68470660593602617 -1.347973877793802 -0.41756032776617313 -1.0085081150582749 -1.8470163421329315 -0.93577633143969086 -1.2644205618452242 -1.9132643284150401 -1.3240788299452571 1.6254138431872429 -0.47752126826565122 -0.28488062361269467 -0.49196577687206927 -0.14646546149498216 0.16010292939874918 0.57684209838265188 2.6788316329037967 -0.57943387020920245 -1.7974949068075048 -0.824886533766508 -1.3229136967487733 1.2453833347742791 1.9758806009868362 -0.53896725993076577
decision_type=2 2 2 2 2 2 2 2 2 2 2 2 2 2 2 2 2 2 2 2 2 2 2 2 2 2 2 2 2 2
left_child=4 7 3 -3 9 21 -7 22 20 10 -1 12 -11 -12 -15 -14 23 -18 19 -10 24 27 -2 -13 -9 -23 -20 -6 -27 -22
right_child=1 2 -4 -5 5 6 -8 8 18 11 13 16 15 14 -16 -17 17 -19 26 -21 29 25 -24 -25 -26 28 -28 -29 -30 -31
leaf_value=1.2272626044494217 -0.10700203312739341 -50.043168562870768 -0.017790891875503621 -0.050017589161408839 -0.061352239152861976 -23.595425034187382 -0.050176285326005023 0.084001671297254929 -0.055410907190162423 -30.409215854570398 1.6865283847599413 -0.093116215033425959 -0.051237489230541215 0.42709800700544154 0.0077898451284344923 -0.84806517039134366 0.02397938659255959 -0.022059722174561848 0.0045600650803351217 0.043541983040211583 -0.13716732110676128 0.1013253517543193 0.086553592025749693 0.084819372871053705 -0.0722112820437638 -0.059129290400495721 -0.048492249655248773 -0.11127652133153512 0.052723712342666457 -0.096465452555068151
leaf_weight=0.084994926730696529 11.545597743588221 0.0010001368798483053 0.046679784432825104 0.0011549842300590993 3.1250803486088556 0.0021235557077456937 0.017279393160650858 0.26623124388881736 2.4114567388282131 0.001646946583150565 0.030338013773871242 2.5938472522998186 0.1003424218216897 0.3126134579742218 6.4781437808503997 0.11136602164416512 10.285890259311468 10.057452429430832 2.1031008893021772 4.521871358214872 4.9115263911745801 0.41324141700494932 0.24409454149132237 0.29193383119902216 3.3321097396120107 1.0941321566894868 9.9271626774533406 2.7653570655985047 0.34106387772228219 2.0630803764494727
leaf_count=55 10483 56 348 48 6413 24 97 130 13254 38 24 6181 323 226 1538 36 9906 14062 13402 14012 2372 502 19 901 10326 2930 83912 1168 265 5557
internal_value=-0.0417978 -0.0668207 -1.04307 -23.2506 -0.0146288 -0.0715706 -2.62709 -0.0656671 -0.0507676 -7.23202e-05 0.0491533 -0.0145741 -0.701502 0.0344734 0.0270928 -0.470397 -0.00826475 0.00121832 -0.0215429 0.00912552 -0.103185 -0.0651634 -0.102995 -0.0751157 -0.0606535 -0.00261912 -0.0392178 -0.08479 -0.0325482 -0.125128
internal_weight=79.4819 41.3751 0.0488349 0.00215512 38.1068 7.75828 0.0194029 41.3262 29.5365 30.3486 6.90609 23.4425 0.213355 6.8211 6.79076 0.211708 23.2291 20.3433 18.9636 6.93333 10.5729 7.73887 11.7897 2.88578 3.59834 1.84844 12.0303 5.89044 1.4352 6.97461
internal_count=198608 153919 452 104 44689 11399 121 153467 142965 33290 1843 31447 397 1788 1764 359 31050 23968 124580 27266 18385 11278 10502 7082 10456 3697 97314 7581 3195 7929
is_linear=0
shrinkage=0.05


Tree=98
num_leaves=31
num_cat=0
split_feature=13 5 1 3 17 22 8 24 29 8 9 25 26 24 5 6 11 9 12 29 9 11 18 11 19 28 28 5 23 5
split_gain=20.9709 19.2665 526.499 11.9463 8.27883 15.8541 7.56104 58.606 92.4928 24.8991 31.5653 19.6865 82.9919 13.7189 5.44386 3.87619 3.85438 5.72201 3.61516 3.39368 3.06098 2.98131 2.65042 2.38287 2.04119 1.90616 1.71573 0.968178 0.686032 0.665563
threshold=-0.49148731920288874 3.5941870512372973 -0.67737194355182062 -0.26551165186840547 -0.88426701524694951 -0.41756032776617313 -1.0085081150582749 -1.6675922138434933 -1.6504679449917286 -0.93577633143969086 -1.0739319793524948 0.37275137228749061 2.7529616263015506 -1.0249321007398509 0.19307449444559063 -0.43974814166323023 -0.49196577687206927 -0.14646546149498216 0.16010292939874918 -0.16632537740275416 1.6042625251574212 -0.2973841613934019 1.6254138431872429 -0.22602750520120601 4.8077962034842194 -1.3229136967487733 -1.4967715298118887 0.47341945231776467 -0.59043456919094506 -0.068900042695082347
decision_type=2 2 2 2 2 2 2 2 2 2 2 2 2 2 2 2 2 2 2 2 2 2 2 2 2 2 2 2 2 2
left_child=3 4 -3 21 20 18 7 8 -5 10 -8 13 -13 -9 19 -16 17 -7 24 -11 29 27 -12 -23 -6 -18 -25 -1 -20 -2
right_child=1 2 -4 6 5 16 9 11 -10 14 22 12 -14 -15 15 -17 25 -19 28 -21 -22 23 -24 26 -26 -27 -28 -29 -30 -31
leaf_value=-0.067099396316057408 -0.080116691957182545 -27.363472578263458 -0.016483010505210626 3.8101466490485083 -0.064792790533504507 -0.054627089951016075 -2.2472297204055725 0.28851608688654112 0.017931564848877191 -0.015876195320653874 -0.05127655989425145 0.054055740459850503 1.0878764500897373 -0.046527836029900752 0.0048470794706349874 -0.07214223833334836 0.0055929791003758566 0.042311472124911681 -0.051805732754591598 0.030662136309803623 0.074477376858720468 0.12135732518330125 -0.40063086075527948 0.068111181770571114 0.081283645642096683 -0.047633314943157437 -0.056635876909482179 -0.10867252681086514 -0.12164273879177956 -0.10628613737034272
leaf_weight=2.9540628681468526 3.2734534470629884 0.0018305994677224871 0.045651716295282058 0.026582460684891264 2.6268934177886165 2.2908260531821432 0.022765350682107555 0.32835128080301235 0.040693854732466304 6.960737032983995 0.072202025588260998 1.878131831137587 0.21650511136852402 4.3962369759675681 2.6428316559831249 4.2865808880208833 2.06058741916826 4.5375270992798633 0.37130727040551637 8.9594852830471776 0.25783605139124688 0.26417264651408467 0.21884351706831362 0.324721226725453 0.26309732714230794 9.1572920619771221 1.8232399347551009 2.6628596691172914 6.6430401875016232 9.4252748317608059
leaf_count=5968 13355 114 338 14 9488 12719 51 74 60 6777 115 238 38 528 3801 5068 12224 12490 2990 7951 183 944 17 965 150 75700 10478 1602 4518 9650
internal_value=-0.0393733 -0.0642083 -1.0708 -0.0126628 -0.0630399 -0.0477253 0.00181336 0.0478116 1.51633 -0.0118619 -0.454212 0.0333237 0.160913 -0.0232428 -0.00578681 -0.042779 -0.0198279 0.00978981 -0.098556 0.0103144 -0.0960773 -0.0668422 -0.313964 -0.0203489 -0.0514944 -0.0378563 -0.0377771 -0.0868083 -0.117946 -0.0995402
internal_weight=79.0336 40.9546 0.0474823 38.079 40.9071 27.9506 30.0499 6.8865 0.0672763 23.1634 0.313811 6.81923 2.09464 4.72459 22.8496 6.92941 18.0462 6.82835 9.90434 15.9202 12.9566 8.02906 0.291046 2.41213 2.88999 11.2179 2.14796 5.61692 7.01435 12.6987
internal_count=198608 153919 452 44689 153467 130279 24732 952 74 23780 183 878 276 602 23597 8869 113133 25209 17146 14728 23188 19957 132 12387 9638 87924 11443 7570 7508 23005
is_linear=0
shrinkage=0.05


Tree=99
num_leaves=31
num_cat=0
split_feature=13 5 18 0 3 17 22 8 24 7 8 23 19 20 25 5 19 11 9 2 12 9 11 28 11 25 28 5 18 23
split_gain=19.3336 20.2446 429.303 549.094 11.0468 7.5427 14.2978 6.75757 66.3228 103.838 19.726 16.8876 87.8601 16.1324 11.4632 4.99911 3.6979 3.61103 4.8541 3.05765 2.92418 2.79561 2.72205 2.44273 2.09795 1.90907 1.59828 0.755119 0.643535 0.530646
threshold=-0.49148731920288874 3.5941870512372973 1.4655934130874122 -0.65443905254290724 -0.26551165186840547 -0.88426701524694951 -0.41756032776617313 -1.0085081150582749 -1.8470163421329315 -0.37695591511472193 -0.93577633143969086 -0.35089533368004311 0.36864364638761343 0.63509400301590901 -0.77155040411551334 0.19307449444559063 1.7726553133802783 -0.4200005338918153 -0.14646546149498216 0.19566831998291315 0.16010292939874918 1.6042625251574212 -0.2973841613934019 -1.3229136967487733 -0.22602750520120601 -1.7974949068075048 -1.4967715298118887 0.47341945231776467 1.4655934130874122 -0.59043456919094506
decision_type=2 2 2 2 2 2 2 2 2 2 2 2 2 2 2 2 2 2 2 2 2 2 2 2 2 2 2 2 2 2
left_child=4 5 -3 -4 22 21 20 8 9 -6 13 12 -10 -9 -13 19 -17 18 -8 -12 25 -2 27 -19 28 -7 -26 -1 -24 -22
right_child=1 2 3 -5 7 6 17 10 11 -11 15 14 -14 -15 -16 16 -18 23 -20 -21 29 -23 24 -25 26 -27 -28 -29 -30 -31
leaf_value=-0.066240274879238781 -0.095653284677674422 -0.013984080659756046 -50.002553826080145 -0.050005591138556377 4.3785981473996465 0.077672958111860868 -0.053642263810110238 -0.26233087820036072 0.033200253860324401 0.027798667628649649 -0.0011117446978283845 0.18616456493845943 1.044100153484069 -1.3423660988171462 -0.051061359512768523 -0.054310690807807455 0.063957280555811194 0.013834541988193944 0.034156218677299531 0.053761191351619331 -0.051718512204012392 0.071455431244824258 -0.050006322961093509 -0.04958080554085189 0.063585955898270749 -0.064214371938397435 -0.056377313191181971 -0.1032905806176018 0.14472044796744535 -0.11455039998899189
leaf_weight=2.8455123082050378 12.557182738365485 0.04317945391795925 0.0010009499071199019 0.0012214840604307647 0.022577122508664615 0.2616782901484983 2.2631314996050031 0.3211315696392264 1.9114072979088907 0.034932613897308396 12.826221904577476 0.58034781240956146 0.2421715695520742 0.038746831579036689 4.1561821911469359 6.0630807773822148 0.7418013471538093 1.8489265536345403 5.1718109512616177 3.1651868418434264 0.35377903076348705 0.2553655975126351 0.052123280668888106 8.4981749425792987 0.33028907638539684 2.520825182928661 1.7420735028537355 2.6615113578771785 0.22812227109381872 6.6999730901164005
leaf_count=5968 23005 376 43 33 15 123 13309 170 195 38 9016 75 118 13 511 8632 237 12035 13844 5712 2990 183 889 73945 965 9515 10478 1602 55 4518
internal_value=-0.0377601 -0.0618004 -1.11702 -22.5479 -0.0121285 -0.0606155 -0.045906 0.00165297 0.0449014 1.73583 -0.011323 0.0307877 0.146877 -0.378614 -0.021995 -0.00552466 -0.0414183 -0.0191495 0.00743113 0.00974928 -0.0942767 -0.0923227 -0.0649141 -0.0382491 -0.0198946 -0.0508707 -0.0372578 -0.0841465 0.108503 -0.111399
internal_weight=78.4397 40.4762 0.0454019 0.00222243 37.9634 40.4308 27.6183 30.1038 6.94762 0.0575097 23.1562 6.89011 2.15358 0.359878 4.73653 22.7963 6.80488 17.782 7.43494 15.9914 9.83626 12.8125 7.85963 10.3471 2.35261 2.7825 2.07236 5.50702 0.280246 7.05375
internal_count=198608 153919 452 76 44689 153467 130279 24732 952 53 23780 899 313 183 586 23597 8869 113133 27153 14728 17146 23188 19957 85980 12387 9638 11443 7570 944 7508
is_linear=0
shrinkage=0.05


Tree=100
num_leaves=31
num_cat=0
split_feature=13 5 18 3 17 22 9 16 20 8 29 4 14 11 11 25 9 11 12 10 18 5 19 28 10 8 5 24 7 5
split_gain=17.2616 20.8868 519.71 9.81845 6.9365 12.9654 6.31742 7.66757 12.8524 22.0387 10.0355 4.82849 3.84938 3.40103 5.18713 3.2382 2.5641 2.48756 2.38858 2.3275 1.90369 2.03781 1.79985 1.71956 1.00611 0.686902 0.592778 0.502293 0.470948 0.429269
threshold=-0.49148731920288874 3.5941870512372973 1.0756330536464709 -0.26551165186840547 -0.88426701524694951 -0.41756032776617313 1.0408210062344079 0.9639933661837764 -2.2076084068816173 -1.2424711334819221 1.6476266496504373 0.84768604250068635 1.1318811103533863 -0.49196577687206927 -0.74529840539396031 -0.93814040768494789 1.6042625251574212 -0.2973841613934019 0.16010292939874918 1.1080958912510039 0.7102947449179754 -0.29575865402499663 4.8077962034842194 -1.3229136967487733 0.35910646199216756 0.096539091426599957 0.47341945231776467 -1.6675922138434933 -0.025653272138229877 -0.068900042695082347
decision_type=2 2 2 2 2 2 2 2 2 2 2 2 2 2 2 2 2 2 2 2 2 2 2 2 2 2 2 2 2 2
left_child=3 4 -3 17 16 18 7 8 9 -5 -10 15 -13 14 -7 -9 29 26 22 24 -19 28 -6 -15 -8 -26 -1 -21 -22 -2
right_child=1 2 -4 6 5 13 19 11 10 -11 -12 12 -14 23 -16 -17 -18 20 -20 27 21 -23 -24 -25 25 -27 -28 -29 -30 -31
leaf_value=-0.065421602553747377 -0.076097068190329034 -0.012744389839994609 -27.096054807297982 0.97455375963353408 -0.063641096318045556 -0.018780996412358808 -0.05282995049337106 0.11728783504169196 0.020610690244453434 0.086171218323724583 0.34036693767519444 -0.038008195301326118 -0.15447954625055202 0.0044634429765827615 0.076993752647652541 -0.004952675596528424 0.068652442577480863 -0.055951062682060383 -0.1057214047673527 -0.13136851577324096 -0.050232749329233217 -0.055310907655559884 0.075340918178152819 -0.046171090570644675 0.07177038405621973 -0.050696384224850025 -0.098592368802417868 -0.079714734699884479 0.11377288989586248 -0.097637879378280015
leaf_weight=2.7397477169465736 3.0793749911322417 0.042320854046851521 0.0018486987578864777 0.097024932503700256 2.4206284356899075 4.8951866424380084 0.68899412318623476 0.57888687110254089 13.029855659461399 0.24889746079211228 0.25008963011279739 3.8142155177889592 0.87149055285451282 2.0861371659484211 1.9878017160452186 8.4490138720478249 0.25257319866653993 1.3963042883416434 7.0603747035590372 0.75337749520171926 0.048081087797598676 0.35530064813325635 0.25775214719984685 8.5439174273911878 0.40542798337241948 0.15955979109695673 2.6491980925105931 1.2540925149901669 0.4884004796402015 9.2912778201817776
leaf_count=5968 13355 343 109 26 9488 20093 1159 401 15421 53 565 1473 415 12224 5116 4450 183 9836 7508 42 481 1947 150 75700 72 232 1602 423 123 9650
internal_value=-0.0366149 -0.0596186 -1.14631 -0.0126248 -0.0584149 -0.0442218 5.88864e-05 0.00790551 0.0344698 0.335346 0.0266324 -0.0184888 -0.0596706 -0.0185039 0.00887868 0.00288563 -0.0890559 -0.0631826 -0.09047 -0.0657163 -0.0195033 0.0375647 -0.0502663 -0.0362341 -0.0122736 0.0371842 -0.0817283 -0.0990997 0.0990742 -0.0922758
internal_weight=78.1972 39.9192 0.0441696 38.278 39.875 27.2518 30.6009 27.3395 13.6259 0.345922 13.2799 13.7136 4.68571 17.513 6.88299 9.0279 12.6232 7.67703 9.73876 3.26145 2.28809 0.891782 2.67838 10.6301 1.25398 0.564988 5.38895 2.00747 0.536482 12.3707
internal_count=198608 153919 452 44689 153467 130279 24732 22804 16065 79 15986 6739 1888 113133 25209 4851 23188 19957 17146 1928 12387 2551 9638 87924 1463 304 7570 465 604 23005
is_linear=0
shrinkage=0.05


Tree=101
num_leaves=31
num_cat=0
split_feature=13 5 13 27 3 17 22 9 16 7 8 4 2 14 7 22 9 11 11 10 12 19 22 14 10 8 22 5 14 24
split_gain=16.0217 21.9486 395.518 578.323 9.13738 6.38397 12.0073 5.80594 6.79297 9.54033 25.0556 4.44321 3.78852 3.40473 3.36249 2.88294 2.35468 2.26802 2.17806 2.08065 2.06608 1.65295 1.51424 1.40251 0.9491 0.636092 0.582708 0.472827 0.467703 0.367409
threshold=-0.49148731920288874 3.5941870512372973 0.032809306737514483 0.08310537725411378 -0.26551165186840547 -0.88426701524694951 -0.22525263902885814 1.0408210062344079 0.9639933661837764 1.88174047817606 -1.0085081150582749 0.84768604250068635 -0.75334636097238683 1.1318811103533863 -0.12744561993628614 -0.18445467370260527 1.6042625251574212 -0.235394036085873 -0.22602750520120601 1.1080958912510039 0.16010292939874918 4.8077962034842194 -0.22077619099181964 0.89253377879214668 0.35910646199216756 0.096539091426599957 -0.41756032776617313 0.47341945231776467 0.90414351186420749 -1.6675922138434933
decision_type=2 2 2 2 2 2 2 2 2 2 2 2 2 2 2 2 2 2 2 2 2 2 2 2 2 2 2 2 2 2
left_child=4 5 3 -3 17 16 20 8 9 10 -6 15 22 -13 -14 -10 -2 27 -19 24 21 -7 -8 -20 -9 -26 -22 -1 -25 -21
right_child=1 2 -4 -5 7 6 12 19 11 -11 -12 13 14 -15 -16 -17 -18 18 23 29 26 -23 -24 28 25 -27 -28 -29 -30 -31
leaf_value=-0.064449284128549181 -0.089124314604959648 -0.050003311672083155 -0.009870832693129673 -49.851641935856158 0.17645302681307007 -0.059930151308232628 0.068742025099137197 -0.052711779206029208 0.039808291633293615 -0.073025459589519323 0.0075689524167283145 -0.036817440336569654 0.030300881030321566 -0.14646336402992208 -0.02288315628242106 -0.018754318397989217 0.066032159852048952 0.12130938954152884 -0.055865437513848287 -0.12256286005636391 -0.10099715291056162 0.07227364763136776 -0.071397079477015901 0.091076416390123038 0.069650284524465034 -0.050662970546591982 -0.052785122765198866 -0.094291881964595398 -0.050179119357190709 -0.07834715544283366
leaf_weight=2.6719685952646675 12.172435660295763 0.0013900210047149883 0.039785964296789905 0.0010039830752373107 2.8979833048779851 3.1969975788960245 0.20578718312429822 0.65682377293488647 3.318652763551909 1.8680826782802693 9.0686525118815915 3.7425522819646533 4.907951770005865 0.87319738339373376 7.5340526955753484 5.7300986809101166 0.24954338123861575 0.24660735450804661 1.594272726233974 0.76675375733600182 7.0219968095160725 0.2553178099729746 3.044805800040761 0.24965455566706501 0.39709356363096049 0.15187554776079315 0.68814781911451195 2.6374598999322059 0.076574180423426064 1.2132240832886612
leaf_count=6540 23005 84 309 59 362 19834 56 1159 1330 128 15575 1473 16808 415 62652 3521 183 151 10278 42 7508 151 16002 23 72 232 7268 1823 1142 423
internal_value=-0.0351931 -0.0575926 -1.19755 -20.9355 -0.0121142 -0.0563684 -0.0426587 -3.72696e-05 0.00736543 0.0320629 0.0484679 -0.0176396 -0.0144611 -0.05756 -0.00190384 0.00272367 -0.0860074 -0.0616798 -0.0185749 -0.0639366 -0.0822999 -0.0501529 -0.0625252 -0.0365371 -0.0121573 0.0363649 -0.0966941 -0.0792736 0.0579201 -0.0954699
internal_weight=77.4807 39.3192 0.04218 0.002394 38.1615 39.277 26.8551 30.685 27.4992 13.8347 11.9666 13.6645 15.6926 4.61575 12.442 9.04875 12.422 7.47654 2.16711 3.18577 11.1625 3.45232 3.25059 1.9205 1.20579 0.548969 7.71014 5.30943 0.326229 1.97998
internal_count=198608 153919 452 143 44689 153467 130279 24732 22804 16065 15937 6739 95518 1888 79460 4851 23188 19957 11594 1928 34761 19985 16058 11443 1463 304 14776 8363 1165 465
is_linear=0
shrinkage=0.05


Tree=102
num_leaves=31
num_cat=0
split_feature=13 5 13 3 3 17 22 9 16 7 8 2 24 13 5 21 9 11 11 10 12 19 22 14 10 22 14 5 5 4
split_gain=14.836 22.6308 438.395 533.856 8.52535 5.92709 11.1648 5.36515 6.17429 7.93681 24.4331 3.60301 3.5879 3.22506 3.10229 2.87962 2.17004 2.07676 1.96174 1.87033 1.72721 1.55317 1.4263 1.32015 1.31753 0.467167 0.425742 0.375937 0.283733 0.3857
threshold=-0.49148731920288874 3.5941870512372973 0.13293120413826004 0.49688604112214424 -0.26551165186840547 -0.88426701524694951 -0.22525263902885814 1.0408210062344079 1.3261799920569672 1.88174047817606 -1.7305301868936434 -0.75334636097238683 -0.064533070587430325 -1.2089490872281388 -0.44339981410034385 0.80695195549288601 1.6042625251574212 -0.235394036085873 -0.22602750520120601 0.52898367753396547 0.16010292939874918 4.8077962034842194 -0.22077619099181964 0.89253377879214668 0.35910646199216756 -0.41756032776617313 0.90414351186420749 0.47341945231776467 -0.068900042695082347 1.0472400060354883
decision_type=2 2 2 2 2 2 2 2 2 2 2 2 2 2 2 2 2 2 2 2 2 2 2 2 2 2 2 2 2 2
left_child=4 5 3 -3 17 16 20 8 9 10 -6 22 13 -10 -13 -14 28 27 -19 24 21 -7 -8 -20 -9 -22 -25 -1 -2 -30
right_child=1 2 -4 -5 7 6 11 19 12 -11 -12 14 15 -15 -16 -17 -18 18 23 -21 25 -23 -24 26 -26 -27 -28 -29 29 -31
leaf_value=-0.063724261726271492 -0.072699101149968887 -0.050019231740683581 -0.0085123905498046479 -49.802562872544733 0.23243780985189316 -0.059581367916889227 0.06731054791093169 -0.05259763079704835 -0.081358267384705044 -0.071118285622256291 0.01733005528012754 -0.055132917131074356 -0.014097703217270205 0.018463506524916073 0.009911369263437558 0.069014630688789366 0.06356509196636223 0.11225730199973903 -0.055628037976914374 -0.089590386893637866 -0.096796711697710952 0.069433949591161989 -0.070771368042862201 0.087354703626230615 0.063248185105784352 -0.0526616921265501 -0.050170502640465492 -0.09067463540683568 -0.086976005718623378 -0.11925154605258458
leaf_weight=2.5698398826162245 2.8843607474635489 0.0011633062571892944 0.038858805105203779 0.0010049734115783592 1.4733914894832025 3.0584326269835831 0.19980731373039295 0.6261119045092004 3.2840767208906128 1.8234159044261709 12.688379056353956 2.2368095072813547 5.7285249997584291 1.073686400710957 10.158917233405257 1.2739501846525447 0.24634900374343693 0.25298929892864341 1.5228281496128477 2.0782161980302281 6.961844477719783 0.25254223927445396 2.9212745046599116 0.24733272465955494 0.40367814035568961 0.65608203902003381 0.07285180847511849 2.6063125233491808 8.0093979555656443 1.0465962036026155
leaf_count=6540 13355 82 289 81 114 19834 56 1159 1414 128 18233 27449 1985 647 52011 283 183 151 10278 690 7508 151 16002 23 79 7268 1142 1823 8076 1574
internal_value=-0.03396 -0.0557218 -1.22941 -23.1098 -0.0116513 -0.0544754 -0.0411806 -3.62822e-05 0.00703896 0.0270678 0.0397099 -0.0139157 -0.021144 -0.0567637 -0.00182588 0.0010228 -0.0833256 -0.0602915 -0.0183022 -0.062287 -0.0798913 -0.0497408 -0.0619316 -0.036224 -0.00718602 -0.0929957 0.0560635 -0.0772944 -0.0863562 -0.0907061
internal_weight=76.399 38.6734 0.0410271 0.00216828 37.7256 38.6324 26.4457 30.4534 27.3454 15.9852 14.1618 15.5168 11.3602 4.35776 12.3957 7.00248 12.1867 7.27215 2.096 3.10801 10.9289 3.31097 3.12108 1.84301 1.02979 7.61793 0.320185 5.17615 11.9404 9.05599
internal_count=198608 153919 452 163 44689 153467 130279 24732 22804 18475 18347 95518 4329 2061 79460 2268 23188 19957 11594 1928 34761 19985 16058 11443 1238 14776 1165 8363 23005 9650
is_linear=0
shrinkage=0.05


Tree=103
num_leaves=31
num_cat=0
split_feature=13 3 17 22 25 8 9 21 23 21 9 11 5 25 28 9 28 11 11 10 12 25 14 10 16 18 14 22 5 29
split_gain=12.9018 7.96433 5.46097 10.4075 5.08507 154.097 4.5512 6.30221 32.7509 6.98698 3.4464 4.76987 4.40151 2.54455 2.16803 1.99563 1.96594 1.90638 1.77844 1.73064 1.45152 1.47001 1.24373 1.22652 0.879516 0.444756 0.389129 0.379747 0.300388 0.23791
threshold=-0.49148731920288874 -0.26551165186840547 -0.88426701524694951 -0.22525263902885814 2.3290582108597087 -0.74939707228450703 1.0408210062344079 1.2067997121747993 1.2773484043187058 1.1877864337228929 -0.14646546149498216 -0.49196577687206927 -0.44339981410034385 -1.1142377416386635 -1.3229136967487733 1.6042625251574212 1.6214054460288689 -0.235394036085873 -0.22602750520120601 0.52898367753396547 0.16010292939874918 -1.7974949068075048 0.89253377879214668 0.35910646199216756 2.5229466155712399 1.5004624095477908 0.90414351186420749 -0.41756032776617313 0.47341945231776467 -0.16632537740275416
decision_type=2 2 2 2 2 2 2 2 2 2 2 2 2 2 2 2 2 2 2 2 2 2 2 2 2 2 2 2 2 2
left_child=1 17 15 20 6 -6 7 9 -9 -3 13 12 -12 16 -13 -2 -5 28 -19 23 21 -4 -20 -8 -15 -7 -24 -22 -1 -21
right_child=2 4 3 10 5 25 19 8 -10 -11 11 14 -14 24 -16 -17 -18 18 22 29 27 -23 26 -25 -26 -27 -28 -29 -30 -31
leaf_value=-0.06303416176687375 -0.08352200187377079 -0.001008555401791323 0.067614548862057311 -0.052258738174623426 7.9736050948650119 -0.050270190335977738 -0.052513168162642454 0.062328124707873023 1.8244493479555375 -0.28365376804501924 -0.057993951279948976 0.022672384322721097 0.068508878367242593 -0.064645978475327923 -0.047397836936861865 0.061227164769358224 0.093546949119142159 0.10471182245733174 -0.055397632505149896 -0.099916769993641602 -0.093048626781875227 -0.05922368183550162 0.084073806180285968 0.061159743243012168 0.027445426279373675 0.080316410789784187 -0.050162295303647075 -0.05252282690839169 -0.087455163621762033 -0.063505943761746189
leaf_weight=2.4705917206232311 11.723974222484065 24.173957049320705 0.24774570851785815 0.40648424906877034 0.0062315659416192206 0.078569041899587244 0.59042805005317833 2.3036828535519493 0.026674206073879048 0.22064395097040801 0.85626315102352579 1.558939875675015 3.4910101944179579 4.4592718002233021 3.7821770220011248 0.24305261691419744 0.53607648708792099 0.25753083237747265 1.4544319682967222 1.3337190918655122 6.8822135755804705 2.9305407336864056 0.24421277968924829 0.39676761714367781 0.27527051681442216 0.38326683067899714 0.069309836129583385 0.63106219407210495 2.5681013706463718 0.67603831853136842
leaf_count=6540 23037 20037 207 5896 16 276 1143 2159 137 112 3665 6411 6763 34183 38508 183 296 151 10278 336 7541 19830 23 79 114 102 1142 7285 1823 335
internal_value=-0.0321327 -0.0112203 -0.0526216 -0.0397804 -3.73869e-05 0.163483 -0.00261254 0.00393949 0.0824981 -0.00356502 -0.0134215 0.00470511 0.0435922 -0.0443559 -0.0269461 -0.0805821 0.0306675 -0.0590126 -0.0180453 -0.0610395 -0.0776624 -0.0493367 -0.0359268 -0.00682645 -0.0592917 0.0581006 0.0543985 -0.0896447 -0.075481 -0.087669
internal_weight=75.2782 37.2542 38.0241 26.0571 30.19 0.468067 29.7219 26.725 2.33036 24.3946 15.3655 9.68839 4.34727 5.6771 5.34112 11.967 0.942561 7.06418 2.02549 2.99695 10.6916 3.17829 1.76795 0.987196 4.73454 0.461836 0.313523 7.51328 5.03869 2.00976
internal_count=198608 44689 153919 130699 24732 394 24338 22445 2296 20149 95836 55347 10428 40489 44919 23220 6192 19957 11594 1893 34863 20037 11443 1222 34297 378 1165 14826 8363 671
is_linear=0
shrinkage=0.05


Tree=104
num_leaves=31
num_cat=0
split_feature=3 14 29 17 25 7 13 7 12 3 13 6 5 17 5 29 0 20 11 29 16 15 24 20 25 21 15 3 11 29
split_gain=13.2838 19.2732 15.7337 10.9465 10.532 36.6234 167.527 11.2012 10.2214 18.4113 467.655 6.41115 78.2254 918.056 5.13299 3.96544 4.06684 3.39316 7.74061 3.70807 3.3394 3.16268 3.00445 2.94341 2.53734 2.61724 2.50355 2.44285 2.06213 1.5914
threshold=1.9758806009868362 2.0868813101831925 1.6476266496504373 -0.52846471713079934 0.34836451495739945 -2.833118398091794 -0.61670389140105919 0.94313760197643093 -0.11755492244436554 1.9170863709417352 -2.1852736024447892 -1.2442224926233958 -1.4367335699459804 -1.2515490762959394 0.9406507197488484 -0.16632537740275416 -0.17591774572755539 1.5392865517989789 -2.4823734980974708 0.32838881179357077 -0.087905177537135934 0.55679517040220883 0.43002071565543371 1.5392865517989789 2.7651104191903042 -1.248782457929152 -0.16515161688043875 1.8034237842838674 1.1860790656083784 0.98800773072200399
decision_type=2 2 2 2 2 2 2 2 2 2 2 2 2 2 2 2 2 2 2 2 2 2 2 2 2 2 2 2 2 2
left_child=3 2 4 11 17 6 -6 -7 14 20 -11 22 13 -13 15 23 -17 18 -2 -19 21 -10 29 -5 28 -26 -22 -16 -14 -1
right_child=1 -3 -4 8 5 7 -8 -9 9 10 -12 12 24 -15 27 16 -18 19 -20 -21 26 -23 -24 -25 25 -27 -28 -29 -30 -31
leaf_value=0.047498419801518817 0.059478742044050494 1.0231369788443248 0.4502253175227095 -0.039031394708528039 10.298852624415602 0.039502705312355946 -0.050066043140619354 0.65070824103635028 0.0068683747691217593 -24.353701146413741 -0.05008092729477568 -49.921534702669042 -0.076887832505709464 -0.026491491910550408 -0.080132082582668102 0.069754394693955765 0.0029036121631616763 -0.057052268681023616 -0.047029220193086023 -0.2500058393743097 -0.083021398456772574 -0.059368022895121386 -0.075172639159983803 0.066339565516693191 -0.38261188850901867 -0.12709415606366342 -0.036970335452127204 0.059503091456054237 0.018452578475865223 -0.067576724399192004
leaf_weight=1.8304286707572308 2.5412032741852606 0.046518835663779678 0.19504588290965408 4.1929377813263722 0.0048604174771796687 4.868581121093924 0.020009600683877714 0.076131941759988275 4.105547501222591 0.0020573085639625779 0.052238137074065771 0.0010025760222769535 19.697844728786801 0.011460103950755678 2.350728560686512 4.1408394048466795 5.0489459726486077 2.7175642410762375 5.189693442833895 0.27410416729700893 7.4718320439795862 3.2122755116519386 1.0231752702954566 0.787169950542978 0.11375130875967443 0.84229629553094199 4.8781756406645167 0.36136887960909536 0.58396875668468951 0.35943525974314905
leaf_count=733 380 106 140 24250 19 2509 76 272 26920 2 313 131 46584 351 6060 15148 18551 202 3211 64 17373 14150 747 389 9 237 16519 114 2915 133
internal_value=-0.0337631 0.00689331 0.00391767 -0.0443712 -0.00162972 0.0585395 1.97245 0.0489132 -0.0270652 -0.0515105 -0.970969 -0.0702658 -0.0802188 -4.04036 0.00149272 0.0135545 0.033026 -0.0295163 -0.0120193 -0.0747312 -0.0489722 -0.0222072 -0.00443872 -0.0223762 -0.077895 -0.157496 -0.0648315 -0.0615266 -0.0741427 0.0286105
internal_weight=77.0012 15.9337 15.8872 61.0675 15.6921 4.96958 0.02487 4.94471 36.6041 19.7221 0.0542954 24.4634 21.2503 0.0124627 16.882 14.1699 9.18979 10.7226 7.7309 2.99167 19.6678 7.31782 3.21304 4.98011 21.2379 0.956048 12.35 2.7121 20.2818 2.18986
internal_count=198608 6979 6873 191629 6733 2876 95 2781 139789 75277 315 51840 50227 482 64512 58338 33699 3857 3591 266 74962 41070 1613 24639 49745 246 33892 6174 49499 866
is_linear=0
shrinkage=0.05


Tree=105
num_leaves=31
num_cat=0
split_feature=2 7 14 13 29 11 4 28 3 3 16 5 11 21 24 11 11 11 0 6 19 5 13 21 21 25 21 12 26 6
split_gain=13.8981 17.4794 15.9095 12.317 11.5163 2360.24 5.37862 8.86218 4.73314 4.61417 6.83559 8.45614 3.61807 4.82903 3.25967 3.11147 2.79284 2.63854 2.54728 2.06147 1.50178 1.45096 1.39631 1.06549 1.05415 1.32077 0.61359 0.547459 0.32983 0.327757
threshold=0.66457494760236935 -2.833118398091794 -1.2137418214893423 -0.73032980294142147 1.6476266496504373 -1.9524353633662095 -2.065676349938542 1.3053424597371979 1.7499371652409101 -0.47752126826565122 1.3261799920569672 -1.5596358989794232 0.24270455124795154 1.3703642847291362 -0.57268463101459133 0.087668017586070027 1.0505033939410489 -2.6839861699909777 0.13845691185058165 0.61547367505911033 -0.79664813374256738 3.5941870512372973 -0.57943387020920245 0.91888625802577062 -1.2674831105432933 2.7651104191903042 2.0955849798166226 -1.825336033404567 -0.60794364215729924 2.0050234400966214
decision_type=2 2 2 2 2 2 2 2 2 2 2 2 2 2 2 2 2 2 2 2 2 2 2 2 2 2 2 2 2 2
left_child=3 2 16 4 9 -6 29 8 20 -1 11 -11 17 -14 -12 19 -2 23 -10 -9 -8 -4 -15 -3 25 -19 -7 -24 -26 -5
right_child=1 12 21 6 5 26 7 15 18 10 14 -13 13 22 -16 -17 -18 24 -20 -21 -22 -23 27 -25 28 -27 -28 -29 -30 -31
leaf_value=-0.070333706465379425 -0.3730772028190944 -0.050657298717164283 -0.083382594986652792 -0.072752115607402537 59.337112361604184 -0.053655132053970413 -0.0054754214168257166 -0.051957029856300685 -0.059191655713752733 -0.054503880427660245 -0.070025730240405856 0.043307043280695928 -0.054862837068846676 -0.050242602175504296 -0.010496274240192852 -0.052000550159002235 -0.62087632408259075 -0.050529705238972766 0.021717798663900778 0.067420509195368419 -0.064260292445809275 -0.25389587341896269 0.18594992358737283 0.11052787498793744 -0.087852988242850538 -0.27792969833433162 0.071766268337085548 0.088006497229082548 -0.070237722994303156 -0.096210687138321704
leaf_weight=2.4515968018635759 0.23259853618819573 0.17018985034865636 0.59095006293360774 2.3846437642947187 0.0016838646261021486 0.18108430008701049 1.1625804619375006 0.41295258392746292 1.4077952747504134 2.7363410470086711 3.2428446376698714 11.481811453818603 2.0706546826640659 0.15587285620687819 7.9058010043045384 0.90475242424710289 0.22245474684931985 0.11256685903316643 3.1481735545201186 2.9101865065470105 16.593666718686368 0.15814925730228424 0.19663132404093631 0.25788428033897454 4.5985382673809028 0.14755401327784057 0.21130669116973877 0.5199167895980783 6.2951625063658607 3.9643071492393416
leaf_count=6270 36 763 215 1056 12 392 4038 3575 1671 273 1259 9291 18201 765 2894 7994 25 967 2581 2355 108219 1 4 149 3479 4 1 881 20508 729
internal_value=-0.0360568 -0.0779703 -0.261032 -0.0252671 -0.00102889 0.267371 -0.0460588 -0.0361692 -0.0487463 -0.00483104 0.00149952 0.0244829 -0.0627941 -0.0132901 -0.0278118 0.0302049 -0.494215 -0.0753736 -0.00328324 0.052586 -0.0604114 -0.119381 0.085381 0.0464453 -0.0800489 -0.179523 0.0138856 0.114884 -0.0776736 -0.0873997
internal_weight=76.8307 15.7291 1.20415 61.1015 28.2125 0.394075 32.8891 26.5401 22.3122 27.8184 25.3668 14.2182 14.525 2.94308 11.1486 4.22789 0.455053 11.5819 4.55597 3.32314 17.7562 0.749099 0.872421 0.428074 11.1538 0.260121 0.392391 0.716548 10.8937 6.34895
internal_count=198608 45998 277 152610 20392 405 132218 130433 116509 19987 13717 9564 45721 19851 4153 13924 61 25870 4252 5930 112257 216 1650 912 24958 971 393 885 23987 1785
is_linear=0
shrinkage=0.05


Tree=106
num_leaves=31
num_cat=0
split_feature=2 7 13 14 17 13 26 4 28 4 12 12 23 18 24 11 21 23 3 6 11 6 3 26 1 13 18 15 18 10
split_gain=11.7548 11.2818 10.6524 6.3335 5.29775 41.0796 562.086 7.8768 5.39856 4.77764 7.3403 8.46884 21.1165 20.3756 3.64077 3.33673 4.43335 3.2769 3.25333 2.85601 2.45784 2.29038 1.79496 1.65735 1.58436 1.2129 1.14669 1.14296 0.950867 0.906995
threshold=0.66457494760236935 -2.833118398091794 -0.90135916658118054 -1.1692513621268004 -0.86959874989246522 -0.85889948059011223 -0.070476404251424277 -1.4702039209905289 1.3053424597371979 0.84768604250068635 2.2297827423500256 0.0075726329000181383 1.2773484043187058 3.283747335452579 0.4391179616273102 0.24270455124795154 1.3703642847291362 -1.0125197098190233 1.7499371652409101 -4.1861157910569906 -2.6839861699909777 0.61547367505911033 0.74101211735543548 4.1516572850080715 1.1640982045013695 -0.57943387020920245 1.6254138431872429 -1.5203736081396853 -3.0073998271388769 -1.940008649484408
decision_type=2 2 2 2 2 2 2 2 2 2 2 2 2 2 2 2 2 2 2 2 2 2 2 2 2 2 2 2 2 2
left_child=2 3 9 24 5 6 -4 -6 18 10 11 12 -1 -13 23 20 -17 -16 -9 27 28 -10 -19 26 -2 -18 -11 -7 -3 -21
right_child=1 15 4 -5 7 19 -8 8 21 14 -12 13 -14 -15 17 16 25 22 -20 29 -22 -23 -24 -25 -26 -27 -28 -29 -30 -31
leaf_value=0.033624396368342274 -0.37968195221410528 0.10318470812867891 -30.251466742516126 -0.081599230344383919 -0.084368810337051292 0.074603801644177611 -0.05054807335185544 -0.04452497845014252 -0.051469636428938793 -0.068216665900974277 0.31166693953175262 -0.015789041784463512 1.1716527497199649 -0.4944060112627835 -0.058645523744210871 -0.054654240115471577 -0.050230895458638541 -0.053969479435487959 0.0094344883409962568 -0.18101040471688923 -0.078174762101705084 0.054759969898324413 0.077443884158549331 0.057461355476223309 -0.23989546917899096 0.10655488895523908 -0.15214660026364005 -0.068400382376926361 -0.050587404901747172 -0.073910595126571874
leaf_weight=10.257370696833622 0.3434279808676246 0.26264355006674123 0.0016555489982010832 0.57408828284669844 5.3732580176428923 0.46071045190910809 0.022197450576482036 10.106688955155674 0.60401413028050654 3.1550991244182245 0.19925254238758228 9.348426092880203 0.040924627516027878 0.227787767027963 1.1900864588119215 1.9769958482150649 0.14830453318084913 0.32591383881104841 3.8603650702806478 0.2017996358598183 10.855547332107161 3.1724422779398638 1.2818207633493126 0.23690757080376101 0.49468755640565121 0.7331955147152327 0.4672241647532126 0.20054591865919036 0.16287629725780206 9.6885062248307197
leaf_count=5205 51 14 40 214 3416 6 102 96281 6905 2477 56 6190 186 74 422 18201 765 1027 3801 89 24958 3806 338 8 12 885 97 70 898 22014
internal_value=-0.0360197 -0.0747861 -0.026042 -0.209539 -0.0447416 -0.074055 -2.14668 -0.0313314 -0.0152701 -0.0024725 0.0097005 0.00667312 0.0381468 -0.0271738 -0.0391791 -0.0613275 -0.0130751 0.0042485 -0.0296111 -0.0693696 -0.0735541 0.0377694 0.0508043 -0.0706628 -0.297175 0.0801771 -0.0790423 0.0312335 0.0443253 -0.0760958
internal_weight=75.9748 15.5518 60.423 1.4122 33.6922 10.5754 0.023853 23.1168 17.7435 26.7308 20.0738 19.8745 10.2983 9.57621 6.65705 14.1396 2.8585 2.79782 13.9671 10.5516 11.2811 3.77646 1.60773 3.85923 0.838116 0.8815 3.62232 0.661256 0.42552 9.89031
internal_count=198608 45998 152610 277 136530 22321 142 114209 110793 16080 11711 11655 5391 6264 4369 45721 19851 1787 100082 22179 25870 10711 1365 2582 63 1650 2574 76 912 22103
is_linear=0
shrinkage=0.05


Tree=107
num_leaves=31
num_cat=0
split_feature=2 13 7 17 13 26 29 4 28 3 16 5 1 26 14 24 11 21 3 6 4 11 15 13 13 15 21 21 25 10
split_gain=10.7933 9.90806 7.93113 5.09111 46.8641 383.281 564.723 7.32346 4.93743 4.51007 5.99294 8.39253 49.738 9.03694 3.40247 3.30808 3.08951 4.10374 3.06686 2.65667 2.47496 2.29736 2.23572 2.12724 1.07346 1.06322 0.860787 0.675985 0.655362 0.645173
threshold=0.65705998829307222 -0.90135916658118054 -2.833118398091794 -0.86959874989246522 -0.85889948059011223 0.14007200308399051 0.98800773072200399 -1.4702039209905289 1.3053424597371979 -0.47752126826565122 1.3261799920569672 -1.5596358989794232 1.8600258610569063 2.7529616263015506 -1.1692513621268004 -0.064533070587430325 0.24270455124795154 1.3703642847291362 1.7499371652409101 -4.1861157910569906 0.56327384086867094 -2.6839861699909777 0.40619599154599978 -1.2089490872281388 -0.57943387020920245 -1.5203736081396853 0.91888625802577062 -1.2674831105432933 2.7651104191903042 -1.940008649484408
decision_type=2 2 2 2 2 2 2 2 2 2 2 2 2 2 2 2 2 2 2 2 2 2 2 2 2 2 2 2 2 2
left_child=1 9 14 4 5 6 -3 -5 18 -1 11 13 -13 -11 -2 23 21 -18 -9 25 -17 26 -10 -12 -19 -6 -4 28 -23 -21
right_child=2 3 16 7 19 -7 -8 8 22 10 15 12 -14 -15 -16 20 17 24 -20 29 -22 27 -24 -25 -26 -27 -28 -29 -30 -31
leaf_value=-0.069144499446779084 -0.23386340053479057 -0.050003232438681655 -0.050598042891342926 -0.082032016278126202 0.07289114921578177 -0.050589410906257563 -49.833830290792278 -0.043609639850077001 0.05257544927644623 -0.33057094631241757 -0.075882207638417409 0.036609003573373815 1.2742817602244512 -0.022510573094011617 -0.079889574002392105 0.032353018910269753 -0.054421132900089708 -0.050219474595126691 0.0089575803924563172 -0.15973675637062987 -0.028508215040872739 -0.050462726255052263 -0.052915500802035845 0.022476478772395544 0.10017545539711843 -0.067192239305697746 0.097144840729653514 -0.074529898997066732 -0.20966387992516805 -0.072494668412378657
leaf_weight=2.3150432017367413 1.0060645202924656 0.0013160911926610218 0.15679798894521513 5.2526664886636878 0.44827387137775077 0.018665140702296412 0.0010043422916878268 9.7707467012848621 3.1803227148718447 0.26405473691062553 3.3553440232595766 10.637371162466824 0.081798218836491965 2.4184093762451142 0.55767059574870215 2.91118816839862 1.9009661024391449 0.14128216546277139 3.875014534695846 0.21680908083514339 3.9193104100212088 0.10036777108301009 0.59645455137308578 0.65740894115255377 0.74057367921933037 0.1941055393299117 0.26556015065084926 10.272323696979425 0.181621468751473 9.390456776802349
leaf_count=4709 64 67 770 3405 6 53 18 95729 8044 119 1620 6907 135 137 217 931 18550 768 3771 89 1248 993 2635 211 892 69 149 24371 4 21927
internal_value=-0.0348266 -0.0251904 -0.0722478 -0.0435092 -0.0727139 -2.43311 -21.5977 -0.0302811 -0.0146788 -0.00246706 0.00389969 0.0262602 0.0460537 -0.0528352 -0.178952 -0.0237366 -0.0601211 -0.0130661 -0.028682 -0.0678811 -0.00256889 -0.0720506 0.0359156 -0.0597681 0.0760807 0.0305626 0.0422962 -0.0766265 -0.153 -0.0744635
internal_weight=74.829 59.5058 15.3232 32.9458 10.2706 0.0209856 0.00232043 22.6752 17.4225 26.5599 24.2449 13.4016 10.7192 2.68246 1.56374 10.8433 13.7595 2.78282 13.6458 10.2496 6.8305 10.9767 3.77678 4.01275 0.881856 0.642379 0.422358 10.5543 0.281989 9.60727
internal_count=198608 151830 46778 135813 22229 138 85 113584 110179 16017 11308 7298 7042 256 281 4010 46497 20210 99500 22091 2179 26287 10679 1831 1660 75 919 25368 997 22016
is_linear=0
shrinkage=0.05


Tree=108
num_leaves=31
num_cat=0
split_feature=2 13 7 17 4 22 5 3 12 20 16 5 24 11 21 10 11 14 24 13 18 21 10 1 25 7 0 26 26 0
split_gain=10.3676 9.23777 5.88212 4.26799 6.75055 5.07398 4.37161 4.2106 5.78124 12.3783 5.10698 6.4901 3.37421 2.86 3.80265 2.23211 2.14712 2.04773 1.4919 0.955118 0.778588 0.482291 0.473049 0.432052 0.431176 0.330845 0.273834 0.180542 0.166509 0.113304
threshold=0.65705998829307222 -0.73032980294142147 -2.833118398091794 -0.86959874989246522 -1.4702039209905289 0.015489055322481982 -0.44339981410034385 -0.47752126826565122 2.2297827423500256 -0.19159794682952616 1.3261799920569672 -1.5596358989794232 -0.064533070587430325 0.24270455124795154 1.3703642847291362 -0.95336037400814433 -2.6839861699909777 -1.1692513621268004 -3.4706207386009802 -0.57943387020920245 -3.0073998271388769 -1.2674831105432933 -1.940008649484408 1.1640982045013695 2.7651104191903042 -0.011559826824126632 -1.5356828961130746 -0.60794364215729924 0.14007200308399051 0.98212408961455677
decision_type=2 2 2 2 2 2 2 2 2 2 2 2 2 2 2 2 2 2 2 2 2 2 2 2 2 2 2 2 2 2
left_child=1 7 17 18 28 15 -7 -1 10 -10 11 -9 -12 16 -15 -6 20 23 -3 -16 -4 24 -20 26 -18 -21 -2 -23 -5 -24
right_child=2 3 13 4 5 6 -8 8 9 -11 12 -13 -14 14 19 -17 21 -19 22 25 -22 27 29 -25 -26 -27 -28 -29 -30 -31
leaf_value=-0.067785350473440267 -0.25999862152976649 0.062804120446680545 0.091770775211391861 -0.08597458675892862 0.0081951281286772818 -0.055521449851094598 0.036418766324690564 -0.049077654762294455 0.95186720378507705 0.054522285215621948 -0.063270768626821086 0.036302700690669619 -0.0046330403903736307 -0.054228895117973679 -0.050208872526717511 -0.053478429760046832 -0.050440736259717095 -0.078285256248030677 -0.14398589558936317 0.10227741377124495 -0.050523910267789102 -0.080851440147297393 -0.068601090603196163 -0.16865746552393154 -0.17947082805114814 -0.050011506980234079 -0.18476385099279913 -0.067267264427607013 -0.065433574184279988 -0.083528701346111192
leaf_weight=2.2751424924265526 0.31077654426735535 0.20716775178164937 0.26738195666189313 3.6641581255594051 1.8723934438725196 1.6605366371254673 5.8401094759174788 2.7400171598416661 0.049814744555207707 0.16817038928093223 3.7654983723025497 11.858655526394699 7.0403236427421119 1.8145035142772126 0.13441941458163253 6.7775944011649685 0.095513350161714139 0.54106689900081661 0.22798790768879129 0.70733557750946829 0.15009735366430632 4.3395351460166198 7.6678353803646617 0.62482605853227113 0.20099557154389913 0.037557418562966571 0.19800270424934197 5.6055063748198171 1.350106249818581 1.5237915041070245
leaf_count=6346 7 119 14 2171 11777 20441 29034 276 63 23 1905 9409 2274 18550 768 45514 993 217 76 136 905 3516 18267 12 4 756 45 20855 1084 3051
internal_value=-0.0329265 -0.0234382 -0.0699827 -0.0423199 -0.0297655 -0.0140314 0.0160645 -0.00259778 0.00319054 0.259587 0.000990515 0.0202777 -0.0250665 -0.0589045 -0.0128745 -0.0401284 -0.0705375 -0.158314 -0.0699214 0.0724624 0.0406112 -0.0750683 -0.0728405 -0.196512 -0.137907 0.094599 -0.230719 -0.0731947 -0.0804439 -0.0710758
internal_weight=73.7168 58.6893 15.0275 30.7917 21.1649 16.1506 7.50065 27.8976 25.6225 0.217985 25.4045 14.5987 10.8058 13.3528 2.69382 8.64999 10.659 1.67467 9.62678 0.879312 0.417479 10.2416 9.41961 1.13361 0.296509 0.744893 0.508779 9.94504 5.01426 9.19163
internal_count=198608 151830 46778 131534 110021 106766 49475 20296 13950 86 13864 9685 4179 46497 20210 57291 26287 281 21513 1660 919 25368 21394 64 997 892 52 24371 3255 21318
is_linear=0
shrinkage=0.05


Tree=109
num_leaves=31
num_cat=0
split_feature=2 13 7 17 4 22 5 3 16 12 12 4 11 21 22 3 10 11 24 14 13 21 21 10 25 7 11 26 26 8
split_gain=9.65652 8.60244 4.46023 4.07855 6.28446 4.69828 3.99623 3.93896 5.26237 6.83191 7.2926 2.79425 2.64027 3.54132 2.33315 2.14677 2.12858 2.00638 1.39023 1.29102 0.861625 0.711134 0.352662 0.351566 0.297348 0.249306 0.235247 0.144534 0.13308 0.0958035
threshold=0.65705998829307222 -0.73032980294142147 -2.833118398091794 -0.86959874989246522 -1.4702039209905289 0.015489055322481982 -0.44339981410034385 -0.47752126826565122 1.3261799920569672 1.941861148966175 1.5664871097304682 0.84768604250068635 0.24270455124795154 1.3703642847291362 -0.57539922759902662 0.54417072451530257 -0.95336037400814433 -2.6839861699909777 -3.4706207386009802 -1.1692513621268004 -0.57943387020920245 0.91888625802577062 -1.2674831105432933 -1.940008649484408 2.7651104191903042 -0.52195279045543719 1.0505033939410489 -0.60794364215729924 0.14007200308399051 -2.4340309445854755
decision_type=2 2 2 2 2 2 2 2 2 2 2 2 2 2 2 2 2 2 2 2 2 2 2 2 2 2 2 2 2 2
left_child=1 7 19 18 28 16 -7 -1 9 10 -9 15 17 -14 -13 -10 -6 21 -3 26 -15 -4 24 -20 -19 -22 -2 -24 -5 -25
right_child=2 3 12 4 5 6 -8 8 11 -11 -12 14 13 20 -16 -17 -18 22 23 -21 25 -23 27 29 -26 -27 -28 -29 -30 -31
leaf_value=-0.066835862833058993 -0.15011855317119288 0.061214722200400695 -0.050548295087343015 -0.083249545715204362 0.0077635723305715058 -0.055310078719578715 0.034054167160483706 0.023712564449724877 0.055442540744468673 0.29710898904311578 -0.21390576074732026 -0.00040018612171960691 -0.054043725512133059 -0.050198778501911914 -0.076012808368981638 -0.016423455700062123 -0.052625782802552493 -0.050419764036001007 -0.13149642545711612 -0.07676407165705379 0.11134511150074033 0.08725942705145949 -0.078784456717240228 0.050759549178652712 -0.15820359209002752 0.050303953759119224 -0.19381270040994084 -0.066443106786405318 -0.064586892204061538 -0.070005083742264121
leaf_weight=2.1941462740734989 0.66550978409081452 0.20205025155843159 0.14392520052939584 3.59659678005064 1.8775157697321709 1.5854358654775476 5.9309218239889647 14.147718057505255 1.3165041744671757 0.22308794413796995 0.3304374358158978 1.4886628954983923 1.7317739086367292 0.1278887658816853 3.2421408647319909 4.9325328702776785 6.5488739022334821 0.090891948946816181 0.23690757866330869 0.52461807863784793 0.48600138899792 0.26780794599947033 4.2334121604356953 0.016453006858330066 0.21617599854380387 0.2550612538478092 0.57350917429823978 5.396587293696693 1.3006684634274899 8.8848161970947093
leaf_count=6346 37 119 770 2171 11777 20441 29034 9465 1043 50 190 274 18550 768 1365 1563 45514 993 76 217 42 149 3516 24 4 850 27 20855 1084 21294
internal_value=-0.0317299 -0.0225605 -0.0679106 -0.0410578 -0.0287525 -0.0135348 0.0152044 -0.00253375 0.00296011 0.0225204 0.0182894 -0.0232297 -0.0577511 -0.0127145 -0.0522195 -0.00128322 -0.0391702 -0.0690691 -0.0685135 -0.142507 0.0696525 0.0390874 -0.0735504 -0.0713818 -0.1263 0.0903358 -0.170343 -0.0718684 -0.0782929 -0.0697819
internal_weight=72.7686 58.0555 14.7132 30.1802 20.84 15.9427 7.51636 27.8752 25.6811 14.7012 14.4782 10.9798 12.9495 2.60073 4.7308 6.24904 8.42639 10.3488 9.34023 1.76364 0.868951 0.411733 9.93707 9.13818 0.307068 0.741063 1.23902 9.63 4.89727 8.90127
internal_count=198608 151830 46778 131534 110021 106766 49475 20296 13950 9705 9655 4245 46497 20210 1639 2606 57291 26287 21513 281 1660 919 25368 21394 997 892 64 24371 3255 21318
is_linear=0
shrinkage=0.05


Tree=110
num_leaves=31
num_cat=0
split_feature=2 13 17 4 22 9 24 22 29 7 13 15 17 20 5 7 25 19 11 21 10 11 26 24 14 15 13 18 7 10
split_gain=9.01727 8.01922 3.91364 5.86917 4.34919 3.81359 20.9012 25.561 9.87821 10.2937 3.97167 5.08608 4.87713 3.6971 3.65989 3.47469 2.97268 3.26447 2.45008 3.28957 2.02872 1.87687 1.57484 1.29799 0.855203 0.846827 0.771649 0.649293 0.291322 0.264926
threshold=0.65705998829307222 -0.73032980294142147 -0.86959874989246522 -1.4702039209905289 0.015489055322481982 -1.6320907716769968 -1.8470163421329315 0.19017380177694448 -0.82594429633118727 0.94313760197643093 -2.4692804104799468 -0.12159242848190381 -0.52846471713079934 -0.73356244097682266 -0.44339981410034385 -2.833118398091794 0.37275137228749061 -0.1791175334966873 0.24270455124795154 1.3703642847291362 -0.95336037400814433 -2.6839861699909777 -5.114207234298088 -3.4706207386009802 -1.1692513621268004 -3.2656479115144936 -0.57943387020920245 -3.0073998271388769 -0.011559826824126632 -1.940008649484408
decision_type=2 2 2 2 2 2 2 2 2 2 2 2 2 2 2 2 2 2 2 2 2 2 2 2 2 2 2 2 2 2
left_child=1 5 23 -4 20 6 7 -1 13 -10 16 22 -13 -8 -6 24 25 -18 21 -20 -5 27 -12 -3 -2 -7 -21 -17 -28 -25
right_child=15 2 3 4 14 10 8 -9 9 -11 11 12 -14 -15 -16 18 17 -19 19 26 -22 -23 -24 29 -26 -27 28 -29 -30 -31
leaf_value=1.1426788839431461 -0.1516498080203145 0.059686117190797507 -0.076336364007794463 0.0073557783774890724 -0.055103867907306647 0.05946345504851263 0.063876680303146846 0.054139443919580733 0.028246707295846607 0.22990788560950948 0.06191461216136275 -0.065419980206511838 0.035981315229363965 -0.069966576573950889 0.031876662486110499 0.083120425203752638 0.089005500296148329 -0.0642026444891831 -0.053865506108487372 -0.050189168512976827 -0.051767349900321814 -0.072139453712547902 -0.070353389045024653 -0.12152779666478269 -0.075322455542523911 -0.067072632259626397 0.092884894747779292 -0.050468910603520482 -0.050011510378045937 -0.068624977825826036
leaf_weight=0.091633778887977635 1.3197531483029208 0.19699311272635078 4.7746569371344529 1.8823939475822715 1.513614983038855 0.13572878590043203 0.61263747571320015 0.1310689540231984 4.5948389696067746 0.73386633976600002 0.24774787496534534 1.4072014137537676 7.537489650346247 3.2692268961595117 6.0169687636441456 0.2674948121016314 0.75249402889989359 0.64631406991685725 1.6526272410563148 0.12167426336493548 6.3301816609362502 9.6319253226966577 2.4557459628255254 0.24334151096160184 0.50834011576298044 5.1184981892126284 0.70483048136895832 0.13782094823590796 0.037568398501486189 8.6062388076647522
leaf_count=17 64 119 3255 11777 20441 17 29 31 540 102 99 2570 9910 217 29034 14 114 255 18550 768 45514 25368 4371 76 217 2024 136 905 756 21318
internal_value=-0.0306248 -0.0217401 -0.0398572 -0.0277776 -0.0130505 -0.00242763 0.0233971 0.502032 0.0118242 0.0560194 -0.0157389 0.00186457 0.0200286 -0.0488434 0.0143939 -0.066022 -0.0465591 0.0182162 -0.0566436 -0.0125311 -0.0382158 -0.0677042 -0.0582324 -0.067254 -0.130425 -0.0638039 0.0665251 0.0376956 0.0856538 -0.0700797
internal_weight=71.6809 57.2989 29.5644 20.5178 15.7432 27.7345 9.43327 0.222703 9.21057 5.32871 18.3012 11.6482 8.94469 3.88186 7.53058 14.382 6.65304 1.39881 12.5539 2.5167 8.21258 10.0372 2.70349 9.04657 1.82809 5.25423 0.864073 0.405316 0.742399 8.84958
internal_count=198608 151830 131534 110021 106766 20296 936 48 888 642 19360 16950 12480 246 49475 46778 2410 369 46497 20210 57291 26287 4470 21513 281 2041 1660 919 892 21394
is_linear=0
shrinkage=0.05


Tree=111
num_leaves=31
num_cat=0
split_feature=2 13 17 4 28 3 25 25 26 25 28 7 23 21 2 3 3 7 14 5 11 21 15 11 24 13 21 14 21 18
split_gain=8.4624 7.4605 3.7578 5.50674 4.07828 3.54847 11.588 21.1489 13.6344 8.3319 4.2869 34.0884 749.989 3.94782 3.62885 3.06707 2.95678 2.75495 2.72131 2.52224 2.2793 3.07366 1.83906 1.7621 1.21278 0.702227 0.598026 0.588695 0.23913 0.211557
threshold=0.65705998829307222 -0.73032980294142147 -0.86959874989246522 -1.4702039209905289 1.3053424597371979 2.1354552106459397 0.37275137228749061 0.55405849647786798 -2.3805485318847128 -0.77155040411551334 -1.2986123793480266 0.54820167569678457 -0.35089533368004311 -1.1616834679928767 0.19566831998291315 -0.25374515205197573 1.7499371652409101 -2.833118398091794 0.34707361126036457 -0.041216457519384804 0.24270455124795154 1.3703642847291362 0.40619599154599978 -2.6839861699909777 -3.4706207386009802 -0.57943387020920245 0.91888625802577062 -1.1692513621268004 -1.2674831105432933 0.28922013372211869
decision_type=2 2 2 2 2 2 2 2 2 2 2 2 2 2 2 2 2 2 2 2 2 2 2 2 2 2 2 2 2 2
left_child=1 5 24 -4 16 10 8 -8 -7 -10 11 13 -13 -1 18 -16 -5 27 -12 -9 23 -22 -6 26 -3 -23 -19 -2 -25 -27
right_child=17 2 3 4 22 6 7 19 9 -11 14 12 -14 -15 15 -17 -18 20 -20 -21 21 25 -24 28 -26 29 -28 -29 -30 -31
leaf_value=0.072279664294796223 -0.13764848725440271 0.058207432566176678 -0.074629239966939917 -0.044038814051289725 0.047683567730997106 0.35987520033999898 0.37020547697496964 0.085094290945620474 0.21578099354162839 -0.050375067791699563 0.018401845068580364 -19.625351815316847 -0.046157900663699993 -0.041513597435407813 -0.05684911359194425 0.078805594675435284 0.0094600283572329521 -0.050504650066022151 -0.037548138638193111 -0.028010783032946657 -0.053694102445754878 -0.050180018636855277 -0.052985189726173568 -0.11392647775921783 -0.068849377142408033 -0.050011086760770367 0.079598194566077182 -0.073956942270552148 -0.069475954109093338 0.087769757338605564
leaf_weight=0.85535878878784632 1.3795970448299391 0.19202485279304227 4.6430241551915978 8.0518080194587984 3.1680213426429007 0.23000629493601277 0.60933122704491616 1.0801491065168967 0.31358711750741886 4.7180363513090526 4.2367223359547168 0.0051078188025916729 0.11526843560705116 6.9975763277929346 0.50672307010958872 2.344641748686354 3.8022922087130864 0.13220212527871472 4.4623065897907566 0.90662283073626126 1.5769194714512806 0.11576071187203141 0.52950283562185418 0.31309613314227114 8.5643376497168742 0.029006890184542722 0.26612969496851685 0.49224888100716846 8.9960878402388964 0.70494288639771119
leaf_count=271 64 119 3255 92631 7849 45 39 126 29 377 7485 116 373 4067 2257 1605 3729 770 3449 57 18550 768 2557 997 21394 595 149 217 24371 297
internal_value=-0.0296583 -0.0210107 -0.0387065 -0.0268448 -0.0125785 -0.0023005 0.0260718 0.112514 -0.0165788 -0.0337874 -0.0137196 -0.0419189 -0.876944 -0.029119 0.00574667 0.0546981 -0.0268787 -0.0644394 -0.0102986 0.0334811 -0.0557298 -0.0123868 0.0332673 -0.0665644 -0.0660631 0.0642726 0.0364184 -0.120899 -0.070971 0.0823244
internal_weight=70.3384 56.3324 28.951 20.1946 15.5516 27.3814 7.85773 2.5961 5.26163 5.03162 19.5237 7.97331 0.120376 7.85294 11.5504 2.85136 11.8541 14.006 8.69903 1.98677 12.1341 2.42663 3.69752 9.70752 8.75636 0.84971 0.398332 1.87185 9.30918 0.73395
internal_count=198608 151830 131534 110021 106766 20296 673 222 451 406 19623 4827 489 4338 14796 3862 96360 46778 10934 183 46497 20210 10406 26287 21513 1660 919 281 25368 892
is_linear=0
shrinkage=0.05


Tree=112
num_leaves=31
num_cat=0
split_feature=5 16 0 5 12 2 12 12 24 18 6 10 29 0 17 5 8 0 26 16 9 10 27 0 16 2 2 18 12 1
split_gain=8.64872 7.674 17.9071 130.064 528.875 2327.63 7.25669 84.4754 3397.32 17.5907 267.259 7.13467 7.24699 3.76443 6.11082 3.70305 8.18445 8.92984 7.35326 50.6809 3.7166 3.49624 2.96228 2.65787 2.65756 1.60347 1.32713 0.784403 0.717581 0.504621
threshold=-0.10367240239109116 -1.8632890144386625 -0.99951686160261122 0.84032613914468179 1.0000000180025095e-35 0.18885739670337739 -0.025610242485148805 -0.033747064504879166 -1.044152906467182 3.283747335452579 0.14732764476686874 2.6016881451477079 1.3178171901862206 -1.1689360690379484 -0.86959874989246522 -1.7891778384094923 -2.4340309445854755 -0.40684140636852534 -0.16321451554893315 -1.2430477568432567 0.93642905888972627 1.135973257702231 -0.031663335099692415 -0.16991786729434438 -0.68048036831725145 -2.5850591075142884 1.3218018699250229 -1.3094565096978308 1.2752621946569491 0.4345508255360872
decision_type=2 2 2 2 2 2 2 2 2 2 2 2 2 2 2 2 2 2 2 2 2 2 2 2 2 2 2 2 2 2
left_child=6 2 25 4 -4 -6 7 11 -9 15 -11 22 -13 26 -15 18 17 -17 19 -8 -18 24 27 -24 -16 -2 29 -1 -20 -3
right_child=1 13 3 -5 5 -7 9 8 -10 10 -12 12 -14 14 21 16 20 -19 28 -21 -22 -23 23 -25 -26 -27 -28 -29 -30 -31
leaf_value=-0.00050885509341685726 0.068952007459069029 -0.072598262272648623 -0.0083238693936466147 0.053304962985947113 75.222040625521728 -0.05002831009028106 -2.9923852994022475 87.119741455310702 -0.050540613369034794 -7.1251053212062976 -0.060277498066905605 0.064037465392434753 0.36434696867469141 -0.070765013854969708 -0.05901131484900618 0.10607658831690539 -0.030982650569843669 0.75234494087704784 -0.070610550066453295 -0.056469422806067031 0.058379417518564652 -0.069431793982112244 0.044141095198734374 -0.010057282912938266 -0.00077990214415508388 -0.049856102549303963 -0.11543044074763148 -0.057147483700090131 0.018104210238941657 -0.040278922631762415
leaf_weight=0.80137247890377938 0.43508742958236291 6.6291317940653176 0.02049905028934813 0.21289326541540277 0.0013285142941477984 0.0045258628793764626 0.016997903088712352 0.0011471870311738899 0.043541113956561905 0.014135199506949248 0.25275097526060081 1.7513746702596087 0.22691914136885305 9.6313948381586716 2.3513803248356195 0.38509770103640484 11.404245551372899 0.062065953921401018 2.1258300249339888 0.10870056316450122 1.2957328997107396 3.062045519272611 3.6715485914513524 5.8922880977307441 11.75148474763022 0.81778999261876673 1.6890016153697356 2.5773125592062445 0.25531506251276681 1.476820826490904
leaf_count=1134 32 3266 41 53 21 54 15 38 349 111 151 176 20 13937 16076 120 50481 128 423 263 5737 7378 13184 22183 43549 97 285 16672 102 2532
internal_value=-0.0281078 -0.0440531 0.0670944 0.463475 3.77699 17.0312 -0.00844699 0.0165503 2.1872 -0.0319443 -0.434455 0.0100492 0.0984843 -0.0485854 -0.0388894 -0.0250819 -0.0144628 0.195778 -0.0807734 -0.453486 -0.0218654 -0.0210037 -0.00346833 0.0107494 -0.0104889 -0.00859755 -0.0751112 -0.0437137 -0.0610982 -0.06671
internal_weight=68.9698 38.0834 1.49212 0.239247 0.0263534 0.00585438 30.8864 14.9655 0.0446883 15.9209 0.266886 14.9208 1.97829 36.5913 26.7963 15.654 13.1471 0.447164 2.50684 0.125698 12.7 17.1649 12.9425 9.56384 14.1029 1.25288 9.79495 3.37869 2.38115 8.10595
internal_count=198608 87321 298 169 116 75 111287 53756 387 57531 262 53369 196 87023 80940 57269 56466 248 803 278 56218 67003 53173 35367 59625 129 6083 17806 525 5798
is_linear=0
shrinkage=0.05


Tree=113
num_leaves=31
num_cat=0
split_feature=24 3 16 27 1 12 5 25 24 14 18 8 11 4 10 8 26 7 11 9 5 16 10 18 7 8 21 28 0 17
split_gain=123.141 440.833 4716.16 1546.86 5225.44 9062.43 914.906 1512.59 43.829 541.516 3511.3 4854.27 329.572 1799.52 39.9101 34.6571 144.402 23.9613 75.1453 23.8312 11.9458 26.5923 376.061 6.02547 14.1728 1761.18 2210.97 4.22693 3.87412 5.06508
threshold=-1.044152906467182 -0.19830134411858327 -1.8632890144386625 1.1416433730034914 0.65929107429227118 0.033376430670196834 -0.15075292713070051 0.61318883504887844 -1.125651284176139 1.1318811103533863 -0.50024218861861913 0.18753465906210301 0.28466441345554266 0.61496435872779676 -0.77559337442442799 -2.1310549807509429 0.54413620256759387 -0.020215067767443615 0.27828530680984648 -2.5366060588563664 -0.07620344671845973 -1.8632890144386625 0.13220469125689527 0.76587825169825796 0.9042351748289007 -0.91915804635889009 0.21238497311557811 0.84555883898657491 -1.1689360690379484 -0.86959874989246522
decision_type=2 2 2 2 2 2 2 2 2 2 2 2 2 2 2 2 2 2 2 2 2 2 2 2 2 2 2 2 2 2
left_child=1 2 -1 6 -5 -6 7 -4 15 12 11 -11 14 -14 -10 16 -3 19 -19 -17 23 22 -22 24 -2 26 -26 -25 -23 -30
right_child=20 8 3 4 5 -7 -8 -9 9 10 -12 -13 13 -15 -16 17 -18 18 -20 -21 21 28 -24 27 25 -27 -28 -29 29 -31
leaf_value=-80.743576744430797 0.00018550863683450193 0.039091515390749426 -1.7846108340584832 -0.050011623488018631 -199.7356350970642 -0.050001228970844483 -0.063401782696893214 -12.359824983356814 -2.1298796325934251 -149.1356927660616 -0.050028407362734367 -0.050013849003898249 -2.1372922621400625 -52.697122623153589 -0.06329402671894771 1.1408774161981092 8.792679702178992 -0.12474674670333524 -0.89154329531900567 -0.054326532644879168 -2.906324231713981 -0.082105948279300345 0.021177351364877577 -0.064483870283811195 99.707601051829215 0.034498659926344731 -0.049852205548442857 0.026226091374631867 -0.068106408328349299 -0.017077411349010606
leaf_weight=0.0018588849017052702 18.575094234517298 0.028008663917551392 0.20182334301758575 0.007169718540924408 0.0010015743175315617 0.0013131004991713269 0.82679343304710007 0.040618048764585524 0.024040436664203413 0.0010061328030604904 0.01332883014332965 0.001193889181877239 0.023955125912305416 0.0018994391550393201 0.82823522230111835 0.041927849019671615 0.0056640207130959274 2.9160964582943638 0.35882327025216776 7.8927733012394308 0.12281048885166068 5.7705808642743674 1.0275380244793062 6.2764396767627861 0.0010024626707088367 0.34326695886914671 0.0012455619471860239 1.6146525136386998 7.6884641317242641 13.231845905522778
leaf_count=40 84118 77 4902 286 47 72 5121 1548 191 41 151 14 521 93 459 35 45 3820 3547 4895 93 4973 106 11504 161 2355 140 2599 11001 55653
internal_value=-0.0661613 -0.203111 -1.17085 -1.03373 -21.1373 -86.4552 -0.855404 -3.55636 -0.116951 -0.453972 -9.70946 -68.2311 -0.290298 -5.85174 -0.121587 -0.0901636 1.51152 -0.0949749 -0.208762 -0.0480109 -0.0330407 -0.0559804 -0.291361 -0.00922 0.0060875 0.323382 44.435 -0.0459231 -0.0458358 -0.0358312
internal_weight=67.8705 13.2175 1.08058 1.07872 0.00948439 0.00231467 1.06923 0.242441 12.137 0.893659 0.0155289 0.00220002 0.87813 0.0258546 0.852276 11.2433 0.0336727 11.2096 3.27492 7.9347 54.6529 27.8412 1.15035 26.8117 18.9206 0.345515 0.00224802 7.89109 26.6909 20.9203
internal_count=198608 25905 12016 11976 405 119 11571 6450 13889 1470 206 55 1264 614 650 12419 122 12297 7367 4930 172703 71826 199 100877 86774 2656 301 14103 71627 66654
is_linear=0
shrinkage=0.05


Tree=114
num_leaves=31
num_cat=0
split_feature=10 3 7 13 8 5 8 5 22 3 25 26 16 24 6 26 27 24 3 5 25 7 11 11 5 16 10 27 24 12
split_gain=9132.51 983556 2640 104638 526557 2.66411e+06 54448.5 262614 3264.6 2344.74 6632.82 1168.68 2796.84 958.13 923.634 13818.1 174.028 79.8984 256.98 6079.1 82477.7 46.158 438.989 73.4004 9.61887 30.044 346.638 13.7309 287.914 3.98346
threshold=-2.3440883907735719 -0.97834845871063825 0.9042351748289007 0.34087258137647142 -1.0917011590201064 -0.12309529944927163 -0.91915804635889009 0.17444114237872466 -0.25606074790731398 -1.5690814439844909 -0.53307298712543194 -0.63598251109436421 0.26911626109316017 -2.0278547803415656 -0.48649577437295871 -1.2765423762007575 -0.54917111390759432 -1.044152906467182 -0.19830134411858327 -0.15075292713070051 0.53413738743800121 -0.020215067767443615 0.27828530680984648 -3.2946583790412771 -0.07620344671845973 -1.8632890144386625 0.38544887403828493 2.9996133201763011 0.44801105375396305 1.5664871097304682
decision_type=2 2 2 2 2 2 2 2 2 2 2 2 2 2 2 2 2 2 2 2 2 2 2 2 2 2 2 2 2 2
left_child=1 -1 17 9 5 -5 7 -6 -7 10 -4 12 -3 -8 16 -16 -11 18 19 20 -2 23 -23 -20 27 26 -26 29 -29 -19
right_child=2 11 3 4 6 8 13 -9 -10 14 -12 -13 -14 -15 15 -17 -18 24 21 -21 -22 22 -24 -25 25 -27 -28 28 -30 -31
leaf_value=-1460.0485835442496 -7.7624883987430442 -0.050015663370617948 -149.95438273548186 -2532.0179732910801 -896.98275244205252 -98.72114655617942 -48.844239170912907 -0.050076484014134164 -0.050001813568058655 -2.2077141346553737 -0.050000668018727268 -0.050965900131878177 -99.911044740246737 -0.050009036518180963 -123.03680996149625 -0.050153082456929524 -0.0095282575021441371 -0.0034517402452306696 1.733503232380718 -0.062733555219591397 -439.78302724852011 -0.14276050982317731 -2.7955269225320398 -0.066626576329491635 -2.8032321056641329 -0.044273124995826654 0.018532258670063969 -15.052610334588659 -0.019244390844721501 -0.080794210183154289
leaf_weight=0.0011643846923357062 0.038898284889287024 0.0023386084426420184 0.0010006378604764778 0.0012835865365246257 0.0010034197086605653 0.00101346751287379 0.0010247111851628124 0.0043713488700634628 0.004849499354058393 0.092738409298940616 0.0028105950660297242 0.13529423181952283 0.0010013915101438689 0.05529970655358879 0.002439287230381156 0.035845039650942948 3.0932486626708209 22.244267999923764 0.056997599183399639 0.79238526961995215 0.0011370535586020655 3.1596114694698541 0.16405082846368335 8.7315004048519089 0.12364130177061483 25.683030036185983 0.90894345359812223 0.0033327572829551224 0.071770118050603515 1.7994841602924214
leaf_count=112 5028 35 122 214 104 99 94 81 266 521 354 559 81 3885 68 932 1574 91914 44 4883 1631 4090 3647 5438 105 66807 88 83 245 5504
internal_value=-0.160405 -12.9266 -0.133798 -1.51346 -62.5085 -468.807 -15.4473 -167.499 -17.1062 -0.21261 -39.4073 -0.772265 -29.9901 -0.937723 -0.16628 -7.88625 -0.0735135 -0.0624793 -0.17338 -1.02318 -20.0324 -0.114977 -0.273697 -0.0549519 -0.0342393 -0.0549049 -0.319345 -0.0113487 -0.686363 -0.00924021
internal_weight=67.2158 0.139799 67.076 3.29693 0.0688457 0.00714655 0.0616992 0.00537477 0.00586297 3.22808 0.00381123 0.138634 0.00334 0.0563244 3.22427 0.0382843 3.18599 63.7791 12.9446 0.832421 0.0400353 12.1122 3.32366 8.7885 50.8345 26.7156 1.03258 24.1189 0.0751029 24.0438
internal_count=198608 787 197821 8314 4743 579 4164 185 365 3571 476 675 116 3979 3095 1000 2095 189507 24761 11542 6659 13219 7737 5482 164746 67000 193 97746 328 97418
is_linear=0
shrinkage=0.05


Tree=115
num_leaves=31
num_cat=0
split_feature=24 3 5 0 8 7 11 7 7 28 16 14 12 7 25 8 8 0 12 16 12 2 3 23 25 1 17 15 2 16
split_gain=38.1204 52.9262 24809.2 44.0815 830 31.3179 2887 13862.9 61.3586 31.0669 100.005 94.4268 9.61909 89.7588 910.475 12.375 84.1118 913.384 60.8961 3858.82 45.4802 5.81661 4.40496 29.1067 391.762 4.58925 4.15802 4.60549 4.38362 3.59066
threshold=-1.044152906467182 -0.35760945319256549 -0.13659057517907838 1.0943590004350223 -0.8133636489300341 -0.020215067767443615 0.27828530680984648 0.11841701995661595 -0.017385771998455018 -1.5736545141145453 -1.8632890144386625 -1.8488694644966166 -0.11755492244436554 1.88174047817606 -0.067278164690598538 -0.9030094220230398 -0.91915804635889009 0.80093017056750737 1.6456775078870121 -0.79020589034356525 -0.04168354254296356 0.63183402092078889 -0.26551165186840547 -2.2688743808319662 0.57269956700967051 0.84059293080190878 -0.52846471713079934 -3.2656479115144936 0.19566831998291315 0.82655460815339332
decision_type=2 2 2 2 2 2 2 2 2 2 2 2 2 2 2 2 2 2 2 2 2 2 2 2 2 2 2 2 2 2
left_child=1 2 -1 5 -5 9 8 -8 -7 11 -11 -3 13 21 -15 16 18 -18 20 -20 -14 26 23 24 -17 -25 27 -2 -28 -24
right_child=12 3 -4 4 -6 6 7 -9 -10 10 -12 -13 15 14 -16 22 17 -19 19 -21 -22 -23 29 25 -26 -27 28 -29 -30 -31
leaf_value=-177.76962537354342 0.072263987784848258 -5.962463801005204 -0.062750660220507626 -43.962867360804374 -0.05000494765534115 -3.2320909624035803 -138.26809910197281 -5.1262152731429644 -0.10069439705013115 2.4546940438079461 -0.053573425956702163 -0.46706927332761883 -1.2548657693783298 -0.05008894746276326 -49.983857508230365 -0.050204705871968729 -0.05000542636430319 -50.042081194779513 -98.139057812350842 -0.050787796462285796 -0.078034739351959745 -0.062431638500435031 -0.0033366231293519392 -0.058775271552279379 -21.140659770322202 -0.30528634362593365 -0.001110898120682133 -0.059135710167232992 0.062028238198681418 -0.048580245351938209
leaf_weight=0.0019693942313828696 0.79487669619290358 0.0084073140320723994 0.71911894285455391 0.0011360299540683618 0.020382510421422917 0.015716155253755359 0.0021704827758115197 0.019700255304723559 3.3934870125434498 0.039923569863106745 8.5917488966061057 0.11132117405153419 0.08307681207580575 0.010336700351005141 0.0010013246130765102 0.030913813124902066 0.010566197361605509 0.0010001584422529445 0.0010194817627429123 0.060825591435515025 6.9707636899157315 4.3460957485826333 9.0730549560806502 4.6640242332087336 0.0023707178084263264 0.19676817668537605 10.610731737342251 4.1402006938559133 3.7102454745061157 8.4876830522887232
leaf_count=5671 77 21 4486 2 676 28 908 3480 4503 47 5954 129 856 178 214 631 363 43 47 687 14779 20005 43718 21952 194 2782 30753 14945 13106 7373
internal_value=-0.0548323 -0.131852 -0.548093 -0.107258 -2.3683 -0.103264 -0.231297 -18.3394 -0.11513 -0.0530672 -0.0419721 -0.852955 -0.0361186 -0.012321 -4.46002 -0.0551147 -0.112516 -4.37289 -0.105591 -1.66772 -0.0918949 -0.0101844 -0.0368953 -0.0788444 -1.55239 -0.0687542 0.0016078 -0.0379716 0.015247 -0.0252044
internal_weight=66.1206 12.9251 0.721088 12.204 0.0215185 12.1825 3.43107 0.0218707 3.4092 8.7514 8.63167 0.119728 53.1956 23.6135 0.011338 29.5821 7.12725 0.0115664 7.11569 0.0618451 7.05384 23.6022 22.4548 4.89408 0.0332845 4.86079 19.2561 4.93508 14.321 17.5607
internal_count=198608 25905 10157 15748 678 15070 8919 4388 4531 6151 6001 150 172703 79278 392 93425 16775 406 16369 734 15635 78886 76650 25559 825 24734 58881 15022 43859 51091
is_linear=0
shrinkage=0.05


Tree=116
num_leaves=31
num_cat=0
split_feature=12 7 27 12 12 24 7 19 18 2 3 11 16 17 7 24 20 7 2 3 2 10 29 29 28 21 6 7 8 20
split_gain=19.3861 103.027 898.418 38.0108 718.402 23117.5 232.151 3760.79 9.82835 682.139 2031.82 9.63946 76.5685 380.205 12.797 10.1918 169.178 6.87446 5.26657 3.98688 4.63007 5.10171 3.41438 2.8835 3.04166 1.87114 1.45508 0.496345 0.368853 0.0969726
threshold=-0.11755492244436554 1.88174047817606 0.28637824048915733 -0.025610242485148805 -0.033747064504879166 -1.044152906467182 0.98601235820134048 -0.30251868970069123 3.283747335452579 -1.2770253423325266 0.57955647335957505 -2.4823734980974708 -1.8632890144386625 -0.01707418700151166 1.153773792544375 -1.8470163421329315 -0.7776548498782524 0.29265938339642711 0.63183402092078889 0.095986923215560085 0.19566831998291315 2.6016881451477079 1.1529124604541126 0.82310300098989575 0.15268498555693691 1.394171463568733 0.45320675194934562 -2.833118398091794 -2.1310549807509429 1.1495108536959247
decision_type=2 2 2 2 2 2 2 2 2 2 2 2 2 2 2 2 2 2 2 2 2 2 2 2 2 2 2 2 2 2
left_child=1 18 -3 4 6 -6 28 -8 11 10 -10 15 13 -13 -14 16 -5 -17 19 23 21 -21 27 -1 -25 -24 -22 -20 -2 -27
right_child=3 2 -4 8 5 -7 7 -9 9 -11 -12 12 14 -15 -16 17 -18 -19 22 20 26 -23 25 24 -26 29 -28 -29 -30 -31
leaf_value=-0.063212885863031865 -0.12553599284096004 -50.038461009015421 -0.050091986558703505 9.0196314621375286 -198.99121364656784 -0.050349791894740752 -99.965693244645209 -0.050433222457099608 -0.050114831112582019 -0.057779367130222463 -68.147861273501277 -0.17962496800098171 -0.047210615457351002 -3.8310612851952537 -0.68541115723665025 0.033826544422645953 -0.038550008790758303 -0.07880957030667439 -0.10830957081649897 -0.012348204857243108 0.02643756405110928 0.068367887284874515 -0.051474821541651263 -0.057777925544149927 0.064890379014413593 0.07966625721904011 0.092842363987717336 -0.063409032103075094 -0.058869580830221396 0.12387993026061983
leaf_weight=3.3238943239382328 0.24046149484929036 0.0010002308684528777 0.008866797442506659 0.0055127886701029629 0.0015079832122407147 0.046149014925291498 0.0010008438180394699 0.015962410420151202 0.004311147659668787 0.42239315430794888 0.0014684760268999144 0.70093874823858526 28.431629437430932 0.079361935900090552 0.07876549734835947 4.2862573722277197 0.079352389412388535 1.9805857587660494 0.74560858274613728 11.174631056953052 1.3624088931906957 2.3734480567998846 0.33755078142728967 0.88758279162884046 1.1734323000920743 0.25580244587008005 2.0911627332962675 3.5268806477496346 1.5127591226968589 0.2407175833477595
leaf_count=27221 65 309 108 9 84 702 100 377 13 437 65 86 92495 126 2442 2876 209 682 126 22504 7687 205 4546 4443 3403 253 1366 18340 7327 2
internal_value=-0.0411476 -0.00919414 -5.11746 -0.0643425 -0.287427 -6.34532 -0.124336 -5.9455 -0.0530998 -0.291226 -17.3523 -0.0502391 -0.0623477 -0.551001 -0.0489738 0.00559919 0.549864 -0.0017712 -0.00736082 0.00309101 0.0149661 0.00179221 -0.0531804 -0.0344019 0.0120629 0.0393534 0.0666462 -0.0712448 -0.0680132 0.101101
internal_weight=65.3914 27.503 0.00986703 37.8884 1.81784 0.047657 1.77018 0.0169633 36.0706 0.428173 0.00577962 35.6424 29.2907 0.780301 28.5104 6.35171 0.0848652 6.26684 27.4931 22.3866 17.0017 13.5481 5.10656 5.38491 2.06102 0.834071 3.45357 4.27249 1.75322 0.49652
internal_count=198608 90513 417 108095 8655 786 7869 477 99440 515 78 98925 95149 212 94937 3776 218 3558 90096 66829 31762 22709 23267 35067 7846 4801 9053 18466 7392 255
is_linear=0
shrinkage=0.05


Tree=117
num_leaves=31
num_cat=0
split_feature=12 7 28 25 10 24 8 12 4 20 18 0 28 16 16 3 7 25 9 7 1 23 27 14 29 29 3 19 26 23
split_gain=14.0267 8.00836 119.963 873.872 7.82791 927.505 11.407 7.26781 113.014 882.286 105.857 26.6795 6.5461 501.513 8128.04 6.13427 85.3222 5.40284 4.46523 6.27593 249.342 740.525 17.2918 19.2456 3.9351 2.7745 1.99031 1.81695 0.946602 0.829078
threshold=0.033376430670196834 0.98601235820134048 0.98073325827937541 -0.57220870216967146 -1.940008649484408 -2.2804662822079087 -2.1310549807509429 0.12012453781825976 1.4928734671141597 0.38538306933363692 3.283747335452579 0.94258622419882621 -1.5307979053909275 -0.89689133559944134 -1.615368533818313 -0.26551165186840547 1.153773792544375 -0.51714731311189921 0.52801215169651805 0.15947793855917949 1.4239076954043373 -0.0055478721881073792 2.9996133201763011 1.9503106407740198 -0.16632537740275416 -1.3206584855275121 1.9170863709417352 -1.8279267169439317 -5.114207234298088 1.0126592022484682
decision_type=2 2 2 2 2 2 2 2 2 2 2 2 2 2 2 2 2 2 2 2 2 2 2 2 2 2 2 2 2 2
left_child=1 18 -3 -4 5 -2 -7 8 10 -10 11 -6 13 14 -9 16 -14 -17 19 22 26 -22 24 -24 -1 27 -21 -20 29 -27
right_child=4 2 3 -5 7 6 -8 12 9 -11 -12 -13 15 -15 -16 17 -18 -19 25 20 21 -23 23 -25 -26 28 -28 -29 -30 -31
leaf_value=-0.021281129917383998 -46.716140440206424 0.07852965339281455 49.938019061563878 -0.050023079607316223 -0.075574720030118669 -0.82006996145078992 -0.075594324898183823 -143.95463939993502 -0.050059710045532273 -49.957582639004315 -5.4484699576999684 -1.4526911831748841 -0.075778314189338766 -0.066595889900891297 -0.050020118013416298 -0.057595159111482823 -4.3764221746205791 -0.0064823852263733248 0.10824020717748961 -0.054618542078698373 0.010645068114826198 -49.539167052895309 0.026875080112203065 1.8936298569225061 0.026254231174527212 -0.057312027448853477 0.042454934571727013 -0.054592363682236626 -0.070667299089640048 0.07376954716780075
leaf_weight=7.2200394102081473 0.0010714408177250325 1.1346958703339727 0.0010002433170974842 0.0069430826900292878 2.6319979411478789 0.05728577231957388 0.50533588357181614 0.0010423445962930772 0.0076290041453932885 0.0010018518092041609 0.0092625371255284916 0.035646617060110297 5.3552301278004606 3.3842624116211812 0.016739032953681031 8.2231407406725072 0.011557703328562208 13.925678002974868 0.41679487143375255 4.4374152609236877 0.0029726238743083893 0.0010103222405887444 0.029826026679162676 0.025707127526402473 10.96682298275711 0.26438684838031545 0.59935209824167657 0.29087709283630886 4.8715934998216701 0.22185046215815585
leaf_count=21529 32 3374 115 270 5779 12 1218 60 296 83 30 722 32128 3484 494 17475 636 31525 26 31960 51 35 41 2 26096 251 634 861 19361 28
internal_value=-0.0331227 -0.00847085 0.121395 6.2446 -0.0551227 -0.239904 -0.151396 -0.0520229 -0.130922 -5.84322 -0.112504 -0.0939766 -0.0451697 -0.1106 -8.48571 -0.0370799 -0.08504 -0.0254589 -0.0135269 -0.00357264 -0.0529561 -12.5583 0.010073 0.891024 0.00738307 -0.0517376 -0.0430672 0.0413105 -0.0640276 0.00249521
internal_weight=64.6582 30.4913 1.14264 0.00794333 34.1669 0.563693 0.562622 33.6032 2.68554 0.00863086 2.67691 2.66764 30.9177 3.40204 0.0177814 27.5156 5.36679 22.1488 29.3486 23.2831 5.04075 0.00398295 18.2424 0.0555332 18.1869 6.0655 5.03677 0.707672 5.35783 0.486237
internal_count=198608 104634 3759 385 93974 1262 1230 92712 6910 379 6531 6501 85802 4038 554 81764 32764 49000 100875 80348 32680 86 47668 43 47625 20527 32594 887 19640 279
is_linear=0
shrinkage=0.05


Tree=118
num_leaves=31
num_cat=0
split_feature=7 1 25 28 6 28 4 19 13 28 28 9 16 23 29 0 1 12 12 17 18 9 18 25 16 26 17 13 21 17
split_gain=1922.09 107468 810062 1.43761e+06 23666.3 521101 940.534 869.711 307.496 6899.99 9.89294 7.98598 9.01808 145.799 372.248 10.8236 8.03076 6.85886 59.8632 937.717 17.6978 222.341 6.24785 7.81134 24.1366 5.73909 4.64651 3.40013 3.3209 2.96051
threshold=0.98601235820134048 0.17105112802743691 -0.57220870216967146 0.89760920180495007 -0.3371645090983118 0.97192064549584012 -0.96696338525819814 -2.4051475626847405 -0.019644916424919303 0.79325974948294642 0.98073325827937541 0.33224508622595711 -1.8632890144386625 -1.3540327647062054 0.82310300098989575 -0.058057970174556377 2.1379613037422156 -0.025610242485148805 -0.033747064504879166 -0.85392880496983159 3.283747335452579 -0.36363764576172913 1.0032658719295389 -1.0978991580211532 1.7040549024182468 1.333846404340761 -0.52846471713079934 -2.1852736024447892 -2.0101934017418865 -1.6702557485243708
decision_type=2 2 2 2 2 2 2 2 2 2 2 2 2 2 2 2 2 2 2 2 2 2 2 2 2 2 2 2 2 2
left_child=11 2 3 -2 7 -6 -4 -3 10 -10 -9 16 13 14 -13 -15 17 18 26 -20 27 -22 29 24 -24 -18 -1 -19 -25 -14
right_child=1 4 6 -5 5 -7 -8 8 9 -11 -12 12 22 15 -16 -17 25 20 19 -21 21 -23 23 28 -26 -27 -28 -29 -30 -31
leaf_value=-0.047107084141794917 -0.050001275101612758 -43.500963756844016 -49.272390498851919 -2266.2915866292587 -0.0501103369500836 -1135.3704307981995 -0.050016259266034105 6.8746245921597548e-05 -0.050122551108844199 -120.07088384337357 0.3358556197339424 -8.8414933791897159 -0.066956157413739337 0.009583635234364507 -0.052207183144824615 -0.38162050946448461 0.049291345739955694 0.0087149962780244793 49.922066556152501 -0.050008728281910657 -6.0303349799298855 -0.056435491742448829 -0.05068512925516009 -0.229135265824951 -1.8011348893995571 0.33289756293177064 0.0090383575695259701 -0.046392410515270176 -0.071158433358880072 -0.007001398636006205
leaf_weight=4.8354791318757142 0.0017941892500177928 0.0011507238380551446 0.001015797916228473 0.0011472649705283429 0.023091501123644397 0.0010569703223180403 0.021756165285574506 2.6661164064069545 0.028625854686519511 0.0012497825158171464 0.23901455894036461 0.017062850159428822 2.8854371663270557 0.909257954093598 0.040977003275700696 0.21948904212367093 0.62105517488440254 3.3288685638066466 0.0010005589332997165 0.015200353014927764 0.016722044364297944 0.2271755332081021 0.072791116998437988 0.34964223530208993 0.026997207851309213 0.2502643817672241 15.488185297257081 17.587713920824722 6.851884528299288 7.1889862286112569
leaf_count=17554 266 34 180 151 1193 143 1026 841 2747 371 32 53 2989 275 15 10 212 1168 68 479 82 174 588 135 4 43 52798 66451 9353 39173
internal_value=-0.0921527 -1.33073 -103.108 -883.96 -0.446679 -49.7427 -2.2457 -0.0412434 -0.0242042 -5.07093 0.027695 -0.0314577 -0.0588055 -0.192156 -2.63613 -0.0664875 -0.0194769 -0.022631 -0.00189813 3.03624 -0.0425598 -0.466016 -0.0496975 -0.0849162 -0.52426 0.13075 -0.00431997 -0.0376221 -0.0788284 -0.0241732
internal_weight=63.9202 2.98602 0.0257134 0.00294145 2.96031 0.0241485 0.022772 2.93616 2.93501 0.0298756 2.90513 60.9342 18.5625 1.18679 0.0580399 1.12875 42.3717 41.5003 20.3399 0.0162009 21.1605 0.243898 17.3757 7.30132 0.0997883 0.87132 20.3237 20.9166 7.20153 10.0744
internal_count=198608 6984 1623 417 5361 1336 1206 4025 3991 3118 873 191624 52595 353 68 285 139029 138774 70899 547 67875 256 52242 10080 592 255 70352 67619 9488 42162
is_linear=0
shrinkage=0.05


Tree=119
num_leaves=31
num_cat=0
split_feature=17 11 12 12 23 3 11 3 21 24 15 2 6 16 17 14 8 5 26 29 17 4 18 26 29 29 8 21 11 18
split_gain=128.577 1368.2 6806.55 1.3107e+06 202.204 2904.74 107.55 4759.36 6945.46 1057.62 68.1339 1178.98 18.0142 11.4382 90.2794 356.801 1137.16 8.72404 8.33204 4.04008 3.08633 3.02152 2.89438 2.7431 2.59872 1.77868 2.28742 1.23175 1.15763 0.828506
threshold=-0.85392880496983159 0.30588151478146058 -0.025610242485148805 -0.050105989913629648 1.6086115596328769 -1.217960206946018 -0.055686918123062271 -1.178830726823066 0.16553666450288521 1.1439446105196427 1.2016407466568269 0.79513420805342194 -1.2442224926233958 -1.8632890144386625 0.63038212739686295 -1.0415642579902296 0.50693523922389927 0.9406507197488484 -1.1852659040292879 -0.33123010713486239 0.84801898156228717 0.064342278022055541 0.9512040045991802 -5.114207234298088 1.482721919918329 -1.980277404455945 -2.1310549807509429 1.7636471944843384 -2.4823734980974708 2.7786210890898873
decision_type=2 2 2 2 2 2 2 2 2 2 2 2 2 2 2 2 2 2 2 2 2 2 2 2 2 2 2 2 2 2
left_child=1 4 3 -3 6 -6 10 8 -8 -9 12 -12 -1 14 21 -16 -17 18 23 22 -21 -2 -20 29 25 26 -19 -26 -27 -15
right_child=13 2 -4 -5 5 -7 7 9 -10 -11 11 -13 -14 17 15 16 -18 24 19 20 -22 -23 -24 -25 27 28 -28 -29 -30 -31
leaf_value=0.041744394301265836 0.085071195023013371 -0.050654639141581227 -0.061190518169305756 -1735.5735244153104 -77.788215332418048 -0.048792865356502589 -147.24623801048634 -0.28355776206358246 -0.050002086359144327 -27.060314379975825 -0.29832998230427438 -20.326536341885515 -0.066460738751380921 -0.050128273514884837 -0.12043420363233802 -15.937821425678138 -0.052063939429844192 -0.36691862820226079 -0.0087513746213127193 0.031086801054101394 -0.011941954276578508 -0.058930482144340185 -0.062734089119944422 -0.069594986038211168 -0.053665145911815218 -0.17727623474116802 -0.10523668502551053 0.073178409770200945 -0.068961631546080426 -0.34035775043047706
leaf_weight=6.0958192039420735 0.7059058882804673 0.17290824590498938 0.8023342014941286 0.0010947704854865061 0.0012863686182001633 0.01823744699545141 0.0013587299452975294 0.93583131965486388 0.0019537355780210115 0.0037022902993637521 1.0907996533103119 0.0073977288659817777 10.423857368870662 0.030590311557816441 0.24421811583713959 0.015736113855651407 0.039651603839125388 0.11774244002663181 9.4304699218734314 10.514995215998836 6.903429231412832 0.75269994298409892 3.370510332019518 3.9231466204437315 0.34402775666942087 0.25693669594878343 0.28723318576104251 0.43138690824499903 6.1795782986263621 0.12535397543787674
leaf_count=551 66 5362 8814 151 309 298 276 4618 326 496 3330 523 7874 424 30 63 37 8 49067 69413 16327 221 6853 5494 1309 474 659 39 15181 15
internal_value=-0.0743956 -0.180945 -2.00536 -10.97 -0.0850778 -5.17082 -0.0797282 -0.600006 -60.428 -0.389073 -0.0518848 -0.433245 -0.0265327 -0.0266837 -0.15162 -0.942158 -4.56534 -0.0214431 -0.0106934 -0.00163929 0.0140333 0.0107605 -0.0229651 -0.0777698 -0.0698481 -0.0796803 -0.181318 0.0169018 -0.0732854 -0.283426
internal_weight=63.2302 19.5566 0.976337 0.174003 18.5802 0.0195238 18.5607 0.942846 0.00331247 0.939534 17.6179 1.0982 16.5197 43.6736 1.75821 0.299606 0.0553877 41.9154 34.2985 30.2194 17.4184 1.45861 12.801 4.07909 7.61691 6.84149 0.404976 0.775415 6.43651 0.155944
internal_count=198608 32928 14327 5513 18601 607 17994 5716 602 5114 12278 3853 8425 165680 417 130 100 165263 147593 141660 85740 287 55920 5933 17670 16322 667 1348 15655 439
is_linear=0
shrinkage=0.05


Tree=120
num_leaves=31
num_cat=0
split_feature=3 3 17 5 15 2 21 26 0 25 21 21 13 28 2 24 17 16 12 12 12 25 25 27 9 16 5 16 26 8
split_gain=33.9344 223.695 3704.69 51.5897 410.345 3513.03 329.671 3436.07 37.2199 951.063 13.1521 252.58 9.21103 8.97976 6.7938 9.89095 65.93 5.19504 7.17872 90.1235 14.3117 4.87732 5.13817 116.672 875.817 4.82307 4.29614 3.99275 3.5795 3.51217
threshold=-0.35760945319256549 -0.36949817406063901 -1.4670618565431799 -0.86134168826683932 1.2825493925150462 0.68838286309949359 -1.1957790419542615 -0.48702458907848972 1.2007359869227821 -0.85272444136953551 -0.40023985366733178 -0.41232906198835834 -0.90135916658118054 1.1929481595503935 0.63183402092078889 1.30269901978039 -0.86959874989246522 1.3261799920569672 0.0075726329000181383 0.071840997122272224 -0.033747064504879166 0.015074834227801641 0.05860198492305993 -0.52413133130418188 -0.078481719662670341 -1.8632890144386625 -0.10367240239109116 -0.087905177537135934 -5.114207234298088 -0.28481773221169276
decision_type=2 2 2 2 2 2 2 2 2 2 2 2 2 2 2 2 2 2 2 2 2 2 2 2 2 2 2 2 2 2
left_child=1 3 -3 4 6 -6 7 -1 10 -10 11 -5 14 -12 17 -16 -17 18 20 -20 -2 26 23 24 -23 -24 -14 29 -19 -28
right_child=12 2 -4 8 5 -7 -8 -9 9 -11 13 -13 21 -15 15 16 -18 28 19 -21 -22 22 25 -25 -26 -27 27 -29 -30 -31
leaf_value=-94.588885014392474 0.051378007470303147 -98.403473271715612 -0.050004613128955516 -0.19312652617745621 -0.050007716366011569 -99.249440734491401 -0.053160875189299399 -0.050002474716338764 -49.549313888279983 -0.050001161322930476 -0.045032618811308087 -12.997032156682863 0.01510785463891904 -0.23968519218300616 -0.069124926255757169 -3.9080118514945301 -0.051570199691500423 -0.25665846571128242 -2.2015800970731449 0.0081193037871242074 0.42197088764548607 -49.910079169417862 -0.24030526280241005 -0.12147929867559724 -0.050039049770402036 -0.051670294564290759 0.04441766503525852 -0.064036126016119951 -0.015861827359349125 -0.055385432285030005
leaf_weight=0.0010577377614248975 5.7744792306381818 0.0010167409331368468 0.016416557441993454 1.4606740636972673 0.0077841496555158419 0.0010080701059206176 0.24696717445314667 0.01052299999408174 0.0010101150286914154 0.024681269336956357 6.5759159801346829 0.0038618914380114102 5.2325251729748699 0.65116485775590671 1.478890428426896 0.012962139669363881 0.0764403706635568 0.15689165978184583 0.046489351653410504 6.2044707638110657 0.27282533803681719 0.0010028063498279671 0.34749723613118533 0.5139402323442368 0.0072355357927605946 13.631726647998077 2.0537633525212646 6.5182658418095158 9.4674898947506225 1.5443860559330276
leaf_count=96 2791 76 711 20565 430 155 7010 686 137 1643 33821 236 27379 5324 3736 24 129 12 210 3227 124 44 20 1081 109 54478 6077 14529 3743 10005
internal_value=-0.0380409 -0.127837 -5.78615 -0.116857 -0.801021 -11.4237 -0.439785 -8.6848 -0.0958757 -1.99618 -0.0902586 -0.22689 -0.0228867 -0.0625709 0.000534923 -0.0999982 -0.610701 0.00772682 0.0292587 -0.00831457 0.0680974 -0.0413185 -0.0621117 -0.216105 -6.11922 -0.0563594 -0.0216735 -0.040698 -0.0197872 0.0015805
internal_weight=62.3434 9.00208 0.0174333 8.98465 0.26734 0.00879222 0.258548 0.0115807 8.71731 0.0256914 8.69162 1.46454 53.3413 7.22708 23.4909 1.56829 0.0894025 21.9226 12.2983 6.25096 6.0473 29.8503 14.5014 0.522179 0.00823834 13.9792 15.3489 10.1164 9.62438 3.59815
internal_count=198608 70890 787 70103 8377 585 7792 782 61726 1780 59946 20801 127718 39145 13996 3889 153 10107 6352 3437 2915 113722 55732 1234 153 54498 57990 30611 3755 16082
is_linear=0
shrinkage=0.05


Tree=121
num_leaves=31
num_cat=0
split_feature=3 3 16 21 21 0 16 16 26 23 17 12 10 1 7 19 13 23 7 11 12 18 12 12 17 29 23 0 14 25
split_gain=15.8011 42.3704 936.432 15.6878 368.621 624.004 34.7924 945.716 18.7541 10.3951 977.725 8.49173 7.03005 533.329 6.84832 683.654 5.59739 11.3085 58.2336 181.721 11.0642 8.26164 5.0122 204.8 2610.08 4.32783 828.265 3.3663 3.05204 2.98614
threshold=-0.43349488218389337 -0.44325010849307206 -0.923692961190269 -0.40023985366733178 -0.42548242591183588 -0.37322660177146755 -0.18028444935195206 -0.18740840970127906 -1.3831358290626821 1.2003837891208373 -1.2515490762959394 -0.11755492244436554 -1.940008649484408 -1.0265325544042938 1.0341503001629344 -1.5042300163445546 -1.7320214508875968 1.2537368370968751 -0.24208612022362988 -0.22602750520120601 2.2297827423500256 3.283747335452579 -0.025610242485148805 -0.033747064504879166 -0.86959874989246522 -1.980277404455945 -2.0988154530576417 0.62686180201635777 1.7638370239013896 -0.65858154359022236
decision_type=2 2 2 2 2 2 2 2 2 2 2 2 2 2 2 2 2 2 2 2 2 2 2 2 2 2 2 2 2 2
left_child=1 3 -3 4 6 -6 7 -1 -8 12 -11 14 13 -5 28 -16 17 20 19 -19 21 -13 23 -18 -25 26 -24 -27 29 -2
right_child=11 2 -4 9 5 -7 8 -9 -10 10 -12 16 -14 -15 15 -17 22 18 -20 -21 -22 -23 25 24 -26 27 -28 -29 -30 -31
leaf_value=-0.57547909413554743 0.032261948191670241 -49.077811357163178 -0.050080185976405525 -27.06317826480003 -50.043789937624631 -0.050000961904513974 -1.0435318394415043 -48.636621253588856 -0.056185278563060437 -49.467361377149018 -0.051292766474331557 -0.0042277143987331798 -0.043656732322495728 -0.05765019232698966 34.439735878071808 0.079760529131657265 -0.066797879882486519 12.603245568021791 0.011562489415422095 -0.050091770590784394 0.58189599115518009 -0.29479968212623558 -41.594470222955145 -70.546921178545503 -0.050012179193433037 -0.051165058278878552 -0.095455717913440666 -0.0045789047370643219 -0.064310746819138218 -0.010565317449979496
leaf_weight=0.19040149278845134 5.7759985147565667 0.0010198293488650157 0.021644958943228491 0.0018509498525230974 0.001000124234266097 0.0016603603583184021 0.050455565776927336 0.0010290898943623164 1.0278766905850103 0.0010117900743512312 0.093582635663969543 7.2875938803730458 6.2219923595064914 0.14891608335522988 0.0014497038682749199 1.0335272456870421 1.1785639486719701 0.0039515320224621934 0.076516915126773305 0.010064778926693677 0.078714426199041898 0.2531204372853989 0.0012035297241709255 0.0014183297125782693 0.017673962584787595 15.562231576973259 1.2354772820047766 5.1646494548662032 1.898973625474645 13.781341811836068
leaf_count=10658 15850 94 693 79 209 283 294 102 9812 526 3970 2188 38186 475 26 1558 4725 20 51 39 36 56 60 49 460 37184 2098 24420 1239 43168
internal_value=-0.0307971 -0.0974507 -2.25614 -0.0911293 -0.251614 -18.8436 -0.212659 -0.833846 -0.102384 -0.0595545 -0.579851 -0.0211013 -0.0518315 -0.389194 0.00226658 0.127889 -0.038126 -0.00122483 0.554301 3.51719 -0.00782553 -0.0139814 -0.0504098 -0.150017 -5.28709 -0.0449783 -0.135842 -0.0395569 -0.003793 0.00208314
internal_weight=61.1249 7.76244 0.0226648 7.73978 1.27242 0.00266048 1.26976 0.191431 1.07833 6.46735 0.0945944 53.3625 6.37276 0.150767 22.4913 1.03498 30.8712 7.70996 0.0905332 0.0140163 7.61943 7.54071 23.1612 1.19766 0.0190923 21.9636 1.23668 20.7269 21.4563 19.5573
internal_count=198608 65381 787 64594 21358 492 20866 10760 10106 43236 4496 133227 38740 554 61841 1584 71386 2390 110 59 2280 2244 68996 5234 509 63762 2158 61604 60257 59018
is_linear=0
shrinkage=0.05


Tree=122
num_leaves=28
num_cat=0
split_feature=23 2 22 10 7 18 12 2 18 23 15 13 7 27 13 2 8 4 28 7 17 13 29 23 26 26 21
split_gain=15.9514 136.68 282.496 97.5852 40.6728 27.9118 22.8125 10.8868 70.7474 23.9366 962.359 8.71751 225.426 3715.86 7.8251 6.80307 17.4862 6.36663 4.49306 2.4282e-05 2.37104e-07 2.43784e-08 1.05929e-08 8.4397e-09 3.54721e-09 2.10722e-09 4.53585e-10
threshold=1.3101050499025979 1.6952241444776786 -1.0037297003291783 2.6016881451477079 -2.0903794231873163 3.283747335452579 2.6520354781376123 1.9205968780487737 2.4945878902499925 1.2773484043187058 -1.4395136935932427 -0.90135916658118054 1.0341503001629344 -1.7525352122118416 -1.7320214508875968 0.63183402092078889 -0.34997849841202217 0.57554176897737641 0.84555883898657491 -6.0176429106567477 -2.4908959895935157 -0.97180741890918887 1.6476266496504373 -0.70605930220060908 -0.46750536410251436 -1.8290935402223878 1.2254407484852721
decision_type=2 2 2 2 2 2 2 2 2 2 2 2 2 2 2 2 2 2 2 2 2 2 2 2 2 2 2
left_child=7 3 -3 5 -4 6 14 9 19 11 -11 15 17 -14 -2 18 -17 -13 -1 -9 -12 -22 26 24 -21 -25 -6
right_child=1 2 4 -5 22 -7 -8 8 -10 10 20 12 13 -15 -16 16 -18 -19 -20 23 21 -23 -24 25 -26 -27 -28
leaf_value=-0.011779217898912156 -0.199916711550678 -19.40748226868757 -4.0959647061818725 -5.0893535039415418 -0.050004897060836488 -1.6074503247350123 -1.3261717480133033 -0.051762211100792321 -4.1769727056725925 49.311200538970454 -0.050371952520742475 -0.026602623769582508 -65.722853629472311 -0.050089853270907092 -0.03492050760852948 -0.97301401312320535 -0.064553984939382497 -0.07832431869566886 0.035805514145610652 -0.050102813861827272 -0.050101617464962438 -0.050014113435783304 -0.050132668207371445 -0.050039814982874888 -0.05003462923504029 -0.05001024542830064 -0.050027512570114369
leaf_weight=16.020866201407184 0.92112109168483369 0.0025755043793651558 0.012058122083544729 0.0097947593620800744 0.0032652394879731962 0.03020306850265253 0.03652700435215539 0.032885383814573288 0.011844813654537614 0.0010129412762112161 0.0073295929469168178 23.062835935919068 0.0022840491547032873 0.03780523848677439 3.2682020905645417 0.054166171799854168 2.3973462799246317 8.0184443077864866 7.185755618887824 0.004203167289233564 0.015457363741045834 0.016409332416528918 0.0026393211446702472 0.0072094240038226001 0.0034923092093777051 0.03667524003988186 0.0069068942502781283
leaf_count=11941 192 6 1 7 74 57 57 2 10 61 1 135940 454 3763 12851 1374 4743 22851 2768 8 46 658 2 36 47 629 29
internal_value=-0.0340368 -0.126972 -3.64418 -0.104344 -2.01173 -0.0928714 -0.0820464 -0.0270265 -0.558174 -0.0261261 1.19338 -0.0269898 -0.0447788 -3.79173 -0.0711988 -0.00541295 -0.0846264 -0.0399459 0.00295504 -0.0507005 -0.0501155 -0.0500566 -0.0500434 -0.0500236 -0.0500719 -0.0500151 -0.0500203
internal_weight=61.2093 4.29329 0.0274451 4.26585 0.0248696 4.25605 4.22585 56.916 0.0963103 56.8197 0.0402092 56.7795 31.1214 0.0400893 4.18932 25.6581 2.45151 31.0813 23.2066 0.0844655 0.0391963 0.0318667 0.0128115 0.0515801 0.00769548 0.0438847 0.0101721
internal_count=198608 13276 112 13164 106 13157 13100 185332 732 184600 766 183834 163008 4217 13043 20826 6117 158791 14709 722 705 704 105 720 55 665 103
is_linear=0
shrinkage=0.05


Tree=123
num_leaves=31
num_cat=0
split_feature=23 15 25 26 25 4 15 20 23 3 13 13 12 7 27 3 12 17 23 16 22 27 18 12 2 16 8 18 2 2
split_gain=653.945 56703.1 310318 371667 4043.22 4762.96 1397.65 17657.8 242240 226.513 10.2428 15.7831 9.30963 6.96148 254.994 6.68285 537.611 8062.72 77.3943 914.44 5.43709 4.69046 94.6732 18.4872 5.71663 4.60344 3.68565 3.60985 3.3175 3.2397
threshold=1.2773484043187058 -1.9824798116866826 0.11044927790182922 -0.23712151116261579 -0.90592629387203694 -0.93350233642346858 -1.4788329170946162 2.3580492622531444 1.433804251001713 0.53196593296999817 -1.7320214508875968 -1.8387459752497677 -0.11755492244436554 1.0341503001629344 -2.6035326283449596 -0.48722108413833182 -0.025610242485148805 -0.98419569926655726 -2.2688743808319662 -1.0347147847979961 0.6404361994788611 0.46308483340201595 3.283747335452579 2.2297827423500256 -1.3920483629823825 0.10560562794338445 -0.28481773221169276 2.1382577162807235 0.63183402092078889 0.19566831998291315
decision_type=2 2 2 2 2 2 2 2 2 2 2 2 2 2 2 2 2 2 2 2 2 2 2 2 2 2 2 2 2 2
left_child=12 2 4 -4 5 -2 7 8 -3 -6 11 -8 13 28 -15 16 17 -14 19 -18 -13 24 23 -23 26 -26 -17 -12 29 -1
right_child=1 6 3 -5 9 -7 10 -9 -10 -11 27 20 15 14 -16 21 18 -19 -20 -21 -22 22 -24 -25 25 -27 -28 -29 -30 -31
leaf_value=-0.0086095723591563516 -0.05001625383065797 -653.5611421311537 -1342.5858227893598 -140.33241958850292 -0.0502075972797476 -149.55469851989616 -0.12465339147414667 -0.058312150060717438 -0.050483396922436842 14.545431728276013 -0.047313501452522479 -0.33229708562547516 -143.47625468194354 13.004706206973246 0.078799193068371215 0.069713694433904169 -49.710387181991962 -0.050006436415912695 -0.050336908188243823 -0.050041716885583169 -0.79987153089949192 -0.059720492644773832 -2.4342108034315437 0.86254910976212518 0.0008480870141782008 -0.054750709692963223 -0.032747090799130081 0.16618519839713861 -0.046127217072827048 0.039588480830022033
leaf_weight=15.123963727273832 0.0011358149617990421 0.001530195810249056 0.0010055596382563189 0.0017821193840368591 0.01183943130890918 0.0010033129670826537 1.6561107040518579 0.24579344443247919 0.019342709195022224 0.003427808242122409 2.749996038286898 0.13288096763456758 0.0010457056519118007 0.003829980241789265 1.0074626355374958 2.5280873223913414 0.0010057409143413932 0.015561578529525175 3.5830104618825778 0.011838917963019023 0.1168429305889731 7.7746069975508645 0.041975277310446368 0.054719504633267912 6.0016284215420557 9.8058606498203567 1.3444392908994989 0.21334818213104156 4.2690376460336266 4.530969689094019
leaf_count=42449 15 75 78 57 81 67 145 10 295 10 12806 40 447 98 2017 1300 154 1603 26351 861 6 7832 162 362 35688 20726 3058 372 22456 18987
internal_value=-0.0730429 -0.611919 -84.2318 -574.004 -5.79342 -70.172 -0.283127 -3.8077 -47.9594 3.22681 -0.0900997 -0.180527 -0.0235151 -0.000744346 0.127752 -0.0417347 -0.105678 -9.08108 -0.0642256 -3.93846 -0.55107 -0.0333506 -0.0659715 -0.0532747 -0.0203034 -0.0336415 0.034142 -0.0319425 -0.00617604 0.00250132
internal_weight=61.2551 5.15604 0.020194 0.00278768 0.0174064 0.00213913 5.13585 0.266666 0.0208729 0.0152672 4.86918 1.90583 56.099 24.9353 1.01129 31.1638 3.61246 0.0166073 3.59586 0.0128447 0.249724 27.5513 7.8713 7.82933 19.68 15.8075 3.87253 2.96334 23.924 19.6549
internal_count=198608 14057 308 135 173 82 13749 380 370 91 13369 191 184551 86007 2115 98544 29416 2050 27366 1015 46 69128 8356 8194 60772 56414 4358 13178 83892 61436
is_linear=0
shrinkage=0.05


Tree=124
num_leaves=31
num_cat=0
split_feature=23 15 2 21 14 9 23 17 7 24 14 13 13 18 12 27 12 24 9 13 14 18 19 17 12 24 12 5 29 9
split_gain=30.6375 801.658 1271.99 152.558 8.73382 8.64257 34.8998 949.673 13.4092 191.671 792.971 8.13382 6.5934 4.92617 4.55936 55.9961 23.005 955.924 5.6601 3.6553 3.49084 3.23018 3.02909 4.49064 2.24497 1.69413 1.51485 0.835018 0.581275 0.200548
threshold=1.3101050499025979 -2.1655690976334547 0.60641662893648551 1.0379088459949932 -1.5050434844109317 0.61114786198091864 1.2773484043187058 -1.0389533995306606 1.153773792544375 0.14659605189699218 0.7446450884164223 -1.7320214508875968 -1.8387459752497677 0.61966598228671199 -0.025610242485148805 2.9996133201763011 -0.033747064504879166 -0.73065825241800841 -2.5366060588563664 -0.013051465048227405 0.46386835916611263 2.1382577162807235 -0.48095205606339558 -1.6702557485243708 2.2297827423500256 -1.781503953715281 0.62634580096529857 -0.824886533766508 0.6581982712577874 1.5478203050074728
decision_type=2 2 2 2 2 2 2 2 2 2 2 2 2 2 2 2 2 2 2 2 2 2 2 2 2 2 2 2 2 2
left_child=5 2 3 4 -2 6 14 -8 13 10 -10 12 28 22 16 19 18 -18 -1 -16 -14 24 23 -7 -13 26 -15 -27 -3 -23
right_child=1 11 -4 -5 -6 8 7 -9 9 -11 -12 21 20 25 15 -17 17 -19 -20 -21 -22 29 -24 -25 -26 27 -28 -29 -30 -31
leaf_value=0.080748321022964031 -1.7945635839843019 -0.10611835044597547 -24.152366848261622 -7.628078093630454 -0.050225944961329719 -0.063577393952736386 49.254548794360495 -0.050053570120187886 -0.050064533727177285 -0.21625406567293029 -49.928646974516973 -0.060999196908761016 -0.20853336550838791 -0.077493557932283588 -0.012065377768420246 -2.8970212808360816 48.99979902812526 -0.050837743148760023 -0.0063828841635971524 -0.055509766640629336 -0.52043704387422263 -0.050056123551752464 -0.058815824490559956 0.06490485990730753 0.093718101984609822 0.055921858037691376 -0.1713978573591951 -0.069741395088998237 -0.20068096868090857 0.15965858927898391
leaf_weight=2.0556299192311185 0.027085639536380768 1.2362836609279413 0.0082670563278952613 0.013023621183720024 0.0097624491271480762 1.0769762671991807 0.00101410502230954 0.026443207306318262 0.003902872348477371 0.18162323228238419 0.0010012606637691979 2.6396570666484203 0.18692230204646684 0.86600102004323287 15.141798095364903 0.016995879418422954 0.001019372021119124 0.038813345024645396 19.980948137339684 7.1175407228067185 0.17248740037247925 0.012037842608531968 2.3362690485375102 1.8454193966264363 0.25731786317550387 0.13607867445977451 0.8520107630639342 4.6334836529970103 0.18710638301885851 0.21511530239647186
leaf_count=367 11 125 33 11 141 265 58 580 225 588 75 12325 35 611 35608 60 99 396 75099 37502 9 379 17238 7258 160 817 289 8197 24 23
internal_value=-0.0317401 -0.150806 -5.9876 -2.97649 -1.33242 -0.0212422 -0.0110853 1.77096 -0.0590178 -0.479628 -10.2336 -0.0816496 -0.166866 -0.0523387 -0.0121885 -0.0281474 0.00391497 1.20443 0.00174494 -0.0259569 -0.358222 -0.0330202 -0.0163738 0.0175559 -0.0472567 -0.0814909 -0.124063 -0.0661561 -0.118549 0.148545
internal_weight=61.278 4.96507 0.0581388 0.0498717 0.0368481 56.313 44.3802 0.0274573 11.9328 0.186527 0.00490413 4.90693 1.7828 11.7462 44.3527 22.2763 22.0764 0.0398327 22.0366 22.2593 0.35941 3.12413 5.25866 2.9224 2.89697 6.48757 1.71801 4.76956 1.42339 0.227153
internal_count=198608 13276 196 163 152 185332 149769 638 35563 888 300 13080 193 34675 149131 73170 75961 495 75466 73110 44 12887 24761 7523 12485 9914 900 9014 149 402
is_linear=0
shrinkage=0.05


Tree=125
num_leaves=31
num_cat=0
split_feature=23 23 3 17 9 17 24 0 7 21 11 3 13 12 24 11 7 17 13 10 6 8 25 1 17 20 20 3 9 26
split_gain=206.414 3237.9 97632.3 221424 9215.13 154937 49.9501 427.94 3693.74 2529.32 893.849 237.794 3022.1 5690.65 577.341 34.5284 478.059 16.2179 8.0462 8.72462 8.6616 5.5893 6.85986 100.196 894.623 4.65315 17.3854 3.87515 2.94009 2.14322
threshold=1.2773484043187058 1.3101050499025979 -0.19830134411858327 -0.42886282293503319 0.3758277783806992 -0.71196472998251903 -0.73065825241800841 1.1010720259286937 0.35822680467555496 1.0863067744766421 1.1472961035241076 -0.15789733444515644 1.7475977891695236 0.29597697461639355 -1.0047507516831395 -0.055686918123062271 1.0341503001629344 -2.6977004545520193 -1.7320214508875968 -0.12448693418732017 3.3868888178297554 1.0280955108409571 -0.65858154359022236 -2.8436431899765719 -0.37939318961490548 1.0355901608215732 1.1495108536959247 1.7499371652409101 1.5478203050074728 0.087041005692313378
decision_type=2 2 2 2 2 2 2 2 2 2 2 2 2 2 2 2 2 2 2 2 2 2 2 2 2 2 2 2 2 2
left_child=6 2 3 -2 5 -4 7 11 9 10 -9 12 14 -14 -1 17 -17 -13 19 20 -3 22 23 24 -8 27 -27 -24 -20 -30
right_child=1 18 4 -5 -6 -7 21 8 -10 -11 -12 15 13 -15 -16 16 -18 -19 28 -21 -22 -23 25 -25 -26 26 -28 -29 29 -31
leaf_value=-0.057213260800437905 -894.18483387607978 -0.30056585355312038 -633.82650947867978 -0.050001245164972188 -0.10280127187048033 -0.050044996599238847 49.850674661892029 -0.050002653645477374 -99.379579575863033 -66.863206977361997 -45.665438200728836 0.14313329181711551 -147.24278100898854 -0.050000792832163243 -4.5097151608056967 -0.17202435395061036 -12.269065224877714 -0.046668994847002106 -0.059466727357095198 -0.12784115667034149 -1.1077629216485338 -0.064998378668520748 -0.026381733992394431 0.026988793923816312 -0.050018470079075165 -0.95611548343885999 -0.05803490003835008 0.016560600977160288 0.11684150760095216 -0.066918847033359624
leaf_weight=0.38670551790782626 0.0010065426667217872 0.14518089339872697 0.001025598128987947 0.0022185535976824156 0.26262453107749839 0.016140672609569806 0.0010019903402410007 0.053075658460842619 0.0010067494632228771 0.0014967101014917985 0.0010961201521790453 1.2861328402241383 0.0010190717367144877 0.0018463341746199514 0.089691968052005744 3.9168508573917125 0.0081840758627244048 9.0091570274282731 2.4419964950196547 1.8234365199270153 0.043099781956129846 5.3486722622343015 16.482007261253145 7.04171769202474 0.0086700256117285372 0.054598199425555438 4.1447564203875258 7.7116798964889197 0.47766368165669648 0.23760091922308391
leaf_count=11092 168 95 66 268 60 219 76 2703 159 121 96 70 170 365 5546 11522 522 7017 12756 116 4 19073 87351 30005 210 332 2300 5821 129 176
internal_value=-0.0746852 -0.368269 -5.57567 -279.107 -2.42273 -37.915 -0.0458709 -0.124703 -4.4611 -2.74453 -0.972992 -0.107984 -1.20342 -52.3986 -0.895492 -0.0710648 -0.197248 -0.0229581 -0.0831494 -0.161301 -0.485343 -0.0173546 -0.010165 0.033974 5.11954 -0.0211269 -0.0697114 -0.012694 -0.0333538 0.0557989
internal_weight=61.0014 5.45199 0.283016 0.0032251 0.279791 0.0171663 55.5494 14.7563 0.0566752 0.0556685 0.0541718 14.6996 0.479263 0.00286541 0.476397 14.2203 3.92503 10.2953 5.16898 2.01172 0.188281 40.7931 35.4444 7.05139 0.00967202 28.393 4.19935 24.1937 3.15726 0.715265
internal_count=198608 14057 781 436 345 285 184551 39383 3079 2920 2799 36304 17173 535 16638 19131 12044 7087 13276 215 99 145168 126095 30291 286 95804 2632 93172 13061 305
is_linear=0
shrinkage=0.05


Tree=126
num_leaves=31
num_cat=0
split_feature=1 14 29 6 3 16 7 7 14 25 24 24 3 2 23 13 20 16 7 1 27 24 29 18 23 1 0 2 23 17
split_gain=694.523 3423.16 85243.6 311893 30594.4 4654.81 544.776 9776.61 5494.16 4934.21 26.2018 154.549 2693.59 7960.79 14615.8 3135.53 757.166 1956.4 680.025 14.7378 36.9974 8.92616 94.0736 494.958 7.35418 6.1831 16.2204 5.28244 66.9632 921.161
threshold=-2.8436431899765719 -0.70631845292184503 -0.66103956659907903 -0.011583334004823117 0.22850168836861443 0.53411254613674064 -0.58763109127321023 -0.52195279045543719 -0.63265825933717601 -1.0541866872983856 -0.7423587176482267 -1.0249321007398509 -0.15789733444515644 0.55872704538027651 0.21082385237635812 -1.08097102390206 -2.2076084068816173 2.5229466155712399 0.5854074645757591 1.4239076954043373 1.1416433730034914 -0.47111485159842365 0.16348408206146242 0.48728258131276292 1.3101050499025979 0.032865803866980473 -2.0842511019751941 0.65705998829307222 1.2773484043187058 -0.36117614720824692
decision_type=2 2 2 2 2 2 2 2 2 2 2 2 2 2 2 2 2 2 2 2 2 2 2 2 2 2 2 2 2 2
left_child=1 2 -1 -4 -5 -6 21 -8 -9 -10 11 19 13 15 -15 -13 17 -14 -18 25 -21 -3 -23 -24 27 -2 -27 28 -12 -30
right_child=10 6 3 4 5 -7 7 8 9 -11 24 12 16 14 -16 -17 18 -19 -20 20 -22 22 23 -25 -26 26 -28 -29 29 -31
leaf_value=-0.055652457696186292 0.014259613325019427 -0.053981695914642996 -817.63908693011751 -274.48419414202993 -0.050137620736354374 -92.32429015751714 -125.15221344698007 -93.989602920728032 -42.861588771058592 -0.67897555522730357 -0.0081232288253325659 -59.643313783272788 -68.341933579118148 -249.39433002974238 -0.050000681462169488 -0.050096338752100872 -0.19596284956265198 -0.050142579371897235 -11.734399622869169 0.010369695663788245 0.67351428680443171 -0.078470066186919596 -10.071615890165914 -0.052089534861748304 -0.1090153347531701 -0.89200522162181672 -0.063194980808831694 -0.054762675754090752 49.440914167020757 -0.0500630760742969
leaf_weight=0.27561673081711202 3.2334619193401153 2.8364477167962456 0.0014677280855124935 0.0012753512900480013 0.0085827005757769526 0.0016255886316951405 0.0015986928262529112 0.0015967707520490029 0.0070074163059747887 0.64860490113142988 32.942441973577075 0.0025170612213539665 0.0014643018883594419 0.0010026295847537889 0.0014201805390550493 0.017934821006920142 2.4030519415552107 0.0036952005029888824 0.012837634681860499 1.1435570323078079 0.25772933222089034 0.8975149787824509 0.014968012711780401 0.069824333234797628 2.1921036618452865 0.059617873818456846 6.013789877600507 6.8905000215086494 0.0010102864125656188 0.01355423309791959
leaf_count=100 10355 229 202 104 112 39 54 43 177 1016 110550 549 62 1094 1116 3941 6331 6 893 446 65 180 52 56 11119 61 15063 34129 211 253
internal_value=-0.0891307 -0.668218 -5.94655 -131.31 -43.5903 -14.7441 -0.328042 -1.65586 -1.35545 -1.12984 -0.0391231 -0.100716 -0.459488 -17.5367 -103.236 -7.38437 -0.298139 -19.4318 -0.257276 -0.0188333 0.132337 -0.0989677 -0.228867 -1.82079 -0.0198537 -0.0415943 -0.0713308 -0.0149487 -0.00662463 3.38294
internal_weight=59.9578 4.76613 0.288568 0.0129514 0.0114836 0.0102083 4.47756 0.658808 0.657209 0.655612 55.1917 13.1521 2.44392 0.0228747 0.00242281 0.0204519 2.42105 0.0051595 2.41589 10.7082 1.40129 3.81876 0.982307 0.0847923 42.0396 9.30687 6.07341 39.8475 32.957 0.0145645
internal_count=198608 2364 557 457 255 151 1807 1290 1236 1193 196244 39982 13992 6700 2210 4490 7292 68 7224 25990 511 517 288 108 156262 25479 15124 145143 111014 464
is_linear=0
shrinkage=0.05


Tree=127
num_leaves=31
num_cat=0
split_feature=23 23 25 17 1 24 23 17 25 22 11 24 24 14 11 16 11 11 17 17 13 2 22 25 10 17 9 26 17 12
split_gain=462.768 7925.54 184546 1.56363e+06 43.0832 91.256 757.273 8644.36 137.32 971.721 10.3012 10.2048 200.183 2675.66 6132.42 689.355 19.7766 822.229 14.2249 6.0686 5.54039 4.56603 4.24899 3.67126 2.8944 2.78883 2.75352 1.81416 1.46452 1.29105
threshold=1.2773484043187058 1.3101050499025979 -0.013379707638644859 -0.29635789282489527 -2.8436431899765719 -0.70813105114830799 0.59012824909332451 -0.6041704944850691 -0.7515300333977929 -3.6248907980556369 -2.3930275807818688 -0.7423587176482267 -0.76860375660121127 1.2084715477256915 -0.19606007013282531 2.9537189418341754 0.28466441345554266 0.29872882980186383 -2.4908959895935157 -0.88426701524694951 -1.7320214508875968 1.1762330605625946 -0.41756032776617313 1.3751007745458923 -0.12448693418732017 -1.4242100324221989 1.5478203050074728 0.087041005692313378 -2.0348783879410797 -1.4897184209698888
decision_type=2 2 2 2 2 2 2 2 2 2 2 2 2 2 2 2 2 2 2 2 2 2 2 2 2 2 2 2 2 2
left_child=4 2 -2 -4 5 10 8 -8 9 -7 -1 12 16 15 -15 -14 18 -18 -6 23 24 22 -21 25 -3 -13 -22 -28 -25 -12
right_child=1 20 3 -5 11 6 7 -9 -10 -11 29 19 13 14 -16 -17 17 -19 -20 21 26 -23 -24 28 -26 -27 27 -29 -30 -31
leaf_value=0.35497795003553295 -0.65807325542321282 -0.2823616219226005 -1951.7646755315193 -0.050046736345827694 0.11551577499134591 -0.054800909829947043 -79.155407826604971 -0.05081563289136154 -0.068980997096260974 -9.6107779346486399 0.069485883797475168 -0.04893121883579462 -0.05156569316548746 -0.05000693434297241 -149.99547748026529 -35.176724561260784 -20.932641001629264 -0.16394847297719531 -0.054533118016506378 -0.02839447440481915 -0.058650850581094018 -0.068458795881207415 0.016217566181520936 0.080931843560271916 -0.11396467485853271 -0.15357909158533914 0.10911400799758086 -0.065398447587671105 -0.047758360822345754 -0.062180810797743728
leaf_weight=0.17190711099460854 0.26620323824139874 0.2956422587381845 0.0011528324456974168 0.0093439638951332005 1.4355060761136194 0.1782505139368154 0.0037924165598891132 0.038653927509473759 0.96635124567206454 0.031269934747882699 0.20788231989306316 9.1498025327275236 0.074803053239244494 0.0021417597682181211 0.0010003636386234074 0.0014234182745755932 0.0047886656212153813 0.98788713337708067 8.583139178984931 7.5090215213030751 2.2074388617898455 2.4226393706326439 18.454402497278171 0.73353413478810092 1.8639682491123797 0.68426309912136396 0.48272570737009568 0.21536379359539815 0.31645067528648874 1.7833141164420827
leaf_count=7 274 99 233 274 334 13 73 241 791 235 29 9005 1370 46 61 12 277 14187 21655 16714 12756 9045 95973 239 116 11588 129 176 1976 680
internal_value=-0.0826598 -0.526503 -8.76656 -214.401 -0.038543 -0.211311 -0.557417 -7.1185 -0.320576 -1.48099 -0.0163745 -0.0269427 -0.069295 -2.57136 -47.7884 -0.707477 -0.0512603 -0.264137 -0.0301679 -0.0149815 -0.0763622 -0.00281054 0.00331508 -0.046724 -0.137018 -0.0562127 -0.0312785 0.0552761 0.0421464 -0.0484347
internal_weight=59.0841 5.34184 0.2767 0.0104968 53.7422 3.38142 1.21832 0.0424463 1.17587 0.20952 2.1631 50.3608 11.0907 0.0793686 0.00314212 0.0762265 11.0113 0.992676 10.0186 39.2701 5.06514 28.3861 25.9634 10.8841 2.15961 9.83407 2.90553 0.69809 1.04998 1.9912
internal_count=198608 14057 781 507 184551 2069 1353 314 1039 248 716 182482 37942 1489 107 1382 36453 14464 21989 144540 13276 121732 112687 22808 215 20593 13061 305 2215 709
is_linear=0
shrinkage=0.05


Tree=128
num_leaves=31
num_cat=0
split_feature=9 23 23 8 17 1 15 23 10 18 24 4 3 12 12 18 8 18 24 0 1 17 20 1 13 1 25 23 14 11
split_gain=12.9201 14.4302 99.2769 4218.22 20530.7 12.2995 37.9337 271.997 653.342 24.9831 11.9363 20.7244 110.397 9.56059 22.9313 12.4294 12.4614 8.63474 7.07921 13.6806 206.58 6.99057 5.78427 5.46483 4.65196 4.38985 9.99705 3.5789 9.0463 2.78279
threshold=-1.5428703711567033 1.2773484043187058 1.3101050499025979 -0.11716311208753476 0.35972803394101388 -2.8436431899765719 1.8729978986468265 0.21082385237635812 1.3112148852842689 -2.3112858319934242 -1.8470163421329315 -2.527707117736457 1.6937323537452211 0.0075726329000181383 0.090461017456927709 2.7786210890898873 -0.66820121552237832 -1.1251415709651329 -0.57268463101459133 -0.16387843433702784 -1.9208854324609959 -0.86959874989246522 -0.095681293424957167 0.79891975728226516 -1.7320214508875968 -2.8436431899765719 -0.15724713478316946 -0.61480978764428595 -1.2644205618452242 -0.58541941409786202
decision_type=2 2 2 2 2 2 2 2 2 2 2 2 2 2 2 2 2 2 2 2 2 2 2 2 2 2 2 2 2 2
left_child=10 5 3 4 -3 6 9 8 -8 -2 11 -1 -13 15 -15 25 -17 -11 19 22 -21 -20 -7 -23 -4 26 -12 -16 -29 -26
right_child=1 2 24 -5 -6 18 7 -9 -10 17 13 12 -14 14 27 16 -18 -19 21 20 -22 23 -24 -25 29 -27 -28 28 -30 -31
leaf_value=0.076604051542074281 -1.3831884022181635 -248.63412182062618 -0.12749809333292891 -0.073390514900562004 -0.050067598588226209 -0.08064928776279788 -0.050413138375232085 -0.052162826495275816 -24.266090534705441 -0.27188133762699596 0.80683473065649791 0.055164237821773598 3.512709416781838 -0.57093959731318811 0.041624899613114601 0.65097505302285164 0.068946257487904491 -0.042323942540030975 -0.060515206039576101 -10.53476589624684 -0.12218850745249742 0.0098684659475574196 0.013979757207206973 -0.057061783089820364 0.05977582271425011 0.02120383907610195 -0.053032099646107111 -0.53869625591320902 -0.03679206704052513 -0.060585638991798266
leaf_weight=0.55735361919909698 0.037559885121671743 0.0010056958053571569 2.1945979635838873 0.2324918708214293 0.0047710498539844512 2.5053555283375539 0.0085575215281375825 0.079990928760103039 0.0041295205251308592 0.50259644618938892 0.058131027350205144 0.11490514255968542 0.028891661588431816 0.19807047041710824 1.529053978415847 0.16748500615358353 0.2039514063694553 2.2149557352961624 6.5007284705058757 0.0047688334386525302 4.1326549234421446 18.078952971450139 4.5434554971827872 3.6686848263224467 0.67094881106135762 4.2669319817449631 0.080768657711846603 0.091931660438060336 3.8320927610184889 1.6893926125591492
leaf_count=85 70 204 206 455 94 10160 46 89 17 290 73 107 19 122 604 21 26 1292 21243 190 22926 97858 14970 11055 2337 2119 41 206 1293 10390
internal_value=-0.0334656 -0.0449198 -0.127139 -1.12206 -43.327 -0.0355992 -0.13595 -1.13092 -7.9324 -0.10248 0.0149829 0.214679 0.749854 0.00155642 -0.042461 0.0536257 0.33139 -0.0847793 -0.0283523 -0.0620173 -0.13419 -0.0150212 -0.0196542 -0.00142223 -0.0750951 0.0302086 0.306832 -0.0232652 -0.0485506 -0.0263718
internal_weight=58.2052 47.0756 4.79321 0.238269 0.00577675 42.2824 2.84779 0.092678 0.012687 2.75511 11.1296 0.70115 0.143797 10.4284 5.65115 4.77727 0.371436 2.71755 39.4346 11.1862 4.13742 28.2484 7.04881 21.7476 4.55494 4.40583 0.1389 5.45308 3.92402 2.36034
internal_count=198608 193892 13686 753 298 180206 1804 152 63 1652 4716 211 126 4505 2225 2280 47 1582 178402 48246 23116 130156 25130 108913 12933 2233 114 2103 1499 12727
is_linear=0
shrinkage=0.05


Tree=129
num_leaves=31
num_cat=0
split_feature=11 23 18 24 7 12 12 12 24 20 24 7 15 12 7 7 15 17 28 21 5 6 11 8 19 3 29 24 22 29
split_gain=10.6966 18.8898 14.1061 10.7585 19.4626 8.32213 38.3097 1729.04 17503.8 115.357 880.684 9.02041 951.099 8.14101 5.75087 54.5205 374.19 4.9944 100.461 885.429 4.52581 3.69121 3.58766 3.43629 4.18789 3.29783 1.67923 1.67481 1.30102 1.02332
threshold=-3.2946583790412771 1.101954763370393 3.283747335452579 -0.70813105114830799 0.87521408943277457 -0.11755492244436554 -0.025610242485148805 -0.033747064504879166 -0.7813896082451891 1.5392865517989789 -0.12230346277700029 1.153773792544375 -1.2181815906752449 1.0223938231165548 -0.27985240509702142 -0.28601902317642225 1.8729978986468265 -0.37039427638860728 2.3841047231735071 -0.94591677261455398 -1.7891778384094923 -1.6659742630150536 -0.74529840539396031 1.0280955108409571 -0.1791175334966873 3.2991048220167891 -1.1557537557954036 -2.4437036499176403 -0.69113315617463877 1.482721919918329
decision_type=2 2 2 2 2 2 2 2 2 2 2 2 2 2 2 2 2 2 2 2 2 2 2 2 2 2 2 2 2 2
left_child=1 2 3 4 13 11 7 9 -9 -7 -11 17 -13 -1 15 25 -17 18 27 -20 26 -19 -23 24 -16 -8 -5 -2 -22 -25
right_child=5 -3 -4 20 -6 6 14 8 -10 10 -12 12 -14 -15 23 16 -18 21 19 -21 28 22 -24 29 -26 -27 -28 -29 -30 -31
leaf_value=0.02393309674106717 0.055239575563068945 0.42494176920600246 -0.36692704335431231 -0.15507633419477318 0.69218221505860866 -0.060542520295249085 -0.069951170905286658 -160.62322663027666 -0.050044024549325751 -49.908403932075551 -0.05018455528419119 -47.810552500672884 -0.11725175246172542 0.46301698809724617 0.02965713540729107 -0.050017055647767678 -21.610868036637175 -0.068838219780928883 -49.326859242801646 -0.050202322237371859 -0.067123942565512129 -0.032107896397123442 0.028912849804618751 -0.058339610137501441 -0.030414885005434624 0.013942379110610126 -0.038517290480629136 -0.04465110912743165 0.048566505981893646 -0.17245794919202237
leaf_weight=0.75118575825089406 0.4546363982131395 0.29676754283856865 0.23104506360687072 0.41288214741473073 0.1558376577434688 1.4044805673196377 10.855724309631116 0.0018683071610489889 0.018528604455473694 0.0010028400368830197 0.0075825269176181638 0.0010468892642898622 0.6990692068219605 0.12282694067528155 4.7534302732521008 0.015694838066914296 0.0023082976695150128 1.4083167183342507 0.0010146752696601315 0.0089752102085292225 0.26955923681839333 3.0571343205642636 11.357779545023165 2.8609377502114262 7.4460025314309997 1.3131113630252986 1.2281264677939749 5.4480755353993215 2.4675796044455902 0.21092823875667077
leaf_count=130 375 27 33 38 33 7714 16307 121 662 63 71 127 1607 31 20308 541 2 1083 93 135 36 6264 52063 12058 49081 166 69 28491 389 490
internal_value=-0.0274157 0.0361307 0.0156686 0.0320142 0.177421 -0.0347645 -0.0525064 -0.304495 -14.7582 -0.0958635 -5.87403 -0.0119178 -0.188568 0.0856385 -0.0393512 -0.0649662 -2.81447 -0.00622786 -0.0454361 -5.05525 -0.00218917 0.00842316 0.0159715 -0.0189099 -0.00700821 -0.0608984 -0.0678439 -0.0369574 0.0371731 -0.0661755
internal_weight=57.2635 5.93581 5.63904 5.408 1.02985 51.3276 28.8916 1.43346 0.0203969 1.41307 0.00858537 22.436 0.700116 0.874013 27.4581 12.1868 0.0180031 21.7359 5.9127 0.00998989 4.37815 15.8232 14.4149 15.2713 12.1994 12.1688 1.64101 5.90271 2.73714 3.07187
internal_count=198608 786 759 726 194 197822 107584 8631 783 7848 134 90238 1734 161 98953 17016 543 88504 29094 228 532 59410 58327 81937 69389 16473 107 28866 425 12548
is_linear=0
shrinkage=0.05


Tree=130
num_leaves=31
num_cat=0
split_feature=11 23 18 24 23 26 27 17 1 27 5 16 20 12 21 22 15 8 9 28 24 11 22 18 20 21 23 19 10 4
split_gain=7.40402 19.2491 10.9133 10.8504 31.4559 6.72118 6.56818 4.65317 6.1485 4.58513 4.17585 3.61283 2.59244 2.34382 2.18241 1.95553 1.81654 1.73943 2.18537 1.79772 1.68963 1.30443 1.19854 1.09671 0.924568 0.709746 0.455517 0.449638 0.125855 0.0252216
threshold=-3.2946583790412771 1.101954763370393 3.283747335452579 -0.70813105114830799 -0.35089533368004311 1.4421434511423206 -0.6055056419048005 -0.86959874989246522 0.79891975728226516 1.2875412531874346 -1.7891778384094923 -1.0158546174559533 0.49822098361987494 -1.825336033404567 -0.29093353399818939 -0.05476007281763097 -1.1338488203493651 -0.12434249855184511 1.6042625251574212 1.9450288559682647 0.8742800832068115 0.24270455124795154 -0.69113315617463877 3.283747335452579 -0.7776548498782524 -0.10280882440947579 1.7623222769791533 0.20302524127885216 2.0212287399551299 0.60120837072828337
decision_type=2 2 2 2 2 2 2 2 2 2 2 2 2 2 2 2 2 2 2 2 2 2 2 2 2 2 2 2 2 2
left_child=1 2 3 4 -1 -6 13 12 9 11 20 -9 26 21 15 -10 27 18 -15 -20 -5 -2 -12 24 -19 -16 29 -14 -11 -8
right_child=6 -3 -4 10 5 -7 7 8 14 28 22 -13 16 17 25 -17 -18 23 19 -21 -22 -23 -24 -25 -26 -27 -28 -29 -30 -31
leaf_value=1.0048174322542942 -0.054047185710635694 0.45054287823663475 -0.29167682009483836 -0.14111713992851146 0.015278962423373005 0.37588070203879992 -0.056752346746349415 -0.059598773493232109 0.01424345292407541 -0.057741346720685573 -0.06607540153072386 0.016587201793614795 0.057811571465723834 -0.059513705480580152 -0.12620004972236193 -0.066612298433611397 -0.058614955162081352 -0.10629871659093471 -0.060648173007890521 0.096232970083260441 -0.030945819567667062 0.13368072727057922 0.046790574994462736 0.057423038057610842 -0.067202184085223007 -0.066728262330748717 -0.12931594482656686 -0.045270203322494741 -0.086720838847296602 -0.063228923079371752
leaf_weight=0.10410427490377572 0.15283511427951463 0.26656359454798284 0.27472696517907014 0.5105455422848707 0.68275220652360857 0.15938596100042446 4.4783276262388236 1.676730158738162 1.8012159388762736 1.754358183505637 0.26037799904489078 21.629086848959073 0.96754158158839387 2.3286130844230621 0.61017751866546177 1.2786304338971131 0.66034631278965195 2.6668341482700835 0.29259840976292517 0.48578068011256104 1.0931589437337654 0.23453052985303519 2.4340465193344363 0.13994289814860028 3.4925685983630372 2.8211675183712464 0.23795405793303626 0.11877541729739649 0.47638610515330926 2.2627447926755524
leaf_count=60 407 27 33 45 118 16 21218 10228 1582 1234 36 125176 299 6854 874 5001 3830 1563 363 4 62 37 389 96 7840 7584 149 174 34 3275
internal_value=-0.0180224 0.0355577 0.0155146 0.0316069 0.184887 0.0835277 -0.0241528 -0.0153211 -0.00650747 0.00455125 -0.00213804 0.011106 -0.047692 -0.0609211 -0.0498792 -0.0193247 0.00678548 -0.0658849 -0.0352694 0.0372602 -0.0660193 0.0596127 0.0358837 -0.0809851 -0.0841298 -0.0773038 -0.0613263 0.0465408 -0.0639301 -0.0589263
internal_weight=56.3528 5.78566 5.5191 5.24437 0.946242 0.842138 50.5671 40.7734 32.0478 25.5366 4.29813 23.3058 8.72569 9.7937 6.51119 3.07985 1.74666 9.40634 3.10699 0.778379 1.6037 0.387366 2.69442 6.29935 6.1594 3.43135 6.97903 1.08632 2.23074 6.74107
internal_count=198608 786 759 726 194 134 197822 180658 151713 136672 532 135404 28945 17164 15041 6583 4303 16720 7221 367 107 444 425 9499 9403 8458 24642 473 1268 24493
is_linear=0
shrinkage=0.05


Tree=131
num_leaves=31
num_cat=0
split_feature=12 12 24 11 27 18 27 7 23 9 2 8 20 29 19 29 13 2 9 2 12 9 6 7 11 20 24 2 29 13
split_gain=7.28268 115.058 3239.6 8.40581 18.8136 6.44704 36.3918 4.2486 4.14673 3.06719 3.65073 2.93683 4.1187 19.3516 5.48844 2.61161 1.66183 1.50102 1.28688 3.07454 1.2379 0.971439 0.831992 0.816333 0.682867 0.541583 0.481324 0.205503 0.192637 0.154145
threshold=-0.025610242485148805 -0.033747064504879166 -0.60491492100913324 -3.2946583790412771 -1.3442826784282014 3.283747335452579 0.40689370944549857 0.19385945150129996 0.74604536419597478 0.52801215169651805 -0.60420429550273613 1.0280955108409571 0.94037990635588586 -1.815372674723837 1.3709890617168148 -1.3206584855275121 -1.7320214508875968 -1.8994895531147826 1.5478203050074728 -0.62107560098627734 -0.0087931313429847873 -1.6320907716769968 -2.2225653003597254 1.153773792544375 -3.2946583790412771 0.94037990635588586 -2.9355909197284418 -4.0088752521451889 -0.82594429633118727 -1.510756291369326
decision_type=2 2 2 2 2 2 2 2 2 2 2 2 2 2 2 2 2 2 2 2 2 2 2 2 2 2 2 2 2 2
left_child=1 3 -3 4 -1 8 17 9 11 10 -5 12 14 -14 -2 -11 20 -7 -18 -20 -10 -6 29 25 -22 -9 -24 -25 -23 -13
right_child=5 2 -4 7 21 6 -8 23 16 15 -12 22 13 -15 -16 -17 18 -19 19 -21 24 28 26 27 -26 -27 -28 -29 -30 -31
leaf_value=0.65331286378702902 -0.0072600885770789702 83.916338420771069 -0.050441184738888728 -0.021019394678842999 0.069746454560303969 0.067180473571114924 -1.0791122898176519 -0.051549888618847774 -0.22419486439853076 0.071437549043132625 0.029023779476111164 0.055722038511256448 -1.0876346379556099 -0.045284864783988854 0.11085984512654928 -0.053338707978384803 -0.058842234155864905 -0.098794500995538492 0.094974683349206057 -0.074129190157226341 0.055024030791318485 -0.057486977015584875 -0.13159046293941221 -0.14580511945349839 -0.090902588612928353 0.045899565957330607 -0.058150544918599945 -0.087935299099409656 0.052738158241380229 -0.051502600072603856
leaf_weight=0.14169823997554098 13.002347651437725 0.0011909533466969565 0.032396873304508897 5.9054363087319208 1.5375848011214377 0.21914310567080975 0.097721408502514873 2.9933632237235916 0.17336828706493213 0.47443319778402893 9.5187820047422189 0.18428715197784129 0.045096882975874997 3.5280374131074668 1.0638945533733863 3.6124107368900309 3.9916310952219698 0.35999366936264765 0.49194131014083609 0.59255298641726828 0.083077340873773386 0.2035545473955569 0.23745748684671708 0.22535364041799744 2.2901127968907824 0.14970659136227427 3.6917212614844424 0.48053445508522186 0.049224186047625795 0.040969847874053111
leaf_count=33 60764 166 620 10072 106 35 189 33066 9 620 37856 7 149 1902 1110 14081 21637 291 311 289 18 154 115 94 559 391 11911 1906 3 144
internal_value=-0.0173959 0.00236197 2.92684 -0.00152173 0.0987073 -0.0340236 -0.186591 -0.00981148 -0.0305131 -0.00034066 0.00986386 -0.0194108 -0.0105032 -0.0584405 0.00167386 -0.0388537 -0.0622555 -0.0359902 -0.0457199 0.00257862 -0.0952164 0.0548131 -0.0572313 -0.0578208 -0.0857942 -0.0469083 -0.0625888 -0.10641 -0.0360226 0.03622
internal_weight=55.419 25.3257 0.0335878 25.2921 1.93206 30.0934 0.676858 23.36 29.4165 19.5111 15.4242 21.7938 17.6394 3.57313 14.0662 4.08684 7.62268 0.579137 5.07613 1.08449 2.54656 1.79036 4.15444 3.84896 2.37319 3.14307 3.92918 0.705888 0.252779 0.225257
internal_count=198608 99168 786 98382 296 99440 515 98086 98925 62629 47928 76102 63925 2051 61874 14701 22823 326 22237 600 586 263 12177 35457 577 33457 12026 2000 157 151
is_linear=0
shrinkage=0.05


Tree=132
num_leaves=31
num_cat=0
split_feature=0 2 24 24 11 18 12 19 23 0 21 24 6 20 8 2 20 5 18 0 2 6 16 7 9 13 23 6 4 13
split_gain=99.5523 876.726 47.4684 506.104 4227.84 6397.53 4624.75 294.2 1981.84 90.4994 3856.26 21.3142 1006.76 7.78157 5.80126 5.1524 7.14055 89.1034 4.66701 1.92136 1.55804 1.20523 0.853613 0.614533 0.463447 0.357218 0.109725 0.0120128 0.00172145 8.58195e-11
threshold=1.2564253133024075 -0.77488441647906425 -0.60491492100913324 -0.70813105114830799 0.044967822387544702 -1.9266383256698467 -0.025610242485148805 -0.62492262857504233 -0.5229441197557122 1.1010720259286937 0.90390296642969126 -0.73065825241800841 -1.1171564249222892 0.23911722601712523 1.0280955108409571 0.65705998829307222 -0.43397538499495714 -1.7891778384094923 3.283747335452579 -0.079767432420408665 1.1353930664745528 3.3868888178297554 -1.8632890144386625 0.59757269103509481 -2.5366060588563664 -1.9852138913204886 1.3607993922773756 -4.1861157910569906 -2.065676349938542 -1.1102744711532742
decision_type=2 2 2 2 2 2 2 2 2 2 2 2 2 2 2 2 2 2 2 2 2 2 2 2 2 2 2 2 2 2
left_child=2 -2 3 9 7 -6 -7 8 -5 11 29 13 -13 -1 15 16 17 -4 -18 21 -21 -17 -9 24 -16 28 -26 -27 -25 -11
right_child=1 -3 14 4 5 6 -8 22 -10 10 -12 12 -14 -15 23 19 18 -19 -20 20 -22 -23 -24 25 26 27 -28 -29 -30 -31
leaf_value=-0.06350346493517163 -0.050000936173217603 -48.85793704066753 4.599861374902912 -57.051965921973625 -126.13559932994605 -21.673823208294781 -0.050244064461101606 0.058165223496905033 -0.050046379117631191 -0.050008799673698714 -98.700700663561705 49.042819854249132 -0.79298426776716546 0.0088781189236909041 0.049443966546020492 -0.061987709136647084 -0.0085040452108513642 0.043451658068179078 -0.15433895753128696 -0.056779865000941558 0.07150583866648022 -0.18935980244067541 -0.069767672301659742 -0.13654760816348277 -0.057124120160379814 -0.072301904411333523 -0.079175435420078641 -0.052021146417716338 -0.13051717667794929 -0.05000166164027358
leaf_weight=8.1718510807991116 0.0090326340445786961 0.0010244235641041115 0.010752020610718449 0.0017543260037200534 0.0011896679953197894 0.043933071824040486 0.056562418738938351 0.15570759982643545 0.011657937968587162 0.004723108778298706 0.0010136775566180816 0.0010184806953641426 0.2033829537580244 6.8056627676042707 0.09795610389968068 4.1922288307865445 22.256256372932935 5.1750395586368372 0.56246402897632464 0.44917148793113815 0.5003036297347615 0.19432996907289624 0.80183441887962137 0.23209023475646973 3.6395103284892443 0.21331515929837913 0.6676054539553461 0.11101552600205239 0.24146268440238716 0.03882411191536763
leaf_count=26538 697 79 90 50 99 1826 2187 7 160 149 256 55 1206 11870 102 23465 88786 11672 204 3949 184 2 2684 16 16897 37 488 1746 53 3054
internal_value=-0.0474673 -5.02163 -0.0465552 -0.118088 -1.16783 -10.8678 -9.50331 -0.151971 -7.50591 -0.0441388 -2.29412 -0.0375348 -0.544665 -0.0306139 -0.0163056 -0.00864265 -6.27209e-05 0.0528987 -0.0120988 -0.0536717 0.0108173 -0.0676305 -0.0489643 -0.0654096 -0.0580963 -0.105786 -0.0605421 -0.06536 -0.133473 -0.0500024
internal_weight=54.8527 0.0100571 54.8426 16.2991 1.07264 0.101685 0.100495 0.970954 0.0134123 15.2265 0.0445609 15.1819 0.204401 14.9775 38.5435 33.3405 28.0045 5.18579 22.8187 5.33603 0.949475 4.38656 0.957542 5.20296 4.40507 0.797884 4.30712 0.324331 0.473553 0.0435472
internal_count=198608 776 197832 50141 7013 4112 4013 2901 210 43128 3459 39669 1261 38408 147691 128352 100752 11762 88990 27600 4133 23467 2691 19339 17487 1852 17385 1783 69 3203
is_linear=0
shrinkage=0.05


Tree=133
num_leaves=31
num_cat=0
split_feature=10 24 26 24 24 11 12 12 13 1 6 24 20 7 19 14 16 19 27 8 2 20 14 17 0 2 6 7 9 13
split_gain=200.165 5684.54 9856.31 163.248 2686.5 19692.8 191723 330825 14824.1 6196.78 18234.6 1658.22 7.26079 45.8087 831.721 35.9919 207.471 11.5951 6.40932 5.35304 4.64307 5.10199 13.8353 4.38199 1.84562 1.5575 0.865282 0.488036 0.437164 0.26339
threshold=-2.3440883907735719 -0.68484026547610821 0.11716655148316994 -0.60491492100913324 -0.73065825241800841 0.044967822387544702 -0.025610242485148805 -0.26143973348157773 0.71217423068109542 -1.101303612583459 -0.40149911678185518 -0.71929384237378347 0.23911722601712523 1.0341503001629344 0.19111892758456087 2.2949331403264845 0.10560562794338445 2.5304730467399295 0.54447907498199288 1.0280955108409571 0.65705998829307222 -0.43397538499495714 -1.7475136117440979 -0.88426701524694951 -0.079767432420408665 1.1353930664745528 3.3868888178297554 0.59757269103509481 -2.5366060588563664 -1.9852138913204886
decision_type=2 2 2 2 2 2 2 2 2 2 2 2 2 2 2 2 2 2 2 2 2 2 2 2 2 2 2 2 2 2
left_child=1 2 -1 4 12 9 7 -7 -8 10 -6 -11 13 17 -15 18 -17 -2 -14 20 21 22 -5 -23 26 -26 -22 28 -21 -29
right_child=3 -3 -4 19 5 6 8 -9 -10 11 -12 -13 15 14 -16 16 -18 -19 -20 27 24 23 -24 -25 25 -27 -28 29 -30 -31
leaf_value=-0.050005833379112644 -0.066180339176213437 -0.050690550202270902 -196.86006639687855 0.808807435363736 -245.76993703531363 -114.15038382658288 -3.2345799434733822 -1142.5373862025033 -194.6996185841538 -21.738295248628262 -0.050012923565310202 -0.44027981783690029 0.056344205440287842 -0.050990929897016347 -43.943703887300899 12.231401724542252 -0.05054130981052464 0.28541662092306519 -0.04154553953467479 0.048708956455664781 -0.061431363300480185 -0.050802783282584932 0.033754431227113933 0.00073509894893791664 -0.05646531428384758 0.075389161376768932 -0.16531960499765858 -0.12319156977272519 -0.060033304842087368 -0.06439527157298891
leaf_weight=0.0017009548803482567 7.7496685360866291 0.075771609387825123 0.0010162082034412957 0.058186927934762767 0.0010173638929101415 0.0035056850717168951 0.062806886484584185 0.001006575666071716 0.0010274872482815686 0.0092215865920995954 0.0029278483481156993 1.0216312098910907 2.9731336731144835 0.020544939961851354 0.0011391168032287629 0.0040711492998379241 0.022125197395914623 0.24180704716219192 3.8214072557221948 0.094549517305059783 4.0103951778292206 5.4143405966580955 5.5125976503567342 17.311101203918426 0.42925349839206389 0.46830408175076216 0.21097513465065265 0.48703815603235795 4.1127291055511925 0.31281423070248743
leaf_count=70 28760 663 54 554 93 1645 2562 618 159 328 85 3123 7996 532 54 23 101 146 3876 102 23310 15587 11179 73763 3942 180 2 69 17276 1756
internal_value=-0.0756313 -2.5988 -73.6562 -0.0719881 -0.206526 -2.58704 -28.5812 -343.559 -6.31643 -0.870169 -63.4146 -0.630803 -0.0294953 -0.061769 -2.35678 0.00842051 1.85818 -0.0555417 0.00128874 -0.0161837 -0.00895931 -0.001032 0.0418499 -0.0115438 -0.0527797 0.0123303 -0.0666235 -0.0643958 -0.0575896 -0.100197
internal_weight=54.4378 0.0784888 0.00271716 54.3593 15.937 1.10314 0.0683466 0.00451226 0.0638344 1.0348 0.00394521 1.03085 14.8339 8.01316 0.0216841 6.82074 0.0261963 7.99148 6.79454 38.4223 33.4152 28.2962 5.57078 22.7254 5.11893 0.897558 4.22137 5.00713 4.20728 0.799852
internal_count=198608 787 124 197821 50101 8613 4984 2263 2721 3629 178 3451 41488 29492 586 11996 124 28906 11872 147720 128517 101083 11733 89350 27434 4122 23312 19203 17378 1825
is_linear=0
shrinkage=0.05


Tree=134
num_leaves=26
num_cat=0
split_feature=0 16 14 12 0 3 23 24 23 10 7 23 12 7 29 16 18 0 20 28 26 11 26 5 6
split_gain=118.786 879.832 40.6423 40.0987 941.532 34.295 655.893 105.118 25.3522 24.8847 48.9335 26.1818 17.3336 24.5426 16.8526 7.46492 4.15092 1.21672 0.201878 1.77464e-08 3.07559e-09 9.55711e-14 2.60408e-14 2.34027e-14 5.61747e-15
threshold=1.2564253133024075 0.71039386245514313 2.2949331403264845 2.8549574796354951 -0.86206119836778206 -1.9120558708266924 -2.2688743808319662 -0.68484026547610821 -2.0988154530576417 -0.10389718775723708 -0.32846095744337706 0.069323166568474634 -0.11755492244436554 0.29933940355806682 -1.6504679449917286 -1.8632890144386625 1.1414191551451836 -3.7491926059677207 4.9862423002005123 2.1552142400687413 -1.105809028910739 -0.49196577687206927 0.011138229095448983 -0.44339981410034385 -0.78036060673346352
decision_type=2 2 2 2 2 2 2 2 2 2 2 2 2 2 2 2 2 2 2 2 2 2 2 2 2
left_child=2 21 3 5 -5 6 -1 -8 17 10 11 -10 15 -14 -11 -7 -12 -4 -16 20 -6 22 23 -2 -23
right_child=1 -3 8 4 19 12 7 -9 9 14 16 -13 13 -15 18 -17 -18 -19 -20 -21 -22 24 -24 -25 -26
leaf_value=-34.066513241920624 -0.050000945621021468 -49.967918435975974 -0.91381926442883188 -49.095936115771757 -0.05007218444528562 0.086755387939486159 -5.7209240461875854 -0.051005357393207454 -0.52713457717177592 0.7854852846929633 -0.3090051660990813 -1.7676267485903114 -0.037280300597009576 -0.17205430466825877 -0.064399516186474826 -0.0066594514329801208 -0.12671288587172347 -0.64658838412503394 -0.11441569477891821 -0.050144215320947483 -0.050006124140488606 -0.05000069169711259 -0.050000808432202615 -0.050001194768524028 -0.050000538145887063
leaf_weight=0.0014698744007999717 0.0018819766191083024 0.0010016443495679539 0.10344177486292577 0.0010194525033148929 0.0019364237222134718 2.3932262229963497 0.0088171670278550107 0.11216426057126762 0.087787851980511186 0.059603345416981646 0.67808624927020167 0.08251702023367026 25.854409707757242 3.8855685322367171 1.1206908916160312 20.102276166806366 0.57887611839765307 0.072413065754033001 0.24604025837606958 0.0028816762928727249 0.019552440786347134 0.0012932773391867158 0.0012675773732553353 0.0018881522899007941 0.0011043161637019679
leaf_count=202 172 89 7 81 17 278 652 3804 18 18 105 30 82880 20916 432 87557 95 70 5 3 662 139 125 96 155
internal_value=-0.0439621 -5.97632 -0.0430589 -0.0327612 -2.01931 -0.0317979 -0.867584 -0.464231 -0.22112 -0.185213 -0.332817 -1.12818 -0.0298386 -0.0548887 -0.0375124 0.00327866 -0.225053 -0.80378 -0.0734035 -0.0500277 -0.0500121 -0.0500009 -0.050001 -0.0500011 -0.0500006
internal_weight=55.4212 0.00843694 55.4128 52.3833 0.02539 52.3579 0.122451 0.120981 3.02946 2.8536 1.42727 0.170305 52.2355 29.74 1.42633 22.4955 1.25696 0.175855 1.36673 0.0243705 0.0214889 0.0074353 0.00503771 0.00377013 0.00239759
internal_count=198608 776 197832 197052 763 196289 4658 4456 780 703 248 48 191631 103796 455 87835 200 77 437 682 679 687 393 268 294
is_linear=0
shrinkage=0.05


Tree=135
num_leaves=31
num_cat=0
split_feature=24 3 24 14 6 27 24 19 14 17 12 24 29 3 8 2 20 26 13 18 24 27 3 0 2 6 9 7 13 23
split_gain=30.9198 135.768 80.1067 4506.49 17925 1459.51 7241.64 395.422 26.823 13.2702 7.13617 14.3639 6.98256 6.46548 5.10186 4.52447 4.90951 11.3271 4.32244 4.31147 11.699 3.20638 2.53408 1.7395 1.33655 0.595172 0.464706 0.29322 0.151279 0.070423
threshold=-0.57268463101459133 -1.9120558708266924 -0.73065825241800841 -1.9594473601014228 -1.0845974503804179 0.89264539684122135 -0.65109381067232797 -1.5042300163445546 2.2949331403264845 -1.1968474485290976 -0.15426533069866288 -0.7813896082451891 -1.6504679449917286 0.087026933308677154 1.0280955108409571 0.65705998829307222 -0.43397538499495714 -3.5480525807114893 -0.18028526187979885 3.283747335452579 -0.44909849924496897 0.10942599674059257 0.095986923215560085 -0.079767432420408665 1.1353930664745528 3.3868888178297554 -2.5366060588563664 0.59757269103509481 -1.9852138913204886 1.3607993922773756
decision_type=2 2 2 2 2 2 2 2 2 2 2 2 2 2 2 2 2 2 2 2 2 2 2 2 2 2 2 2 2 2
left_child=1 -1 8 4 -4 7 -7 -5 10 12 22 -12 -10 -11 15 16 17 -2 -19 21 -21 -18 -3 25 -25 -17 -16 29 -29 -28
right_child=14 2 3 5 -6 6 -8 -9 9 13 11 -13 -14 -15 26 23 19 18 -20 20 -22 -23 -24 24 -26 -27 27 28 -30 -31
leaf_value=-3.6195959693551361 0.68715445041652146 -0.062087207158353031 -225.00815012020209 19.464817132845063 -0.050004572342131938 -145.40122210533423 -0.050035078207988776 -0.19763754039918949 0.38552464842961787 -0.12163919540213855 -0.04115940061244748 -0.31870254109114571 -0.061588457320501423 -0.2970156178234814 0.046056398653638142 -0.060710525911912096 0.013006365552981521 0.062721729734422402 -0.037959571707391004 -0.7354160620263972 -0.05708667529098576 -0.02554726690037611 0.035080262815762937 -0.055790209259832871 0.067925260157232367 -0.14417114004565407 -0.056227332279574431 -0.10942597178982159 -0.063970369771454247 -0.074567150464919463
leaf_weight=0.027258276534154358 0.067498789942064152 0.8047865489865601 0.0011113177776889199 0.0025621494049593565 0.0043582109953431633 0.0010319830183499346 0.0050514359462838889 1.2643862982683434 0.11287362861915895 0.75843848391885971 8.5429782972565729 0.49308441634206346 0.38572788793284418 1.7113349906789361 0.096059904821584996 3.7432996568694388 10.958515164370475 3.9287962793329614 1.4630050404194053 0.073409936989398128 0.47389293476239358 10.618572434597528 4.0361284720299224 0.39747034210932081 0.48433685333041304 0.22653594637495178 3.148456266093123 0.50021200972749624 0.28866928291005867 0.62781174939222095
leaf_count=814 68 10342 68 88 246 149 136 10147 8 62 21371 1636 116 91 138 22762 62652 4075 7463 12 191 25586 7318 3922 176 2 16683 69 1735 482
internal_value=-0.0400294 -0.0935039 -0.0882007 -0.469766 -45.7578 -0.275188 -24.7072 -0.157874 -0.0592412 -0.195659 -0.0300606 -0.0563045 0.0396292 -0.24316 -0.0138647 -0.00683547 0.000996352 0.0434612 0.035403 -0.00948206 -0.148071 -0.00596675 0.0189265 -0.0513628 0.0121611 -0.0654731 -0.0627781 -0.0650682 -0.0927928 -0.0592764
internal_weight=55.2477 18.1511 18.1239 1.2785 0.00546953 1.27303 0.00608342 1.26695 16.8454 2.96837 13.877 9.03606 0.498602 2.46977 37.0965 32.4353 27.5837 5.4593 5.3918 22.1244 0.547303 21.5771 4.84092 4.85164 0.881807 3.96984 4.66121 4.56515 0.788881 3.77627
internal_count=198608 52592 51778 10834 314 10520 285 10235 40944 277 40667 23007 124 153 146016 126909 100047 11606 11538 88441 203 88238 17660 26862 4098 22764 19107 18969 1804 17165
is_linear=0
shrinkage=0.05


Tree=136
num_leaves=31
num_cat=0
split_feature=19 17 2 12 0 12 17 8 18 23 25 23 0 21 26 7 7 11 13 26 14 9 9 12 12 13 18 15 12 29
split_gain=112.209 326.906 2530.48 6314.78 1714.05 2024.84 205.534 140.624 108.884 251.077 72.5326 476.49 575.903 90.9466 337.439 40.9337 34.4659 29.742 19.1529 954.114 19.4026 18.1733 11.9747 8.81462 37.785 1027.95 15.1062 5.40274 6.6594 3.76461
threshold=-1.5042300163445546 0.68081648832193709 0.28890295247665626 -0.1974577503971203 -1.4722043248936549 1.2752621946569491 0.86397465881715296 1.2475699161260023 -2.6650283301383602 -1.4166687716625745 1.9864348558497971 -0.39367087394112005 -2.0842511019751941 -2.9318825508925195 -1.8290935402223878 0.70645604802600881 0.61217533436679294 -0.56909239189954042 2.6788316329037967 -1.6476001148789534 2.2949331403264845 -1.7452818846413893 1.158394414671742 -0.11755492244436554 -0.025610242485148805 1.5038535464645848 3.283747335452579 -3.2656479115144936 -0.29081753583606357 -0.16632537740275416
decision_type=2 2 2 2 2 2 2 2 2 2 2 2 2 2 2 2 2 2 2 2 2 2 2 2 2 2 2 2 2 2
left_child=1 8 6 -4 16 -6 7 -3 9 -1 13 -12 -13 14 -10 -8 -5 -15 20 -20 23 -22 -23 27 25 -25 -26 28 -2 -29
right_child=18 2 3 4 5 -7 15 -9 10 -11 11 12 -14 17 -16 -17 -18 -19 19 -21 21 22 -24 24 26 -27 -28 29 -30 -31
leaf_value=-0.050296523119947513 0.06773890192941448 -0.050056037048388596 -103.35794869918219 -0.050140483261654933 -73.513114834075537 -12.386747051832614 -0.018367009873093001 -9.3494757423284991 -20.647594912827728 -18.280507815093198 -0.055461962945402191 -26.4749673258938 -4.1213416043831232 0.0063866879667557417 -1.3467647677179753 -2.2884576022877456 -4.2985942306058957 -0.22571515782778931 -48.674964459059083 -0.052101870740098456 0.60463959951532986 -0.15476665049880989 -0.61750346715374294 -0.22681803606824752 -0.023358754704374991 -26.174954423033427 -0.346200116485472 -0.031326403101277711 0.48009518600706058 0.013706934281105067
leaf_weight=0.0060691123055792552 1.0896388270381216 0.0065764647395095644 0.0019353486947384221 0.0081633782283743704 0.0020403859278888435 0.0040319954731558028 0.27715425182437159 0.010646168590014497 0.0024164384632641136 0.0027420087064971175 0.090913381407129276 0.0037808569232256331 0.012110725904102046 2.5421619444907546 0.036029055997909398 0.021390585354944647 0.011497322352601563 3.0197940487412152 0.0010282791880111613 0.053604499911224311 0.075862738357465154 2.5658209641084344 0.14786701693832549 1.3316861745355957 24.386936760007547 0.0038277602458346429 0.3678043637748577 7.8445080827038476 0.10757706515890619 11.363286975073493
leaf_count=24 204 99 69 69 48 17 376 27 16 32 30 77 27 369 219 68 7 1570 114 566 20 605 41 8286 96528 161 443 38063 52 50381
internal_value=-0.0565377 -0.259592 -1.75786 -16.2569 -9.70619 -32.9259 -0.487407 -5.79849 -0.169572 -5.72351 -0.160998 -1.45174 -9.43962 -0.136382 -2.55989 -0.181018 -2.53458 -0.11963 -0.0316002 -0.967264 -0.030563 -0.158643 -0.179981 -0.0228787 -0.0421316 -0.301189 -0.0281555 0.00173848 0.104792 -0.00468479
internal_weight=55.3989 6.05945 0.343436 0.0276684 0.0257331 0.00607238 0.315767 0.0172226 5.71602 0.00881112 5.70721 0.106805 0.0158916 5.6004 0.0384455 0.298545 0.0196607 5.56196 49.3394 0.0546328 49.2848 2.78955 2.71369 46.4953 26.0903 1.33551 24.7547 20.405 1.19722 19.2078
internal_count=198608 3144 780 210 141 65 570 126 2364 56 2308 134 104 2174 235 444 76 1939 195464 680 194784 666 646 194118 105418 8447 96971 88700 256 88444
is_linear=0
shrinkage=0.05


Tree=137
num_leaves=31
num_cat=0
split_feature=24 24 23 3 26 3 2 14 8 12 24 13 1 5 8 18 24 2 14 2 12 16 3 3 11 0 27 11 9 9
split_gain=30.4329 73.3878 731.253 2906.65 279.269 186.566 121.165 16.933 9.40472 6.50285 13.488 982.777 6.2885 5.23342 4.86282 4.10284 21.2346 4.50678 4.36935 105.562 4.3498 3.33847 8.60659 2.34205 2.05972 1.61606 1.37085 1.2039 0.444713 0.432577
threshold=-0.57268463101459133 -0.73065825241800841 1.4935121849647988 -0.78836926530060658 -3.5480525807114893 2.99472349397 -1.8994895531147826 2.2949331403264845 -0.45531858532419028 -0.15426533069866288 -0.7813896082451891 -1.3184134148895861 1.6755888545349109 -0.76166725574042837 1.0280955108409571 3.283747335452579 -0.31596593837630943 0.65705998829307222 -1.6199565997715459 -2.9865825183719816 1.5664871097304682 -0.013886024536531582 0.59171743425844647 0.095986923215560085 0.2496994531646097 -0.079767432420408665 0.56988061267868184 0.91211365650487697 -2.5366060588563664 -2.0607210003385319
decision_type=2 2 2 2 2 2 2 2 2 2 2 2 2 2 2 2 2 2 2 2 2 2 2 2 2 2 2 2 2 2
left_child=1 7 4 -4 -3 6 -6 9 13 23 12 -12 -11 -9 15 17 -17 18 19 -2 -20 26 -23 -1 -25 -19 -10 -27 -16 -18
right_child=14 2 3 -5 5 -7 -8 8 21 10 11 -13 -14 -15 28 16 29 25 20 -21 -22 22 -24 24 -26 27 -28 -29 -30 -31
leaf_value=-0.061139963424777226 5.3471592334206868 -5.2353349140962635 -91.63079338158991 -0.050094325264626621 5.6259840048459191 -9.7496739151496072 -0.24889164798500873 0.40716324470745768 -0.12480938254065266 -0.051370919093482938 -49.611438404433699 -0.20825954770502203 0.11208668180550566 -0.059162378179934416 0.045556901432467323 -1.196218919070426 0.052326057139053916 -0.063028821542623653 0.0039323390376741901 0.048978832001237246 -0.086795188239202958 -0.61157490427127836 -0.14284471324983922 0.048460943816312427 -0.055715773453655804 -0.05482375117686044 -0.19647712711571985 0.066087406441459828 -0.063982223214426176 -0.070238356573671223
leaf_weight=0.76595131496248914 0.0094398714714188925 0.028397624580917991 0.0010909149489896014 0.0042101395991889275 0.0088088545536247898 0.0051548506756623471 2.3891210902587536 0.10772081464529037 1.5834777270715537 7.6026014146227494 0.0010088489218896815 0.46513075793388747 0.63776560837709872 0.13628457510545278 0.094705875221331115 0.043668211817580516 0.084641769528389088 3.7146029864388357 22.927868284961335 2.3069536745721373 1.401860953779656 0.14940171924755336 0.28426965664592369 3.4770801315548905 0.54944213717320778 0.36268875504544584 1.1531583349584438 0.47614710971030594 4.2844222163431924 0.48164313282096394
leaf_count=10574 22 84 122 230 328 41 10182 2 30 21518 109 1546 254 67 138 41 25 22705 93138 3494 3154 112 59 4454 2864 3145 16 946 18969 239
internal_value=-0.0392793 -0.0898954 -0.34643 -18.8967 -0.305987 -0.247737 -0.22731 -0.0529352 -0.152412 -0.0277744 -0.0535216 -0.315181 -0.0387201 0.146706 -0.0122149 -0.00541434 -0.133842 -0.00290356 0.00495208 0.0705702 -0.00129531 -0.175434 -0.304324 0.0190006 0.0342454 -0.0488738 -0.155009 0.0138089 -0.0616133 -0.0519188
internal_weight=55.5387 19.3501 2.43678 0.00530105 2.43148 2.40308 2.39793 16.9133 3.41431 13.499 8.70651 0.46614 8.24037 0.244005 36.1886 31.8095 0.609953 31.1996 26.6461 2.31639 24.3297 3.17031 0.433671 4.79247 4.02652 4.55344 2.73664 0.838836 4.37913 0.566285
internal_count=198608 52592 10987 352 10635 10551 10510 41605 286 41319 23427 1655 21772 69 146016 126909 305 126604 99808 3516 96292 217 171 17892 7318 26796 46 4091 19107 264
is_linear=0
shrinkage=0.05


Tree=138
num_leaves=31
num_cat=0
split_feature=24 24 0 3 6 4 6 23 14 15 17 11 12 26 20 8 28 18 0 2 20 1 27 1 0 18 16 21 9 6
split_gain=20.2834 24.9908 62.7101 52.9351 565.027 69.0617 45.6746 30.1286 14.4142 7.94934 5.40315 8.74115 68.2336 7.21317 4.80998 4.63395 4.19028 4.1741 20.5697 4.24387 4.16023 6.34495 2.89567 2.21273 1.53082 1.51956 1.29583 1.13182 0.419738 0.251372
threshold=-0.57268463101459133 -0.73065825241800841 -3.1695975922004798 1.6267358905570739 -0.72254321106198627 -2.527707117736457 2.4516057181716353 1.433804251001713 2.2949331403264845 -1.4395136935932427 -2.4908959895935157 -2.830976474373657 0.061859656299804715 1.333846404340761 -0.095681293424957167 1.0280955108409571 -1.4312837180701072 3.283747335452579 -1.4091796495764217 0.65705998829307222 -0.43397538499495714 3.2982404163652039 0.10942599674059257 0.60059392595776651 -0.079767432420408665 1.0382669132915685 -0.46503461047665223 1.3703642847291362 -2.5366060588563664 3.3868888178297554
decision_type=2 2 2 2 2 2 2 2 2 2 2 2 2 2 2 2 2 2 2 2 2 2 2 2 2 2 2 2 2 2
left_child=1 8 -3 6 -5 -6 7 -4 10 16 13 12 -12 26 -13 17 -10 19 -19 20 21 -2 -22 25 29 -11 -1 -26 -17 -21
right_child=15 2 3 4 5 -7 -8 -9 9 23 11 14 -14 -15 -16 28 -18 18 -20 24 22 -23 -24 -25 27 -27 -28 -29 -30 -31
leaf_value=0.068617605048797922 0.032238948668364915 2.7880011337379047 -0.13302171540203842 -29.924773365970822 -4.6842903958259816 -0.52912866397301772 -2.5393879956513867 -1.8051895669115521 0.33267040274852588 -0.17216516455545777 -1.9260848452651531 -0.062257196236153362 -0.057356502749009532 0.42200145094170899 0.0037314420894808287 0.044645158898991927 -0.060454158000855199 -1.2634751863428637 -0.058679837717638399 -0.05884674443286636 0.012825490731039977 0.29211399691174533 -0.024064201047575944 -0.259267696167714 -0.054488164278479835 -0.099026381079850803 -0.060061254184436141 0.064585098325528195 -0.063410322284066942 -0.1110811937803959
leaf_weight=0.73440105035022063 5.1010062244730099 0.017612974489045974 3.5943858627612459 0.0016734519220711333 0.010560041293501854 0.18857178305423739 0.02003652065081718 0.027140995263592038 0.12770915060862226 1.6582713371942204 0.053289076999877727 4.6576722489555715 0.58612285145502263 0.13633376015772136 6.7832064864241906 0.091880511006542487 0.14445394570462561 0.038008212481146497 0.52180205909124788 3.3164908172083525 10.931982568037126 0.24621327711032126 10.361711342345314 0.45652719482420767 0.34954010126304491 1.2421192532227143 0.2666949647501714 0.46513097029057859 4.1112968952035338 0.24751530639082364
leaf_count=33 11547 58 10005 54 3 437 55 375 5 63 146 17534 386 53 22538 138 111 48 257 22703 62652 23 25586 28 3727 79 629 364 18969 2
internal_value=-0.03452 -0.0739055 -0.18866 -0.202305 -0.992617 -0.749479 -0.158725 -0.145554 -0.0476127 -0.135877 -0.0233786 -0.0331879 -0.213098 0.0808031 -0.0231331 -0.0117283 0.124015 -0.00516383 -0.140479 -0.0027218 0.00477593 0.0442049 -0.00512538 -0.156948 -0.0483398 -0.140843 0.0343372 0.0134959 -0.0610483 -0.0624744
internal_weight=56.4894 20.7068 3.85998 3.84237 0.200805 0.199132 3.64156 3.62153 16.8468 3.62908 13.2177 12.0803 0.639412 1.13743 11.4409 35.7826 0.272163 31.5794 0.55981 31.0196 26.6409 5.34722 21.2937 3.35692 4.37868 2.90039 1.0011 0.814671 4.20318 3.56401
internal_count=198608 52592 10987 10929 494 440 10435 10380 41605 286 41319 40604 532 715 40072 146016 116 126909 305 126604 99808 11570 88238 170 26796 142 662 4091 19107 22705
is_linear=0
shrinkage=0.05


Tree=139
num_leaves=31
num_cat=0
split_feature=24 17 27 24 6 24 14 5 11 12 7 20 8 17 26 19 24 5 23 25 27 10 8 6 5 24 26 29 27 6
split_gain=15.8697 18.8761 20.3975 17.4746 52.9673 28.8354 13.5362 10.4056 8.99286 218.936 8.11372 4.74368 4.42609 3.82823 6.26317 8.5763 3.27528 4.88138 3.19786 2.95172 2.87522 2.05175 1.82509 1.3937 3.67103 1.14265 1.11772 0.839695 0.719139 0.677799
threshold=-0.57268463101459133 -1.8709464106285905 1.1416433730034914 -0.73065825241800841 3.3868888178297554 -0.71929384237378347 2.2949331403264845 -2.3827505000994074 -2.830976474373657 0.061859656299804715 1.0341503001629344 -0.095681293424957167 1.0280955108409571 -0.88426701524694951 -2.8357165975312602 -0.17008221646865754 1.8024557136668176 -1.5596358989794232 0.74604536419597478 1.1111158834326986 0.026510787013609798 2.3163243082536376 1.0090478347646816 -0.37790043607314477 0.90603772950175465 2.7660138904421969 0.19974360434206204 0.82310300098989575 1.5329297644804012 -0.9405436320012821
decision_type=2 2 2 2 2 2 2 2 2 2 2 2 2 2 2 2 2 2 2 2 2 2 2 2 2 2 2 2 2 2
left_child=1 2 10 6 5 -5 8 -7 9 -3 21 -10 13 14 15 29 17 -16 19 20 -15 -1 -21 24 -8 -18 -20 -28 -25 -2
right_child=12 3 -4 4 -6 7 23 -9 11 -11 -12 -13 -14 18 16 -17 25 -19 26 22 -22 -23 -24 28 -26 -27 27 -29 -30 -31
leaf_value=-0.053024983529649877 0.069647856037593811 -5.7509200693949305 0.51454577789990685 -1.0462810425154057 -3.0261055975094742 -0.80922208196655765 -0.13460094949212684 -0.13418068546405995 -0.065530263372962111 -0.055209624890685143 0.33148102437534344 0.0035490444531221725 -0.060501102896639583 0.050477847129168578 -0.16790280463761698 0.52749330022557939 0.071846803765076753 -0.043485210982600775 -0.060108140359104528 -0.046694190876532232 0.0065329924167269685 0.046602181720213083 0.093845730726548074 -0.12348719888960424 -0.49164877968547932 -0.067023732014189333 -0.05158617718122635 0.060073088440290905 -0.18427248315150321 -0.059753828959189327
leaf_weight=1.2097784460232819 0.33542744070291575 0.017378496892655138 0.22686786766816869 0.090771445599936551 0.016250865450879615 0.057975145619680979 0.23841739374506465 3.7320224298585898 3.9195630341589887 0.57867185125624554 0.18900068197498487 6.7909985631655747 4.0334772121281892 5.2343078588992755 0.93579318873578099 0.10600685135762228 0.67169497733516959 5.0035293577130693 2.3150012661697854 2.7011386085980473 12.884264864489893 0.9021608427234723 0.25261024812916488 2.3965460568642381 0.10313111198596159 0.19003328988823753 0.29354444617612113 0.39485727866526771 0.61054355816474304 0.14491514282090673
leaf_count=1911 19 143 83 763 28 21 40 9886 17212 377 126 21777 19107 27411 192 22 318 20208 18679 11165 44046 64 91 123 25 89 3313 1288 13 68
internal_value=-0.0315966 -0.0659597 0.0622192 -0.0834245 -0.177528 -0.165599 -0.0584012 -0.144507 -0.0322501 -0.221274 0.0176208 -0.0217307 -0.0111896 -0.00486804 -0.0363536 0.120441 -0.0498716 -0.0630883 0.00479302 0.0116726 0.0192283 -0.0104671 -0.0346749 -0.1467 -0.242412 0.0412223 -0.043475 0.01246 -0.135829 0.0306085
internal_weight=56.5767 21.0801 2.52781 18.5523 3.89702 3.88077 14.6553 3.79 11.3066 0.59605 2.30094 10.7106 35.4966 31.4631 7.3874 0.586349 6.80105 5.93932 24.0757 21.0723 18.1186 2.11194 2.95375 3.34864 0.341549 0.861728 3.0034 0.688402 3.00709 0.480343
internal_count=198608 52592 2184 50408 10698 10670 39710 9907 39509 520 2101 38989 146016 126909 20916 109 20807 20400 105993 82713 71457 1975 11256 201 65 407 23280 4601 136 87
is_linear=0
shrinkage=0.05


Tree=140
num_leaves=31
num_cat=0
split_feature=24 17 27 24 13 26 14 28 3 7 18 26 3 20 8 17 26 8 18 17 2 21 13 22 20 10 0 6 18 11
split_gain=12.6863 16.1708 23.7071 13.8729 56.8407 904.091 12.8255 11.7546 614.385 8.89959 8.78415 208.111 8.6875 4.70396 4.18996 3.57915 6.0909 8.6028 3.08042 3.69855 2.98441 2.71216 2.06396 3.09021 2.18874 1.90936 1.68512 1.16746 2.84875 0.750355
threshold=-0.57268463101459133 -1.8709464106285905 1.1416433730034914 -0.7813896082451891 1.962255015837733 -0.27303963371950951 2.2949331403264845 -0.46998562310250153 -0.97834845871063825 1.0341503001629344 3.283747335452579 0.46585548140784466 3.2991048220167891 -0.095681293424957167 1.0280955108409571 -0.88426701524694951 -2.8357165975312602 -1.7739039970367363 3.283747335452579 -1.4242100324221989 0.65705998829307222 0.22212841570601494 -0.013051465048227405 0.015489055322481982 -0.43397538499495714 2.3163243082536376 -0.079767432420408665 -0.37790043607314477 2.0262562528570487 0.91211365650487697
decision_type=2 2 2 2 2 2 2 2 2 2 2 2 2 2 2 2 2 2 2 2 2 2 2 2 2 2 2 2 2 2
left_child=1 2 9 6 7 -6 10 8 -5 25 13 -12 -9 -3 15 16 17 -2 19 -18 22 -20 24 -24 -17 -1 -22 28 -8 -28
right_child=14 3 -4 4 5 -7 27 12 -10 -11 11 -13 -14 -15 -16 20 18 -19 21 -21 26 -23 23 -25 -26 -27 29 -29 -30 -31
leaf_value=-0.05228781012329297 0.53145354883757034 -0.062436297761006225 0.61026787043600617 -15.882721879897282 -48.275396717633072 -0.050340553435578063 -0.12594515356246458 -0.099913007199121107 -0.17820935619413436 0.37993473722618809 -10.830125562969982 0.038583428027709421 -0.66196691713518951 0.0067414845984942965 -0.059778838504476565 0.054282769477767223 -0.028708586253946164 0.027109498989721949 -0.030508317418206716 -0.16898899786664826 -0.063606756436867307 -0.29529879635863471 -0.05656875461109595 0.023280407495582616 0.0099154864362911571 0.045034062778440076 -0.0522440574079477 -0.1267473934615875 -0.43106813563445084 0.063495809733585457
leaf_weight=1.1665929486072251 0.10533910989761347 3.8850791766943011 0.18261604472547599 0.006295090231862587 0.001036798625165679 0.015518270508066112 0.23969948729098167 4.4431235698332214 0.58224523737634015 0.15733997986687231 0.0046381702586074233 0.087359011669237804 0.069831512888620995 6.6869728509672601 3.8819523561203289 3.5609723684088577 5.6794140399845237 0.4284795819593698 0.16682363132397043 0.5122496272578746 2.2437189132046096 0.23007880282177179 2.4781054896271679 2.3709774834532769 12.670986789223873 0.88728134269684966 0.20303409363734992 2.8169757951626786 0.11235302798721658 0.45131954219370041
leaf_count=1911 17 15836 83 575 86 161 51 7495 5436 126 228 119 12 20270 19107 4829 8912 92 19 11840 19237 36 29001 18823 30779 64 2578 128 11 746
internal_value=-0.0293348 -0.0597126 0.0627375 -0.07518 -0.14551 -3.07054 -0.0491587 -0.136018 -0.346187 0.017519 -0.0229135 -0.509378 -0.10861 -0.0186804 -0.0107999 -0.00468656 -0.035809 0.126632 -0.0489703 -0.0403143 0.00455756 -0.184004 0.0110978 -0.0175262 0.0196488 -0.0102444 -0.0430169 -0.137476 -0.223321 0.0275838
internal_weight=56.3284 21.345 2.39383 18.9511 5.11805 0.0165551 13.8331 5.1015 0.58854 2.21121 10.664 0.0919972 4.51296 10.5721 34.9835 31.1015 7.12238 0.533819 6.58857 6.19166 23.9791 0.396902 21.081 4.84908 16.232 2.05387 2.89807 3.16903 0.352053 0.654354
internal_count=198608 52592 2184 50408 13765 247 36643 13518 6011 2101 36453 347 7507 36106 146016 126909 20916 109 20807 20752 105993 55 83432 47824 35608 1975 22561 190 62 3324
is_linear=0
shrinkage=0.05


Tree=141
num_leaves=31
num_cat=0
split_feature=14 12 11 11 0 19 19 4 13 27 3 7 5 6 7 7 0 24 13 20 24 29 16 10 21 17 5 26 21 4
split_gain=11.3892 11.0259 9.81426 8.67546 20.3721 7.90383 30.7741 964.026 8.54251 6.91895 3.89594 9.93945 6.28799 3.74237 3.55379 2.98627 3.06381 2.5876 1.87148 1.04948 1.37603 0.683454 0.441405 0.426874 0.312756 0.220084 0.216595 0.159112 0.0659185 0.0353394
threshold=2.2949331403264845 -0.1361358599218235 -1.8431998949678123 -3.2946583790412771 -3.7491926059677207 -0.83720453227765679 -0.88548599728319111 -1.0972191809318732 -0.41900973936794345 2.9996133201763011 1.7499371652409101 -3.9584527856389777 -1.7891778384094923 1.1238098533298482 0.19385945150129996 -2.833118398091794 -0.16991786729434438 -0.60491492100913324 -2.8694824988781913 0.49822098361987494 -2.1450798058914096 1.482721919918329 -0.95185064463044078 0.73714287886475749 0.24114972955005839 0.65561155604146137 1.1046117977167829 -1.1852659040292879 1.3489057969719414 -1.1481923057763257
decision_type=2 2 2 2 2 2 2 2 2 2 2 2 2 2 2 2 2 2 2 2 2 2 2 2 2 2 2 2 2 2
left_child=1 3 -2 4 -1 6 8 -8 13 10 12 -12 -7 -3 15 -5 -17 -10 21 26 -21 -6 -22 27 -25 -24 28 -16 -4 -30
right_child=2 5 19 14 18 9 7 -9 17 -11 11 -13 -14 -15 23 16 -18 -19 -20 20 22 -23 25 24 -26 -27 -28 -29 29 -31
leaf_value=0.61247739609628016 0.3305625269722442 0.015649048522955126 -0.076199451007048669 -0.058573320306571447 0.056893257743608761 -0.3596987831172927 -49.92787548862551 -0.051088882484324111 -0.1865400269228687 -0.28896886579116315 0.42750133395712581 -0.0038165330895247197 -0.035972963228099876 -0.090047973695099676 -0.086245241687162646 0.038445762550833082 -0.0070085808454700832 -0.067754852268503155 -0.059648799844345152 -0.22562503281726515 -0.15369087730713676 0.13297455028115102 -0.072086566722005141 -0.05266295685420698 0.018785308212044473 -0.11543733667917516 -0.063151466241809659 -0.055229425328131847 -0.12018297283007993 -0.098257625923025727
leaf_weight=0.18272203000378828 0.12837854027748008 1.8511721917209543 0.28149011790365419 1.5715904831622065 0.94957049603811972 0.15153354763805538 0.0010011678381294789 0.029961394007699538 1.7673491015821789 0.24873129897188206 0.1357177777063957 8.4387084361673601 14.842817465133574 1.5292950366857596 0.53698736160142102 6.8616924023139498 8.0641733515553895 0.6190637718593931 0.28776930912893206 0.35051305257983401 0.65886172727914583 0.42833812929893611 0.38405982350836398 0.294469648826023 0.31919065398398494 1.2317878093137653 0.71141205872895885 1.7981161608998171 0.24294942617416371 0.75466026324400659
leaf_count=30 6 967 364 1275 86 446 52 290 940 223 34 5451 98966 353 913 18856 36780 1553 148 17 4 6 103 3870 4092 41 121 22497 2 122
internal_value=-0.0265583 -0.0196536 -0.100654 0.00778734 0.111302 -0.0393847 -0.0917382 -1.66384 -0.0832975 -0.0266405 -0.023872 0.00301045 -0.0392446 -0.0321674 -0.0020519 0.00698479 0.0138876 -0.155726 0.0563237 -0.112648 -0.133408 0.080544 -0.119198 -0.0526095 -0.0154997 -0.105134 -0.0852673 -0.0623619 -0.0975678 -0.103597
internal_weight=55.6541 50.91 4.74411 21.2946 1.8484 29.6154 5.79784 0.0309626 5.76688 23.8175 23.5688 8.57443 14.9944 3.38047 19.4462 16.4975 14.9259 2.38641 1.66568 4.61573 2.62522 1.37791 2.27471 2.94876 0.61366 1.61585 1.99051 2.3351 1.2791 0.99761
internal_count=198608 197828 780 88553 270 109275 4155 342 3813 105120 104897 5485 99412 1320 88283 56911 55636 2493 240 774 165 92 148 31372 7962 144 609 23410 488 124
is_linear=0
shrinkage=0.05


Tree=142
num_leaves=31
num_cat=0
split_feature=9 24 27 18 20 24 24 14 26 24 17 20 29 1 23 27 4 24 26 4 1 12 21 20 16 21 25 21 4 16
split_gain=10.4331 29.5005 96.6385 14.3794 19.1644 11.1539 9.88412 9.73417 7.37097 6.59654 5.1498 4.65355 4.30719 37.1959 4.18549 3.94251 3.50045 3.93186 3.05831 2.84286 2.13358 2.05054 0.894801 0.780532 0.649008 0.509198 0.496278 0.181664 0.139449 0.101763
threshold=-1.5428703711567033 -1.8470163421329315 -0.17103458190489787 3.283747335452579 1.5392865517989789 -0.57268463101459133 -0.73065825241800841 2.0868813101831925 -3.5480525807114893 -0.71929384237378347 -0.86959874989246522 -0.095681293424957167 0.49329354152567906 -2.1457103108637989 0.74604536419597478 0.54447907498199288 -0.66246411411239803 0.92422175829827402 0.55934357041140281 0.019373577796333058 -1.0265325544042938 1.3502147854662014 -0.67012645249218805 0.49822098361987494 -1.8632890144386625 -0.6816467481305043 -0.39575433866473042 1.3489057969719414 -1.8131300438840319 3.5580040536293769
decision_type=2 2 2 2 2 2 2 2 2 2 2 2 2 2 2 2 2 2 2 2 2 2 2 2 2 2 2 2 2 2
left_child=1 2 -1 8 -5 6 7 11 -3 -8 -7 20 21 -14 16 -13 29 -18 24 -20 -2 -10 25 27 -11 -16 -25 -9 -24 -12
right_child=5 3 -4 4 -6 10 9 23 12 18 14 15 13 -15 22 -17 17 -19 19 -21 -22 -23 28 26 -26 -27 -28 -29 -30 -31
leaf_value=0.045141455152366214 0.023741500981662073 0.30154958444623337 2.0776868943909812 0.057420594478593351 -0.86600820767233133 -0.058317003566575876 -0.40660462278750054 -0.067177490571032103 0.0012379444608144625 -0.16959829135576357 -0.055061075052075227 0.049237474635158381 2.0228917011916594 0.047959646071864065 -0.050085975685858479 -0.029451462178571322 0.030478004971257574 -0.022872813972894573 -0.10988087970135368 -0.25430726523113911 -0.075133781986759324 -0.07260744944913354 -0.086512417967117436 -0.15671436650217119 -0.077276136082999339 0.070806486724159637 -0.11051663505485934 -0.10044495952392121 -0.057297403387217963 -0.08964419260694971
leaf_weight=0.27859148250477472 0.64312533801185567 0.21994797968538904 0.074017667201154769 0.11621160767367111 0.10877805710355748 5.2088143623639054 0.20928780030476168 0.90245745836080016 5.4570047467711058 0.20789882545124738 1.5275307897985677 2.9946538280271886 0.024114915154070604 2.1014474217587416 0.14733606393175105 3.3979410797220577 11.239896187439703 4.9851746181676182 0.71900979937624865 0.64761562901876968 3.5978597701801163 1.1357192797900983 0.48376940030198579 0.88231757756160956 2.2566289380377214 0.21305631289425439 1.7041289634546744 0.75257431793205998 2.6235920738282581 0.24713202731155748
leaf_count=55 929 86 156 30 28 22955 772 314 2572 8 16926 17074 99 1168 7194 5632 58656 17350 776 1408 16675 522 246 29 7861 116 81 82 18601 207
internal_value=-0.0246041 0.0230161 0.471802 0.00574643 -0.389039 -0.0345433 -0.0639127 -0.0450755 0.0156838 -0.133262 -0.0137182 -0.0195303 0.00847189 0.0703656 -0.00289683 0.0074109 0.00679361 0.0140859 -0.11833 -0.178322 -0.0601398 -0.0114833 -0.053196 -0.109118 -0.0850641 0.0213831 -0.126276 -0.0823048 -0.0618457 -0.059877
internal_weight=55.1076 9.51583 0.352609 9.16322 0.22499 45.5918 18.9155 14.8751 8.93823 4.04044 26.6763 10.6336 8.71829 2.12556 21.4675 6.39259 17.9997 16.2251 3.83115 1.36663 4.24099 6.59272 3.46775 4.24148 2.46453 0.360392 2.58645 1.65503 3.10736 1.77466
internal_count=198608 4716 211 4505 58 193892 51641 40816 4447 10825 142251 40310 4361 1267 119296 22706 93139 76006 10053 2184 17604 3094 26157 506 7869 7310 110 396 18847 17133
is_linear=0
shrinkage=0.05


Tree=143
num_leaves=31
num_cat=0
split_feature=9 24 0 8 11 24 18 24 24 14 26 17 24 20 23 12 22 21 27 4 24 26 1 4 21 20 19 21 24 21
split_gain=9.55246 33.2271 111.828 1351.03 1862.24 9.97766 8.54392 23.95 8.50904 8.69336 7.68202 4.91637 4.62373 4.33996 3.9261 3.67991 6.11269 3.61328 3.54657 3.25663 3.53262 2.09933 2.02008 1.68852 0.842755 0.594076 0.518742 0.476027 0.421264 0.141092
threshold=-1.5428703711567033 -1.8470163421329315 -3.7491926059677207 -0.70176297650985398 0.59354310541243305 -0.57268463101459133 3.283747335452579 -0.46035531633231569 -0.73065825241800841 2.0868813101831925 -3.5480525807114893 -0.86959874989246522 -0.71929384237378347 -0.095681293424957167 0.74604536419597478 0.30628966594740492 -3.6248907980556369 1.2850565986088707 0.54447907498199288 -0.66246411411239803 1.0072639864559931 0.55934357041140281 -1.0265325544042938 0.019373577796333058 -0.67012645249218805 0.49822098361987494 -1.8279267169439317 -0.6816467481305043 -1.6179127520434562 1.3489057969719414
decision_type=2 2 2 2 2 2 2 2 2 2 2 2 2 2 2 2 2 2 2 2 2 2 2 2 2 2 2 2 2 2
left_child=1 2 -1 4 -4 8 10 -8 9 13 -3 -7 -10 22 19 16 -12 -17 -15 -13 -21 26 -2 -23 27 29 -14 -16 -27 -11
right_child=5 6 3 -5 -6 11 7 -9 12 25 15 14 21 18 24 17 -18 -19 -20 20 -22 23 -24 -25 -26 28 -28 -29 -30 -31
leaf_value=0.057022015823094477 0.0224553399377267 0.32518384536259082 56.045052931292311 -0.031580604155660455 -0.050070270396920774 -0.057944326883092284 -0.84279452085371875 0.057608172601995071 -0.33864005572967126 -0.066143437669418229 0.40699037549935224 -0.059335426846100908 -0.11220577656916982 0.046312109409384905 -0.050081825768796162 -0.059049231514627799 0.026686947318564466 0.056332049651872301 -0.028363910388199784 0.026779161342824584 -0.027029159405953653 -0.1044352481763664 -0.073822869099916075 -0.21223155492712281 -0.061208481630464162 -0.15346449861570621 -0.064474409499613888 0.069229809378228854 -0.1068928640543686 -0.095721570638726328
leaf_weight=0.2392868610214185 0.64589020286323728 0.19433983951711198 0.002674028563062438 0.053836701878384616 0.0033121203868518023 4.9858395469622208 0.11110442580404278 0.22027595496027697 0.2378059098412989 0.87152231890867771 0.10792255218020841 1.7030274743004898 0.92441198775081934 3.0238480167264781 0.14016171989217405 2.7759296583618136 5.0407893747981127 0.89804631219910325 3.3529857298656385 12.207825453418755 4.0662798574527725 0.71867054548145248 3.4816176964273873 0.7346149904033844 2.9856741296705587 0.64361611991106649 1.4814684358483616 0.207162756314233 1.9774025435658247 0.75026930198052921
leaf_count=45 929 86 19 120 27 22955 17 41 772 314 36 17133 34 17074 7194 1453 2614 258 5632 61180 14826 776 16675 1408 18847 38 7835 116 72 82
internal_value=-0.0234958 0.0216648 0.540419 2.47397 25.0078 -0.0331477 0.00506682 -0.244277 -0.0609167 -0.0432075 0.0142303 -0.013248 -0.124662 -0.0188096 -0.00279064 0.00738086 0.0346585 -0.0308461 0.00704691 0.00645027 0.0133345 -0.111476 -0.0587568 -0.158925 -0.0526332 -0.103612 -0.0828142 0.021082 -0.118329 -0.0798268
internal_weight=54.7876 9.64752 0.29911 0.0598229 0.00598615 45.1401 9.34841 0.33138 18.8441 14.7472 9.01703 26.296 4.09697 10.5043 21.3101 8.82269 5.14871 3.67398 6.37683 17.9771 16.2741 3.85917 4.12751 1.45329 3.333 4.24281 2.40588 0.347324 2.62102 1.62179
internal_count=198608 4716 211 166 46 193892 4505 58 51641 40816 4447 142251 10825 40310 119296 4361 2650 1711 22706 93139 76006 10053 17604 2184 26157 506 7869 7310 110 396
is_linear=0
shrinkage=0.05


Tree=144
num_leaves=31
num_cat=0
split_feature=24 9 11 14 8 24 11 0 8 15 14 5 13 5 2 12 5 24 22 14 15 10 18 20 20 1 14 25 26 12
split_gain=16.7848 138.934 912.922 3152.16 6436.29 19.3212 1796.79 8.51958 5.87191 8.96392 5.41616 594.547 4.46196 8.75315 324.751 3.69021 3.44526 3.22112 3.21652 3.18235 2.79493 2.28024 1.08174 1.49062 0.792963 0.459954 0.236992 0.167599 0.078212 0.0586711
threshold=-1.9307281212793288 -1.6320907716769968 -1.9524353633662095 0.069128252092463802 0.015602145678855681 -1.8470163421329315 -3.2946583790412771 -0.64295686110053796 0.062053174364039808 -3.2656479115144936 -1.7475136117440979 -0.63742914634252179 -0.32114645761992439 -0.92799799612346179 0.72567951945974674 0.0075726329000181383 -0.37435048976393909 -0.59432452564767424 -0.1768788004529753 0.90414351186420749 -0.51650226203100214 -1.1270188831573018 2.7786210890898873 2.3580492622531444 -0.050665203873633456 2.1379613037422156 2.2949331403264845 2.7651104191903042 1.5923106108458189 2.6520354781376123
decision_type=2 2 2 2 2 2 2 2 2 2 2 2 2 2 2 2 2 2 2 2 2 2 2 2 2 2 2 2 2 2
left_child=1 2 -1 4 -4 6 -2 8 10 -10 11 -7 19 14 -14 -12 20 -11 -15 21 27 -9 25 -24 -21 26 -18 28 -3 -22
right_child=5 16 3 -5 -6 7 -8 12 9 17 15 -13 13 18 -16 -17 22 -19 -20 24 29 -23 23 -25 -26 -27 -28 -29 -30 -31
leaf_value=0.056724985939799279 45.407468624777124 -0.050030242194693889 -88.581301781629975 -1.3794072160380462 -0.050049326233689906 29.983566475586741 -0.059005912494669771 -0.054080530138533915 -0.60492333935136799 -0.096678012979075897 0.011912622447140956 -0.055704723654541377 -0.05079876347919126 -0.060432489505621592 -16.674941185418305 -0.05024887517581187 -0.063268946993016148 -0.041163752174146445 -0.0047440000713674414 -0.062275171141911161 -0.053883772339881342 0.028206156989219845 -0.083380028977270704 -0.2828478507697828 -0.010005875490002439 0.054360452923731165 -0.093258580846789146 0.11276727716872166 0.065963751786172586 -0.086329394001298687
leaf_weight=0.23919030130241498 0.0021998551058786111 0.014973705270425797 0.003387812282874156 0.037651721344585276 0.0052104052178346709 0.0016658019600543075 0.17781113290625583 0.90251035874106911 0.078582438211909245 5.2222786247648445 4.1487296113409844 0.14753168919197843 0.12657695477494893 3.9002435481970741 0.0030075299055213047 5.6241061910671721 2.5080786212060744 5.2296754082619428 7.736018061289097 1.3909564572544082 0.32522676701408038 12.536579220752724 0.26274454937215219 0.14554440269049973 1.5169169228051573 0.074600977302678895 0.89343127845159864 0.24679543077945709 0.49327969090747342 0.24376532529191441
leaf_count=35 6 638 33 61 36 138 779 8186 84 2893 8794 722 6059 32232 521 7987 3655 12390 72462 4609 1449 30906 233 7 3560 11 68 2 43 9
internal_value=-0.0297649 -0.112616 -1.18668 -7.61719 -34.9325 -0.0204271 0.496625 -0.0223436 -0.046896 -0.0729012 -0.0192959 0.279686 -0.00448127 -0.0279607 -0.436629 -0.0238603 -0.0537534 -0.0689012 -0.0234097 0.0124182 0.0158993 0.0226801 -0.0774953 -0.154485 -0.0350084 -0.0684524 -0.0711459 0.0789616 0.0625464 -0.067784
internal_weight=54.2393 5.49388 0.28544 0.0462499 0.00859822 48.7454 0.180011 48.5654 20.4526 10.5305 9.92203 0.149197 28.1128 11.7658 0.129584 9.77284 5.20844 10.452 11.6363 16.347 1.32404 13.4391 3.8844 0.408289 2.90787 3.47611 3.40151 0.755049 0.508253 0.568992
internal_count=198608 6280 165 130 69 192328 785 191543 33008 15367 17641 860 158535 111274 6580 16781 6115 15283 104694 47261 2141 39092 3974 240 8169 3734 3723 683 681 1458
is_linear=0
shrinkage=0.05


Tree=145
num_leaves=31
num_cat=0
split_feature=14 1 8 5 4 5 17 6 3 5 22 2 29 8 11 23 10 16 13 25 6 12 24 5 5 1 2 5 0 4
split_gain=2317.96 8915.34 151820 758840 5266.9 37354.8 98295.2 2779.78 55575.7 1047.84 6622.09 1014.91 2871.9 9.97838 26.2128 190.254 681.16 2612.32 9.38738 30.9797 951.221 10.6564 803.686 6.31222 169.552 6.2186 74.1321 4.1956 3.89477 2.55757
threshold=-1.7475136117440979 -1.0265325544042938 -0.031250828367866558 0.023750813931489093 1.3869419739941125 -0.63742914634252179 0.69358039136891547 1.2053269360685563 -0.28815763120255189 -0.63742914634252179 -0.57539922759902662 1.0284820313250167 -0.33123010713486239 1.0280955108409571 -3.2946583790412771 0.053369373687551916 1.8332770766859758 0.62214365205910938 -0.49148731920288874 -1.5676628191589017 -0.023311259464705528 -2.577544455676207 -1.4905515267970701 -0.92799799612346179 -0.94004465546320237 -2.8436431899765719 -2.9865825183719816 0.19307449444559063 -0.72104344636239792 0.91520052867686918
decision_type=2 2 2 2 2 2 2 2 2 2 2 2 2 2 2 2 2 2 2 2 2 2 2 2 2 2 2 2 2 2
left_child=1 2 3 -1 7 6 -6 9 -9 10 -3 -4 -13 18 15 16 17 -15 19 20 -2 22 -20 24 -23 26 -21 -27 -25 -11
right_child=13 4 11 -5 5 -7 -8 8 -10 29 -12 12 -14 14 -16 -17 -18 -19 21 25 -22 23 -24 28 -26 27 -28 -29 -30 -31
leaf_value=-1485.7127641594279 49.158117153047179 -0.73301009391825644 -0.052050149293855368 -0.050002403560963152 -588.76324526962151 -0.050123913460491699 -0.050049875577236037 -365.92269322022219 -0.050069195082231482 -0.02945341037497386 -20.611184152412665 -0.050033424401024755 -98.245273398027862 -58.588872916440714 -0.063647005517589325 -0.0081361654397099619 -0.03833234742511421 -0.050178420886513433 -40.755536968467652 4.0610411794162635 -0.050070827301477355 -0.11732608919917914 -0.051993234679902016 -0.070033627354041492 -8.7176530923120854 0.0090065824748680936 0.02109236741493788 -0.036948431756115833 -0.020505601896058035 0.10143710282209667
leaf_weight=0.0010432986008297538 0.0010160924250762265 0.44899810598151035 0.094165095363349063 0.0048790513345472785 0.0010191718935469917 0.022177598687097295 0.0023299820081008615 0.001093276367644838 0.020499540569144433 1.2751094396146181 0.046208741293255473 0.0027698438751818074 0.0010183788963674684 0.0025624008933731943 6.8593781174026196 0.23146833908493444 0.030926610032082635 0.0074376562960418238 0.0012283343411763062 0.012161323063205665 0.029338798753171295 0.87464857690447817 0.095425532793684265 5.8765569245774296 0.0057685710948345284 18.603906136919221 0.17130593359893048 6.7755850370837178 12.230546374488235 0.52764338556830792
leaf_count=180 66 44 460 368 78 302 21 159 187 8054 390 93 87 41 23137 59 8 31 40 11 349 9453 471 14756 566 24193 268 9326 104880 530
internal_value=-0.0988799 -1.60203 -15.9361 -261.769 -0.967102 -23.5549 -179.2 -0.718523 -18.5747 -0.550737 -2.58788 -1.07287 -26.4476 -0.0278278 -0.0827493 -0.563777 -3.70631 -15.0501 -0.0190608 0.000730325 1.59711 -0.0456023 -0.569278 -0.0429366 -0.173676 -0.00116531 0.288885 -0.00326207 -0.0365796 0.00885662
internal_weight=54.2582 2.44895 0.103876 0.00592235 2.34508 0.0255268 0.00334915 2.31955 0.0215928 2.29796 0.495207 0.0979533 0.00378822 51.8093 7.13177 0.272395 0.0409267 0.0100001 44.6775 25.5933 0.0303549 19.0842 0.0966539 18.9875 0.880417 25.563 0.183467 25.3795 18.1071 1.80275
internal_count=198608 10953 1188 548 9765 401 99 9364 346 9018 434 640 180 187655 23276 139 80 72 164379 34213 415 130166 511 129655 10019 33798 279 33519 119636 8584
is_linear=0
shrinkage=0.05


Tree=146
num_leaves=31
num_cat=0
split_feature=25 0 26 3 9 25 26 6 13 18 18 5 3 13 27 7 10 14 0 17 23 15 24 11 1 23 2 6 13 12
split_gain=2638.55 155256 241852 1511.88 7290.01 409.885 6573.47 25053.7 143596 8470.11 597.674 534.076 12.3387 280.961 716.432 117.481 880.651 75.9105 7.37798 12.246 25.9262 14.1238 5.79763 3.59736 1.76264 0.00153994 2.65143e-06 6.06262e-08 4.48639e-08 7.90029e-10
threshold=-2.0366443950198452 0.94258622419882621 0.089676381789696127 -0.62069896532321545 -1.3681809262967277 -1.5676628191589017 0.1040042157767813 -0.041273982107105249 -0.32866644374851078 -2.3112858319934242 -1.7412604123365811 -1.1976163355518674 -0.60136679371151136 1.6959461496556927 0.11181433446709128 0.94313760197643093 0.010595385328765789 -2.1695011465006719 -0.6791685144053522 -1.5100055362840301 1.2773484043187058 -3.2656479115144936 -1.5303750164315941 -2.4823734980974708 0.032865803866980473 1.7623222769791533 1.9205968780487737 -1.5358683843737935 -1.2808587260700428 1.2514663067974947
decision_type=2 2 2 2 2 2 2 2 2 2 2 2 2 2 2 2 2 2 2 2 2 2 2 2 2 2 2 2 2 2
left_child=1 3 -3 4 -1 6 9 8 -8 -2 -11 -12 13 15 -15 17 -17 -7 19 20 -14 -21 24 -24 -20 26 27 -5 -9 -30
right_child=5 2 -4 25 -6 12 7 28 -10 10 11 -13 18 14 -16 16 -18 -19 22 21 -22 -23 23 -25 -26 -27 -28 -29 29 -31
leaf_value=-0.050017331996945517 -141.68521100100745 -0.050001126136011868 -999.32183275346438 -0.050235650656694067 -147.52545873621725 -1.9929200943284127 -585.325316299679 -0.050154689641842491 -0.050004717410016969 -30.229289467027645 -26.96456841880638 -0.13430241298354503 0.007247193747299905 -50.011465204283063 -0.05002954589069001 -0.050023550775204553 -50.030213190987588 -0.063981408982927465 0.016825321029307495 -0.41918662874761403 0.73285738081036955 -0.059136948231364894 0.0572078164280371 -0.0029159566783619442 -0.07987426818397915 -0.062111612135753169 -0.050952352031197801 -0.050024193226549232 -0.050005467487043043 -0.050032381053401881
leaf_weight=0.0047576119521175698 0.0010590550045060923 0.0015332080895727354 0.0010007286988849939 0.0047048853813856347 0.0010171182321012974 0.051492172695830507 0.0012814482245647888 0.0077911333872424686 0.0057528005165884116 0.0016567666731667199 0.0018577323553229377 1.1678117778138846 4.5044958728854265 0.0010007712997113882 0.0025353433176516396 0.0074064909486027597 0.0010003925896840205 5.3809008352430991 0.55999770968111873 0.27733201721248946 0.12656268227330159 15.236793948105444 2.8074891541823339 21.85452187414187 2.973750635949469 0.15697354138890671 0.018341641927252874 0.012125502512250618 0.014258513889011521 0.0033714595924059709
leaf_count=348 51 156 200 13 250 1177 107 32 694 62 94 2442 1314 458 490 1610 593 44017 1727 64 54 19412 2530 114165 4725 6 2 593 1129 93
internal_value=-0.070506 -5.79655 -394.693 -0.817582 -26.0253 -0.0496329 -0.961698 -23.1587 -106.671 -0.347214 -0.219423 -0.176916 -0.0292018 -0.100562 -14.1898 -0.0914053 -5.99751 -0.0822653 -0.021165 -0.0442743 0.0270775 -0.0655732 -0.00465391 0.00392845 -0.0645502 -0.0599928 -0.0505365 -0.0500833 -0.0500548 -0.0500106
internal_weight=55.1906 0.200454 0.00253394 0.19792 0.00577473 54.9901 1.20484 0.0324554 0.00703425 1.17239 1.17133 1.16967 53.7853 5.44434 0.00353611 5.4408 0.00840688 5.43239 48.3409 20.1452 4.63106 15.5141 28.1958 24.662 3.53375 0.192146 0.035172 0.0168304 0.0254211 0.01763
internal_count=198608 1568 356 1212 598 197040 4704 2055 801 2649 2598 2536 192336 48345 948 47397 2203 45194 143991 20844 1368 19476 123147 116695 6452 614 608 606 1254 1222
is_linear=0
shrinkage=0.05


Tree=147
num_leaves=31
num_cat=0
split_feature=11 25 7 14 4 13 8 22 23 9 25 25 4 13 21 23 0 13 12 18 3 15 14 9 12 25 2 21 23 20
split_gain=15.3894 425.258 3560.82 69.0682 928.807 10.9549 8.82511 37.2391 12.7047 1028.69 8.94774 8.79995 939.457 574.004 243.216 754.58 6.34873 10.8887 6.10796 4.85162 4.66302 687.862 4.56292 3.54026 2.34336 2.20226 1.24154 0.462349 0.201402 0.0022351
threshold=1.3396106851040657 -1.3792926969988828 0.29933940355806682 -2.1695011465006719 0.090725952694376763 -0.90135916658118054 0.11449234336443577 -3.6248907980556369 1.2773484043187058 -1.2540624973615946 -1.3513707188227959 -1.6203645108391245 1.1446055274841 -0.60402638728747238 0.97777750792865492 0.53545638891452441 -0.92647100126158721 2.1849355227177232 -2.3353347457579647 3.283747335452579 -1.7124015489253466 1.0878044626684227 2.2949331403264845 1.0408210062344079 -1.5484982936020244 -0.93814040768494789 -2.9865825183719816 -2.9318825508925195 -2.0988154530576417 2.3580492622531444
decision_type=2 2 2 2 2 2 2 2 2 2 2 2 2 2 2 2 2 2 2 2 2 2 2 2 2 2 2 2 2 2
left_child=5 2 -2 4 -3 6 7 -1 10 -10 -9 12 14 -14 26 -16 17 24 -19 23 21 -18 -22 25 -13 -8 -7 -5 -25 -29
right_child=1 3 -4 27 -6 11 19 8 9 -11 -12 16 13 -15 15 -17 20 18 -20 -21 22 -23 -24 28 -26 -27 -28 29 -30 -31
leaf_value=0.91913757501305671 -0.050095949688346443 -0.050042714184706419 -99.947741524986938 -0.13469522851125801 -50.040447326239956 0.07587472810813331 0.051820435319055169 0.42485545140978814 26.097722575666282 -0.064948806029897083 0.0066225899518383832 0.0090696472321684773 -38.177682246288832 -0.050004682345081632 -0.050024551743749715 -49.949591860663318 -0.061895173765289115 -1.0412058125025321 -0.050766019455623951 -0.35039239494659635 -0.015034794846090084 -34.617452244830183 -0.092606761440719609 -0.090032641315744413 -0.083685390968818427 -0.025440327736994523 -0.062595475503711126 -0.052148594465298161 -0.064884313683566369 -0.058025042919156833
leaf_weight=0.11489508313746277 0.0081925421486067108 0.013084334030645239 0.0010010235944411501 0.23393020919841168 0.0010001901825793533 0.22494008464249726 1.147472842334279 0.1289814301091291 0.0038244085526429319 0.21369990601606587 15.032996879734766 0.75583518644184966 0.0026160788871454352 0.0015853224867651266 0.003106268601633262 0.0010020122180413628 0.3304026850423164 0.045718845183728263 0.023601960146652945 0.12312435343279737 17.374207894627098 0.0014464463397327867 2.1278928073484549 1.1574651461847487 6.8712701030435666 4.7010291602063443 0.57742190341526534 0.50049977707837601 2.5502530410703055 0.23911650198047296
leaf_count=29 617 497 254 84 56 22 945 258 36 636 10223 780 20 510 230 149 4182 10 455 58 145421 607 447 159 13627 7487 3687 4612 2400 110
internal_value=-0.0287044 -0.223359 -10.9273 -0.123719 -3.60003 -0.0250785 -0.00107521 0.0223235 0.0156237 0.395031 0.0101805 -0.0463993 -0.208762 -23.7909 -0.085908 -12.2206 -0.0416183 -0.0801633 -0.703986 -0.0385311 -0.0266612 -0.212514 -0.0234987 -0.034513 -0.0744935 -0.0102818 -0.0237757 -0.0734268 -0.072735 -0.0540484
internal_weight=54.5116 0.996825 0.00919357 0.987631 0.0140845 53.5148 25.1737 15.4944 15.3795 0.217524 15.162 28.341 0.810672 0.0042014 0.80647 0.00410828 27.5304 7.69643 0.0693208 9.67934 19.8339 0.331849 19.5021 9.55622 7.62711 5.8485 0.802362 0.973546 3.70772 0.739616
internal_count=198608 6230 871 5359 553 192378 22231 11182 11153 672 10481 170147 4618 530 4088 379 165529 14872 465 11049 150657 4789 145868 10991 14407 8432 3709 4806 2559 4722
is_linear=0
shrinkage=0.05


Tree=148
num_leaves=31
num_cat=0
split_feature=23 28 1 3 13 1 18 5 9 14 12 9 13 23 9 22 24 23 18 28 24 29 24 23 13 17 27 19 16 24
split_gain=182.665 7039.18 41430.9 957.406 55479.4 3255.43 5620.61 971.122 73.691 276.977 11.7551 600.576 8.41171 28.009 5902.64 19.3489 8.87797 6.73998 5.4564 18.0587 4.47851 14.2457 4.04158 3.87741 3.65433 3.11986 3.38178 1.06723 0.0329622 9.59785e-05
threshold=1.3607993922773756 -1.5307979053909275 0.50749999997045248 -0.28815763120255189 -1.4543362371960125 0.48198020354765941 -0.40723110477836771 -1.1274554317819911 -1.5428703711567033 0.35694639283919671 -0.41462466362832129 -1.0287023963323996 -1.9852138913204886 1.2773484043187058 -1.0986566300595821 -3.6248907980556369 -0.57268463101459133 1.2773484043187058 3.283747335452579 -1.3601067156016944 -0.73065825241800841 0.98800773072200399 -1.3540808224708563 -1.6551844769954758 0.22446528092291892 -0.86959874989246522 -0.41899883927188381 4.8077962034842194 -1.3674811573116694 -2.4437036499176403
decision_type=2 2 2 2 2 2 2 2 2 2 2 2 2 2 2 2 2 2 2 2 2 2 2 2 2 2 2 2 2 2
left_child=12 2 -2 4 -3 7 -7 -6 9 -5 11 -10 15 16 -15 -1 20 18 23 -20 22 -22 -14 -17 -12 27 -27 -18 -16 -30
right_child=1 3 -4 8 5 6 -8 -9 10 -11 24 -13 13 14 28 17 25 -19 19 -21 21 -23 -24 -25 -26 26 -28 -29 29 -31
leaf_value=0.45923727577083107 -0.050014882805823058 -352.54298364538727 -346.87032383899066 -4.5254100042483447 -48.979180078974203 -149.82610088617545 -0.050002785821253594 -0.052044139144166883 -30.685501476327808 -0.051943379089867681 -0.084347389214824667 -0.050944150534516654 -0.070175457359426791 -98.855791564756601 -0.082334439461814318 -0.073829687502230498 -0.056200778950120635 0.2202208884453449 0.062872586390963534 -0.62974520802594214 -0.092903418489573536 -0.85918482025447251 -0.0095476322147719714 0.013746578104428442 0.040132463402246403 -0.059571705298542645 0.0068300377655934469 0.066437607503709195 -0.053057785916455727 -0.050204164337211581
leaf_weight=0.23704855581368178 0.0058701625835335816 0.0011347483694662255 0.0010091356036484433 0.044700474461730533 0.0010218831432156341 0.0010012789575685349 0.0016729387102155211 0.13450704149381568 0.0016320948501214036 0.15315541074777872 2.2322247907941448 0.081031926600710999 6.201001205586838 0.0015181293105231411 0.23873202219606518 1.4326082118732841 3.7471252103609909 0.34869864674806272 0.26667009078132509 0.14543677615479467 4.0424723766645263 0.061576180594336338 4.9376005455665624 10.731735757031808 0.80121024405412633 2.1824624176725402 15.791339271622878 0.18621178980968256 0.10681588982259797 0.040690922144418926
leaf_count=35 356 167 277 38 218 408 781 5117 22 51 2696 561 14458 144 14 537 21408 24 13 47 8264 1963 23851 3932 1803 11718 98287 38 41 1339
internal_value=-0.0467895 -0.398279 -50.9257 -0.297624 -4.35775 -1.4989 -56.1291 -0.420953 -0.126912 -1.06261 -0.0675003 -0.655784 -0.0228009 -0.0348607 -0.457611 0.0115927 -0.0304482 0.0033829 -0.00262922 -0.181559 -0.0597511 -0.104401 -0.0432999 0.00343262 -0.051469 -0.0100596 -0.00123277 -0.0503948 -0.0708529 -0.0522706
internal_weight=54.1599 3.46017 0.0068793 3.45329 0.139338 0.138203 0.00267422 0.135529 3.31395 0.197856 3.1161 0.082664 50.6997 37.5375 0.387757 13.1622 37.1498 12.9251 12.5765 0.412107 15.2427 4.10405 11.1386 12.1643 3.03344 21.9071 17.9738 3.93334 0.386239 0.147507
internal_count=198608 12495 633 11862 6691 6524 1189 5335 5171 89 5082 583 186113 181525 1538 4588 179987 4553 4529 60 48536 10227 38309 4469 4499 131451 110005 21446 1394 1380
is_linear=0
shrinkage=0.05


Tree=149
num_leaves=31
num_cat=0
split_feature=23 9 14 13 23 8 1 14 13 25 27 22 25 10 27 13 11 3 18 15 5 17 13 3 13 11 12 11 18 16
split_gain=10.7837 72.0358 1082.72 13227.6 19.3561 1140.39 2830.04 7.82014 6.85666 83.8464 1609.39 6.98451 6.49226 4.14715 3.58797 3.1022 1.70968 0.935192 0.602838 0.443559 0.407648 0.127622 0.091929 0.0639579 0.0329262 0.0160361 0.0014402 0.00103305 0.000686384 0.000160637
threshold=1.3101050499025979 -1.5428703711567033 1.3308026466370875 -0.99722442418013379 1.2773484043187058 0.079257621595101704 0.36885786165567291 2.2949331403264845 -0.90135916658118054 -1.5676628191589017 0.53214557995041667 -3.6248907980556369 -0.07949779586281279 0.41139331587262523 -1.1707933100639314 0.22446528092291892 -0.58541941409786202 -0.26551165186840547 2.7786210890898873 -0.51650226203100214 -1.2384817500763241 -1.1968474485290976 -1.4543362371960125 0.087026933308677154 -1.7320214508875968 -0.602645343671947 1.130620692383921 -1.6749881292122837 2.4945878902499925 0.5819165704099889
decision_type=2 2 2 2 2 2 2 2 2 2 2 2 2 2 2 2 2 2 2 2 2 2 2 2 2 2 2 2 2 2
left_child=4 2 3 -2 7 6 -6 8 9 10 -1 -11 14 -14 -10 17 19 22 21 25 -19 27 -3 -23 -22 -17 29 -9 -7 -18
right_child=1 15 -4 -5 5 28 -8 18 12 11 -12 -13 13 -15 -16 16 26 20 -20 -21 24 23 -24 -25 -26 -27 -28 -29 -30 -31
leaf_value=-0.050401811968899327 -179.98613115132756 -0.19186748565805017 -0.052370828294125496 -0.050181113995065287 -0.050044889465422716 -0.05035200232003071 99.752729424485238 -0.060613299715055795 -0.082335906612435256 0.31597645388347928 42.387527209908434 -0.0008431973808502455 -0.079714181973155399 -0.015431752399181578 0.0028966824286641739 0.086932668322231385 -0.051042380345915177 -0.13376413871458634 -0.16363652397830358 -0.051854350469753729 -0.069043746451813812 -0.071716332912796554 -0.050001756634405196 -0.087409222453861304 -0.054602960670700501 0.10488550288620911 -0.058509196185399154 -0.055630383073003387 -0.062671656803818185 -0.053453410408520863
leaf_weight=0.043023974002680029 0.0011108932794741443 0.19270061144323347 0.19561048554586569 0.012674404979947176 0.0024401511474453743 0.012158181768154558 0.0010019764967242207 0.14443904161453247 1.3968235784404903 0.17539107642615093 0.0023564033620342003 21.333647300297802 7.939662175047622 3.6682315761283055 10.641372116179991 0.24809172849266323 0.16418855931857795 0.24453863927154751 0.22899065367197557 0.056540048524632902 1.7862940860784564 0.85499022701467264 0.012138563600858299 2.6984994224446459 0.50669886120872121 0.24945758283138278 0.12445282770159583 0.37164486942791697 0.16130990904976539 0.11926779362063139
leaf_count=300 15 204 44 284 279 384 112 2 2895 60 93 20687 48816 30495 80486 197 3381 144 70 931 86 220 4755 181 3056 2 49 246 6 128
internal_value=-0.0246855 -0.104593 -1.00683 -14.5504 -0.0183899 0.503679 29.0018 -0.0202558 -0.0141271 0.00626993 2.15321 0.00174024 -0.0327198 -0.0594002 -0.00699308 -0.0535928 0.0236616 -0.080693 -0.0847007 0.0808532 -0.0723972 -0.0802591 -0.183461 -0.0836334 -0.0658527 0.0959337 -0.0540255 -0.057025 -0.0618082 -0.0520569
internal_weight=53.5897 3.91377 0.209396 0.0137853 49.676 0.17691 0.00344213 49.4991 45.2005 21.5544 0.0453804 21.509 23.6461 11.6079 12.0382 3.70437 0.961999 2.74237 4.29856 0.554089 2.53753 4.06957 0.204839 3.55349 2.29299 0.497549 0.407909 0.516084 0.173468 0.283456
internal_count=198608 13276 343 299 185332 781 391 184551 183832 21140 393 20747 162692 79311 83381 12933 4688 8245 719 1130 3286 649 4959 401 3142 199 3558 248 390 3509
is_linear=0
shrinkage=0.05


Tree=150
num_leaves=31
num_cat=0
split_feature=25 20 12 17 13 22 16 26 14 13 23 23 29 18 28 20 24 27 18 7 22 18 12 7 15 1 13 12 6 11
split_gain=615.52 26331.4 150722 6262.5 33868.8 1907.2 11065.7 5563.68 328.224 1279.57 131.52 2496.76 50746.5 109481 2882.76 66.5276 6.52802 18.5346 33.5951 8.06979 39.9841 7.14739 4.36149 48.3148 875.546 3.15668 2.63109 2.09202 2.0005 1.78411
threshold=-1.5676628191589017 -1.3289340304063069 -0.70829045077590902 1.244542443768871 -0.85889948059011223 0.015489055322481982 -1.615368533818313 0.51131871219782266 -1.4040040944629639 -0.97180741890918887 1.2773484043187058 1.3101050499025979 -1.0000000180025095e-35 0.033861251607070215 0.29351724086501524 -0.99221579974003127 -0.40661662979151519 2.9996133201763011 2.7786210890898873 1.0341503001629344 -1.7211211237565862 3.283747335452579 1.5664871097304682 0.54820167569678457 -3.2656479115144936 -0.50349171180710595 0.22446528092291892 1.4620522698285325 0.30881439187654441 -0.58541941409786202
decision_type=2 2 2 2 2 2 2 2 2 2 2 2 2 2 2 2 2 2 2 2 2 2 2 2 2 2 2 2 2 2
left_child=1 2 -1 5 -5 8 -7 -8 9 -3 16 12 13 14 -12 -10 17 19 -19 21 -21 -2 25 -24 -25 28 -13 -27 -18 -28
right_child=10 3 -4 4 -6 6 7 -9 15 -11 11 26 -14 -15 -16 -17 22 18 -20 20 -22 -23 23 24 -26 27 29 -29 -30 -31
leaf_value=8.1905723637403138 -0.045340778305681222 -27.038580234305687 -590.97557984875675 -287.60102608749958 -0.05001801396488062 -153.16924871169672 -0.98640756986832112 -53.212124290401881 -1.2046689737565526 -0.050959677311927021 -99.908607916010055 -0.078356440100698074 -1.5804606931796548 -577.10192062760314 -0.050045323733915251 -0.041563214625918943 -0.070968890736934395 -0.051624169560813185 -2.6408661120760857 2.13323883850346 0.054745452028857972 -0.47192262096970999 -0.056347422030876892 -46.289905252175664 -0.050908456057285646 0.0026285233670121284 0.07741149473900015 0.078895311778416077 -0.0053598408912313364 -0.053391746733346658
leaf_weight=0.0060674236855975715 17.805850108829876 0.0055579618713858933 0.0012691430623455683 0.0012171753109196156 0.0064530608438707277 0.0013060538378682962 0.052943526491110553 0.0056431172287393491 0.1309436077956464 0.020939179582545667 0.0010014161102033636 2.6419923484579226 0.16455974196577722 0.0012130624349972535 0.0025970744040064251 2.0121261104900072 2.4154760724258035 0.035681150617127441 0.019306050679796141 0.024015638977289089 0.63332557598128769 0.098738064127202985 1.4333046338780782 0.001081318361685713 0.019236103731671471 22.27391698625237 0.54945534394522999 0.93697876292202664 2.2386441088637485 0.49603250469929649
leaf_count=58 56128 23 120 47 718 45 2855 347 23 146 116 8134 222 297 135 1890 18991 91 5 56 1456 378 6147 11 373 89989 1130 1131 3954 3592
internal_value=-0.0786663 -0.889296 -95.4584 -0.579161 -45.6809 -0.423992 -9.22572 -6.01683 -0.181013 -5.7118 -0.043537 -0.324432 -6.26033 -166.317 -27.8395 -0.11263 -0.0209364 -0.0440917 -0.960709 -0.0413764 0.130682 -0.0476932 -0.00623317 -0.0906676 -2.51181 -0.00182852 -0.0517879 0.00570727 -0.0394108 0.0153518
internal_weight=54.0369 2.24447 0.00733657 2.23713 0.00767024 2.22946 0.0598927 0.0585866 2.16957 0.0264971 51.7924 3.85685 0.169371 0.00481155 0.00359849 2.14307 47.9356 18.6169 0.0549872 18.5619 0.657341 17.9046 29.3186 1.45362 0.0203174 27.865 3.68748 23.2109 4.65412 1.04549
internal_count=198608 6272 178 6094 765 5329 3247 3202 2082 169 192336 13626 770 548 251 1913 178710 58114 96 58018 1512 56506 120596 6531 384 114065 12856 91120 22945 4722
is_linear=0
shrinkage=0.05


Tree=151
num_leaves=28
num_cat=0
split_feature=13 25 8 2 0 27 3 2 2 25 5 4 24 1 0 8 23 1 27 18 9 8 8 6 17 22 21
split_gain=18.1886 58.3777 348.641 57.3909 881.726 28.8557 348.223 45.2302 36.6114 9.04929 742.39 48.6851 6.95447 321.826 7.03018 5.7027 24.7505 8.10147 6.19053 4.18589 2.88772 2.28123 1.46605 0.682332 5.50677e-10 1.41717e-10 2.19319e-11
threshold=-1.9852138913204886 -1.5676628191589017 2.1907718098735729 1.9205968780487737 -0.24524535024981023 1.9439264941652399 -1.0101249439967741 0.34529247047391298 0.35369367599049167 -1.4906379228193292 -1.4367335699459804 1.3869419739941125 2.3595699347662005 0.91307947371020803 -1.0285477065035764 -0.63675223753421373 1.2537368370968751 -0.73468084400551437 2.9996133201763011 3.283747335452579 -0.7884888357361074 1.0000000180025095e-35 2.88336522349331 -0.52800800349201049 -1.8709464106285905 -0.74969896292465277 1.2067997121747993
decision_type=2 2 2 2 2 2 2 2 2 2 2 2 2 2 2 2 2 2 2 2 2 2 2 2 2 2 2
left_child=1 2 -1 5 24 9 -7 22 -9 10 -2 -12 14 -14 -11 16 17 -3 -19 20 21 -17 -8 -22 -5 -26 -27
right_child=3 15 -4 4 -6 6 7 8 -10 12 11 -13 13 -15 -16 19 -18 18 -20 -21 23 -23 -24 -25 25 26 -28
leaf_value=4.1341649038321 -37.283596413858064 0.29891612659594691 -0.087570993571439881 -0.050044096177714131 -46.998098129889456 -6.2492879745014491 -0.058641979162059446 -4.3901591811528098 -0.050045850811927299 -0.065990500324452903 -0.074314366723408687 -1.3440662939004742 -0.051863006836449801 -16.45063748292905 -0.017272043131206685 -0.029573528946827972 0.60901939319719134 0.0164801994350216 -0.33369435296514438 -0.29701030037066944 -0.0028118713179333538 0.05479018172257534 -0.22436030081568148 -0.062324921099300337 -0.050019513378084392 -0.050002258378360281 -0.050006285585691063
leaf_weight=0.059715635873508977 0.0013428738303343781 0.25094680634064204 0.27008051370055514 0.0010206489685486942 0.0010650059961792918 0.024201018436558419 0.5812196769742729 0.011259396560490105 0.0085480649334783981 10.250118364267257 3.6685055240593507 0.077077593957428525 0.16048504610491679 0.0030486773907572864 26.676708416447916 1.6152033306017735 0.18400559104338743 5.8398900046827071 0.12899945103962718 0.14151654086304066 0.5721873594338821 1.5902095772247582 0.17323707526107346 3.0430804345287958 0.0017622392850141682 0.0062260434260516312 0.0073975694013024293
leaf_count=56 183 17 60 30 47 344 595 1 200 14413 6933 505 1063 160 168700 1001 12 957 10 29 401 531 87 1630 55 370 218
internal_value=-0.0303041 0.0196815 0.676852 -0.0467397 -2.91181 -0.0455374 -0.34322 -0.158615 -2.51715 -0.039717 -0.11377 -0.100444 -0.0322361 -0.357577 -0.0307953 0.00346634 0.0375198 0.0206128 0.00891224 -0.0278561 -0.0222717 0.0122794 -0.0966939 -0.0529058 -0.0500085 -0.0500062 -0.0500044
internal_weight=55.3491 13.6958 0.329796 41.6532 0.0174715 41.6358 0.798465 0.774264 0.0198075 40.8373 3.74693 3.74558 37.0904 0.163534 36.9268 13.366 6.40384 6.21984 5.96889 6.9622 6.82068 3.20541 0.754457 3.61527 0.0164065 0.0153859 0.0136236
internal_count=198608 4704 116 193904 720 193184 1227 883 201 191957 7621 7438 184336 1223 183113 4588 996 984 967 3592 3563 1532 682 2031 673 643 588
is_linear=0
shrinkage=0.05


Tree=152
num_leaves=29
num_cat=0
split_feature=11 25 29 25 17 8 5 15 16 4 2 8 23 24 22 29 24 12 12 0 14 0 29 12 2 9 18 27
split_gain=16.7362 246.698 20.3251 15.645 53.173 49.8752 132.17 24.7013 610.278 18.8283 18.1308 705.295 8.21216 200.773 794.224 12.4105 7.52499 6.84046 89.5135 9.21506 5.93876 3.56143 3.08301 3.0535 2.19682 1.5792 2.24124e-05 5.34261e-10
threshold=-2.0094963541027875 -1.6203645108391245 -1.980277404455945 -1.5676628191589017 2.7755498580744491 -0.35823212330873028 -0.75191743204702599 -1.0602241424538588 -0.72777521618894359 1.7075198790227539 1.9205968780487737 -0.27684669666229905 1.2161624239042066 1.8024557136668176 1.6487919253411201 1.1529124604541126 -0.29319797438616729 0.0075726329000181383 0.08070230636216183 -3.7491926059677207 -2.4556013819608444 -1.6174608663727368 -1.4855632152596203 -0.18838944657056292 -2.9865825183719816 -1.6320907716769968 2.4945878902499925 -2.6035326283449596
decision_type=2 2 2 2 2 2 2 2 2 2 2 2 2 2 2 2 2 2 2 2 2 2 2 2 2 2 2 2
left_child=1 -1 -3 4 5 6 9 8 -7 -2 12 -12 16 15 -15 -14 23 19 -19 -4 -8 -18 -20 -5 -9 -21 27 -13
right_child=3 2 17 10 -6 7 20 24 -10 -11 11 26 13 14 -16 -17 21 18 22 25 -22 -23 -24 -25 -26 -27 -28 -29
leaf_value=3.1725143815026122 -3.6391696617213478 1.0796031703129898 0.30356788015201303 -0.028015935244043774 2.4373642949551266 -10.715876068243604 -0.76451250310293117 0.07715651712605831 -0.1212303578051343 -6.7869135252477735 -36.183548378313112 -0.050030302954241282 -0.061164406523973938 -49.893493701278807 -0.050105105779969829 -0.40157795488000048 -0.066737407528411327 -2.2131375588295699 -0.04752548649111181 0.06072613996950485 -0.052146968564926427 0.0014038481603724188 0.018425433938048266 -0.073880372491347282 -0.082579467044405927 -0.023291346141801141 -0.052301659130907667 -0.050005654920800113
leaf_weight=0.061997631041475709 0.013558992926483729 0.04416884283638367 0.3651888686581567 7.0528711917863367 0.020093204220490324 0.014064483421886764 0.061123844236135483 0.22810137232548555 0.40491671297659065 0.0073128445073962203 0.0013837556984493812 0.0027135317961040168 3.1842967623731924 0.0010031400434700622 0.0039316445758571074 0.29232027138092709 2.1234516194755555 0.046276886128342798 2.9041048067855657 1.8898270538206228 0.056118011649962482 19.774231865023737 4.5458512596900507 7.4753868011379785 3.8182650807586578 0.79438972406319308 0.042093276810888376 0.011583547265251458
leaf_count=309 147 7 33 27564 30 78 6 23 975 9 83 21 11887 423 43 2671 5030 203 4575 136 691 101324 3890 32880 3964 1065 8 533
internal_value=-0.0286306 0.0276775 0.00926618 -0.042082 -0.129158 -0.14036 -1.07615 -0.111416 -0.476875 -4.74204 -0.0320083 -0.917119 -0.0307269 -0.104092 -10.1822 -0.089787 -0.0237147 0.00478324 -0.0209007 0.0679211 -0.423538 -0.00520391 -0.00728323 -0.0516151 -0.0735748 0.0358613 -0.0517207 -0.0500103
internal_weight=55.2406 10.6518 10.5898 44.5888 4.62355 4.60346 0.138114 4.46535 0.418981 0.0208718 39.9653 0.0577741 39.9075 3.48155 0.00493478 3.47662 36.4259 10.5456 7.49623 3.04941 0.117242 21.8977 7.44996 14.5283 4.04637 2.68422 0.0563904 0.0142971
internal_count=198608 10218 9909 188390 5923 5893 853 5040 1053 156 182467 645 181822 15024 466 14558 166798 9902 8668 1234 697 106354 8465 60444 3987 1201 562 554
is_linear=0
shrinkage=0.05


Tree=153
num_leaves=29
num_cat=0
split_feature=2 8 8 24 13 10 19 11 23 14 0 6 28 1 25 24 6 9 15 10 24 4 10 18 17 27 22 21
split_gain=18.5869 923.351 16.3972 26.0435 5385.35 10.6477 3511.56 9.66048 13.5641 363.869 7.38089 4.6828 36.1634 6.03342 3.21453 10.7417 1.40179 1.12014 0.518498 0.493316 0.319627 0.0200005 0.000902963 2.11513e-05 2.08823e-05 4.3839e-10 1.14075e-10 1.52606e-11
threshold=1.9205968780487737 -0.22174210067580344 1.3044662699387259 -2.6613872950373758 -3.9074159136352793 -1.3647229064189526 -1.0357177732843035 -0.35394154724249033 1.2773484043187058 1.6429740417105061 -1.0285477065035764 -1.2967655886065277 1.4346860662495897 1.8600258610569063 -1.7974949068075048 1.3798531893333783 -2.2225653003597254 3.4811860189419446 -3.2656479115144936 2.6016881451477079 -2.9355909197284418 2.2368686615024123 -2.1478008838937144 2.4945878902499925 -1.5100055362840301 -2.6035326283449596 -0.74969896292465277 1.2067997121747993
decision_type=2 2 2 2 2 2 2 2 2 2 2 2 2 2 2 2 2 2 2 2 2 2 2 2 2 2 2 2
left_child=2 -2 3 4 -1 6 -4 11 10 -10 -9 12 -5 -13 15 17 20 -7 -18 22 -16 24 -6 25 -8 -3 -27 -28
right_child=1 23 5 7 19 14 21 8 9 -11 -12 13 -14 -15 16 -17 18 -19 -20 -21 -22 -23 -24 -25 -26 26 27 -29
leaf_value=67.557080607394354 -47.186958841953476 -0.050028456866381403 -88.186354401685705 0.024617050829632118 -0.057547887417329871 -0.088905736097912844 -0.051646770382919184 -0.07986538432852798 -0.16396717727210006 -18.510645030159715 -0.015050967879585243 -0.0057747778644671906 0.91842025522242654 -0.25670077634281258 0.061255888221558058 -0.74187495492133892 0.020522369224189967 -0.18959977468095396 -0.074598027129894981 0.05537196715022083 -0.053116716729816132 -0.078051381344805479 -0.052381960852600801 -0.052184344264874699 -0.050148097765434135 -0.050018288521665934 -0.050002065558710319 -0.050005791380424547
leaf_weight=0.0029626553768916644 0.0010587674430553367 0.0026155205139313216 0.0011345561261433814 4.9152717417382243 0.11423652717713756 0.95875665943969424 0.059805240998922919 6.1784939765639324 1.2325439006434418 0.0027084679673193826 15.194752419326612 19.35778330332727 0.11583557607094075 0.24256080253361645 0.25368090849492686 0.072699238351500273 0.14742032432497687 0.38794355701796557 5.0823967380859214 0.13552973377773014 0.080460296487013583 0.23023237378561134 0.32593284357434421 0.04012864769669023 0.038020642329357486 0.0016484068976786266 0.0047892292767074537 0.0064492751892887236
leaf_count=21 93 31 54 1546 22 880 4 10705 9598 320 117389 38369 55 76 27 47 49 32 15261 5 182 10 2054 9 1123 56 348 242
internal_value=-0.027007 -0.931902 -0.0260765 -0.0154132 0.317985 -0.0958065 -0.373695 -0.0194971 -0.0430978 -0.204195 -0.0337873 0.00216523 0.0451959 -0.00888007 -0.082707 -0.149871 -0.065573 -0.117913 -0.0719167 -0.0280399 0.0337153 -0.0700039 -0.0537227 -0.0515784 -0.0510643 -0.0500098 -0.050006 -0.0500042
internal_weight=55.1879 0.0566898 55.1312 47.8186 0.578662 7.31255 0.329193 47.24 22.6085 1.23525 21.3732 24.6315 5.03111 19.6003 6.98336 1.4194 5.56396 1.3467 5.22982 0.575699 0.334141 0.328058 0.440169 0.0556311 0.0978259 0.0155024 0.0128869 0.0112385
internal_count=198608 779 197829 180160 2102 17669 1191 178058 138012 9918 128094 40046 1601 38445 16478 959 15519 912 15310 2081 209 1137 2076 686 1127 677 646 590
is_linear=0
shrinkage=0.05


Tree=154
num_leaves=28
num_cat=0
split_feature=2 14 24 26 3 22 6 1 0 23 24 23 5 0 6 12 8 29 29 28 13 14 15 15 14 21 11
split_gain=11.3689 93.9723 20.102 12.8277 696.323 3291.99 34.0861 27.7222 8.65024 7.24798 36.12 64.1656 8.34314 7.72233 972.874 6.95641 7.11305 6.78662 3.67595 26.1456 3.59186 2.94553 2.69045 1.77181 0.157695 3.66736e-09 4.58405e-10
threshold=-2.9865825183719816 -1.7475136117440979 -1.8470163421329315 -1.2765423762007575 -1.1425579343420325 -0.35944044259495495 -2.87618420856808 1.8600258610569063 -1.0925339430218364 0.67527019902288465 2.3595699347662005 1.2773484043187058 -0.81542439502036801 -1.0285477065035764 -1.6659742630150536 -2.577544455676207 -2.4340309445854755 -1.815372674723837 0.49329354152567906 1.5604938824904886 -0.90135916658118054 0.29218708686924089 -1.1338488203493651 -0.49373144090407267 -2.4556013819608444 2.5338510928012665 -1.5590282923613392
decision_type=2 2 2 2 2 2 2 2 2 2 2 2 2 2 2 2 2 2 2 2 2 2 2 2 2 2 2
left_child=1 -1 -3 4 5 -2 -6 22 15 13 12 -12 -11 14 -10 24 -17 -4 23 -20 -15 -18 -8 -19 -5 26 -7
right_child=3 2 17 8 6 25 7 -9 9 10 11 -13 -14 20 -16 16 21 18 19 -21 -22 -23 -24 -25 -26 -27 -28
leaf_value=1.5743525993936092 -99.85146587105686 0.56781215665052587 -0.37014997544233413 -0.35711509519353435 -1.8049209286101324 -0.050046188194199419 -0.0050814946584945668 -1.4729463458058651 49.079535096521035 -0.16224072325459776 -0.050319504998497203 -5.1741072426713028 -0.019312420211494631 0.02069489988003621 -0.02182840516771406 -0.48635676534183148 -0.071258582586356506 0.019248377534777612 0.041080777978084154 1.5225392164020166 -0.016185084853904817 -0.0087159137966048138 -0.081080613185631548 -0.048832908343860684 -0.28019793979501445 -0.050109934254205658 -0.050003117844534255
leaf_weight=0.098802767133251979 0.0010017748795272032 0.15962000651668518 0.12250738598149258 0.120407834649086 0.028511225125067763 0.0010793655961701524 1.4517035308356332 0.03518187920048621 0.0010177171887213307 1.3193518551762426 0.016900572453889456 0.0095703472369288167 4.5153304770837197 11.529636212415584 0.11526282263874545 0.095344692504537032 6.1706755851210593 2.2796113436070238 0.47738795199812423 0.031764093496548407 15.447539446245271 2.7090573585435331 5.8866330603554156 1.6454682566957446 0.14921624916472254 0.0021925657204064919 0.0014446001888728751
leaf_count=67 410 143 38 1 113 43 817 308 26 7535 172 92 37974 12923 940 61 7435 271 271 38 117803 4515 5107 742 56 5 702
internal_value=-0.0250998 0.0482513 0.0162811 -0.0322197 -0.0929048 -17.534 -0.0794309 -0.072759 -0.021567 -0.00957696 -0.0599921 -1.90278 -0.0516317 0.0013294 0.407919 -0.0643078 -0.0567903 -0.00303874 0.00710368 0.133503 -0.000423138 -0.0521779 -0.0660461 -0.0092926 -0.314547 -0.0500626 -0.0500215
internal_weight=54.4222 4.81516 4.71636 49.6071 7.40775 0.00571831 7.40203 7.37352 42.1993 32.9546 5.86115 0.0264709 5.83468 27.0935 0.116281 9.2447 8.97508 4.55674 4.43423 0.509152 26.9772 8.87973 7.33834 3.92508 0.269624 0.00471653 0.00252397
internal_count=198608 1570 1503 197038 7505 1160 6345 6232 189533 177465 45773 264 45509 131692 966 12068 12011 1360 1322 309 130726 11950 5924 1013 57 750 745
is_linear=0
shrinkage=0.05


Tree=155
num_leaves=25
num_cat=0
split_feature=10 3 7 0 15 2 6 11 4 15 2 24 0 16 11 21 9 18 14 5 24 1 19 4
split_gain=97.4154 3127.41 52.3456 370.618 1285.06 20.1939 952.409 15.0743 343.947 484.339 11.952 312.806 16.653 10.1926 1.61021 0.104017 0.0086073 1.61346e-05 3.82013e-06 1.61993e-06 2.87837e-07 5.0326e-09 3.97558e-10 3.92973e-10
threshold=-2.3440883907735719 -0.25374515205197573 -6.0176429106567477 -1.0925339430218364 0.86056373541922659 1.9205968780487737 -1.0264291274377217 1.3739714516450292 -1.5496762086774483 -2.8416237019844579 -2.9865825183719816 -1.6179127520434562 -1.0285477065035764 1.9197669766505479 -2.0094963541027875 -2.9318825508925195 2.6631567422817235 2.4945878902499925 1.0791128059064461 2.3809235066945833 1.1968626539363292 2.5548218337722668 -1.2889827878985514 0.49319642967548533
decision_type=2 2 2 2 2 2 2 2 2 2 2 2 2 2 2 2 2 2 2 2 2 2 2 2
left_child=1 -1 3 14 -5 7 -7 10 -9 -10 11 -4 -12 18 -2 -16 -17 23 -6 20 21 22 -3 -8
right_child=2 19 5 4 13 6 17 8 9 -11 12 -13 -14 -15 15 16 -18 -19 -20 -21 -22 -23 -24 -25
leaf_value=-80.647060595186531 0.062851180561141112 -0.050037431860591189 4.0232684542136088 -10.644162004467155 -0.052199845028186968 -48.635851996446419 -0.050005889040292476 -17.545692651589818 -24.459937995535608 -0.12003803729031899 -0.079728130218069376 0.010032588739419063 -0.013125221177746327 -0.88035404876532564 -0.094739729068275089 -0.055121822656897503 -0.065179675990677657 -0.052033675607416778 -0.052829616866621944 -0.050809227850070228 -0.050368064607312871 -0.050094716958031076 -0.050004910171282994 -0.050028329205143045
leaf_weight=0.0012407401010880508 0.29929348416613688 0.0010209742904407773 0.049092185889716755 0.037763270755788558 0.045833844753145662 0.0010291062352629837 0.010973597184968809 0.002857861933142968 0.0020483498830339278 0.93274357369725103 12.949344154132289 4.4295995968761108 34.099567860894666 0.060465869606559863 0.26545970749434111 0.54015617632116297 0.35089832633303475 0.037575565650559639 0.050733743339816291 0.015673117712140083 0.0098360665545103518 0.0018987575691369338 0.011806195688850787 0.0023728276779808643
leaf_count=231 22 18 136 77 43 101 618 596 113 4354 14777 925 175394 4 228 372 12 8 6 9 99 47 383 35
internal_value=-0.0391863 -2.46144 -0.0373316 -0.31458 -2.36278 -0.0286178 -1.01392 -0.0276421 -0.226322 -0.173373 -0.0240267 0.0540228 -0.0314564 -0.371285 -0.0405167 -0.0672671 -0.0590826 -0.0515032 -0.0525307 -0.0504121 -0.0501586 -0.0500187 -0.0500075 -0.0500099
internal_weight=54.2093 0.0414759 54.1678 1.6506 0.194797 52.5172 0.0519511 52.4653 0.93765 0.934792 51.5276 4.47869 47.0489 0.157033 1.45581 1.15651 0.891055 0.050922 0.0965676 0.0402351 0.024562 0.0147259 0.0128272 0.0133464
internal_count=198608 787 197821 764 130 197057 762 196295 5063 4467 191232 1061 190171 53 634 612 384 661 49 556 547 448 401 653
is_linear=0
shrinkage=0.05


Tree=156
num_leaves=26
num_cat=0
split_feature=7 0 28 11 4 13 4 15 13 24 6 29 2 4 21 2 22 0 5 11 1 21 12 9 21
split_gain=56.3841 630.781 2270.48 15.6205 547.673 72.0542 145.75 29.4335 11.4096 130.1 24.809 41.8854 930.58 33.1201 12.3225 29.3285 7.68989 5.609 4.89681 1.50754 0.39459 0.0840877 0.0763741 0.0071979 0.000894829
threshold=-6.0176429106567477 -1.0925339430218364 0.51125454180124941 1.3739714516450292 -1.5496762086774483 0.84163692698766523 1.7075198790227539 -2.6130763050215537 -2.1852736024447892 -3.4706207386009802 -1.6659742630150536 1.1529124604541126 -0.0064661056540396529 -1.5496762086774483 2.2457657455174087 -2.9865825183719816 -3.6248907980556369 -1.6174608663727368 -0.63080721796041239 -2.0094963541027875 1.6755888545349109 -2.9318825508925195 -1.7312243255386564 2.6631567422817235 1.7636471944843384
decision_type=2 2 2 2 2 2 2 2 2 2 2 2 2 2 2 2 2 2 2 2 2 2 2 2 2
left_child=1 19 -3 8 -5 7 -7 -6 9 -2 11 13 -13 -10 16 -16 -11 20 -19 -1 -12 -21 -9 24 -23
right_child=3 2 -4 4 5 6 -8 22 10 14 17 12 -14 -15 15 -17 -18 18 -20 21 -22 23 -24 -25 -26
leaf_value=0.062134762166745308 3.2303751028208545 -16.443368403937921 -0.052411354358294804 -27.750884826717556 -1.6092548415379544 -0.05038092551209538 -11.141903263978499 -0.089267788151615429 -1.945965268383866 0.34989131793841449 -0.070801792227454238 -48.961889891265315 -0.050592974087608489 -0.16244083494224701 1.0995630273936998 -0.057121063431764318 -0.0018844798262051187 -0.060596808055249862 -0.010523806309627971 -0.090895021162843079 -0.13726510211162943 -0.056406266628019987 -0.056003754662729513 -0.064231438600651891 -0.05206717203185092
leaf_weight=0.28789596411151985 0.031432287172639017 0.027452480435252613 0.091701208351939067 0.0018050023261232387 0.032101360501203158 0.0086362599974457704 0.004507883720727082 0.24638894448048643 0.026390806624998597 0.15738230021119015 5.546095507013419 0.0010222465277159995 0.019970510418898954 1.9038957310274605 0.0865907222032547 0.14928078035268733 12.066639457370812 6.0146466424953386 25.939908623300397 0.26291581980908652 0.23268666642762426 0.331956931072168 0.57586666819895782 0.33858670058314955 0.18505499828107946
leaf_count=22 28 92 40 694 149 440 49 3 282 27 3804 176 185 1574 14 41 3762 36897 144612 231 1239 187 3846 12 202
internal_value=-0.0361401 -0.335833 -3.82882 -0.0275211 -0.237726 -0.180479 -3.8543 -0.123958 -0.0240188 0.0176563 -0.0371367 -0.210983 -2.43234 -0.186825 0.00955163 0.367509 0.00264458 -0.0281467 -0.0199488 -0.0399009 -0.073478 -0.066164 -0.0659713 -0.0585644 -0.0548532
internal_weight=54.5708 1.52556 0.119154 53.0452 0.869306 0.867501 0.0131441 0.854357 52.1759 12.4913 39.6846 1.95128 0.0209928 1.93029 12.4599 0.235872 12.224 37.7333 31.9546 1.40641 5.77878 1.11851 0.822256 0.855599 0.517012
internal_count=198608 786 132 197822 5181 4487 489 3998 192641 3872 188769 2217 361 1856 3844 55 3789 186552 181509 654 5043 632 3849 401 389
is_linear=0
shrinkage=0.05


Tree=157
num_leaves=30
num_cat=0
split_feature=7 0 19 5 11 4 20 4 6 7 3 14 8 4 20 26 3 4 18 14 2 11 2 21 9 21 29 3 24
split_gain=43.3584 171.053 548.007 12.4565 46.8038 950.558 36.8864 211.58 19.9264 87.7213 479.928 47.0043 9.69591 52.8981 447.971 16.9954 7.42 186.025 6.95561 3.48958 3.25085 1.41274 0.905805 0.068272 0.00602798 0.000761302 1.59297e-05 4.03547e-06 1.09709e-07
threshold=-6.0176429106567477 -1.0925339430218364 0.87058492334257587 0.73866272153231216 1.5873984587580583 -0.37108097829048919 -3.6085449097720472 -0.68470660593602617 -1.6659742630150536 -1.3348375399798524 -0.024693290434100994 1.35370342433432 -0.11001308697103365 3.3391884763309219 -0.1463144012199171 -2.3805485318847128 -0.087278780883129278 2.6839106295361099 3.283747335452579 -1.7020156536355697 1.155362084815424 -1.6749881292122837 -0.55788580556200229 -2.9318825508925195 2.6631567422817235 1.7636471944843384 -1.980277404455945 -1.9120558708266924 1.916966964752461
decision_type=2 2 2 2 2 2 2 2 2 2 2 2 2 2 2 2 2 2 2 2 2 2 2 2 2 2 2 2 2
left_child=1 21 -3 6 8 -6 7 -2 9 11 -11 -5 13 15 -15 -8 17 -14 -18 22 -21 -1 -10 -23 25 -25 -9 -28 -7
right_child=3 2 -4 4 5 28 12 26 19 10 -12 -13 16 14 -16 -17 18 -19 -20 20 -22 23 -24 24 -26 -27 27 -29 -30
leaf_value=0.061453956937401334 6.2325626304139838 -0.44500429992962554 -6.2055050914733831 -0.097380988262957616 -49.959076231079237 -0.050342391542773368 0.37603597749274753 -0.052758100221522754 0.10080796981863023 -0.051637987515399802 -14.574204493737334 -1.3963643618084036 -0.078270838750305147 25.108749161256334 -0.050798175554342177 0.0013084985604067767 -0.017804065315553952 -9.4159273591160542 -0.41908646355916918 -0.060756811000349548 0.055845642898985359 -0.087504624159416108 -0.050736321394069944 -0.056061354119534682 -0.063355196676167846 -0.051964660166129363 -0.051586388367673298 -0.050066129519870009 -0.050578588109779082
leaf_weight=0.27681197673732238 0.015915123017080493 0.2696174953034558 0.04875152801397109 1.0687906390109541 0.0010018177346567845 0.0086973879963046057 0.3072753876415949 0.049545235931873328 0.4908766949443375 0.032742081611697699 0.0068852078084372373 0.074496003514718301 5.871762191300645 0.0019873764015183723 0.016118199157738031 19.799489967566533 15.191316955405153 0.0053386386668269328 0.10876097008342966 8.6375687416074687 0.64219536020520607 0.259540500190094 0.12338997930418583 0.31765705405762734 0.3264035391103568 0.17636825410679002 0.029806356877088547 0.0051141138654662638 0.01130849402397871
leaf_count=33 38 30 102 383 257 161 757 3 181 288 84 51 33728 31 186 81265 53194 113 179 22087 1828 226 2852 184 11 200 2 152 2
internal_value=-0.0336563 -0.284071 -1.3271 -0.0256662 -0.0727074 -2.43052 -0.0130568 0.944248 -0.0682358 -0.262184 -2.57492 -0.182022 -0.0153834 0.00946769 2.71086 0.00703515 -0.0389997 -0.086753 -0.0206566 -0.0450477 -0.0526875 -0.0393227 0.0703667 -0.0651533 -0.0580825 -0.0545988 -0.0521816 -0.0513637 -0.0504759
internal_weight=54.1755 1.67515 0.318369 52.5004 11.098 0.0210077 41.4024 0.100381 11.0769 1.18291 0.0396273 1.14329 41.302 20.1249 0.0181056 20.1068 21.1772 5.8771 15.3001 9.89403 9.27976 1.35678 0.614267 1.07997 0.820429 0.494025 0.0844657 0.0349205 0.0200059
internal_count=198608 786 132 197822 28174 420 169648 195 27754 806 372 434 169453 82239 217 82022 87214 33841 53373 26948 23915 654 3033 621 395 384 157 154 163
is_linear=0
shrinkage=0.05


Tree=158
num_leaves=31
num_cat=0
split_feature=4 6 5 2 8 7 27 11 0 0 23 3 22 17 3 20 8 25 6 2 26 5 26 12 0 8 11 11 21 6
split_gain=114.137 1175.16 3453.58 147.605 888.373 40.9983 152.494 472.716 626.768 62.6606 169.887 94.1597 34.1992 188.414 10.4036 131.763 867.75 49.1292 17.1773 141.509 14.3334 35.5451 16.769 10.336 10.0995 5.59394 5.24892 1.32563 0.0550992 0.0239555
threshold=3.3391884763309219 -1.6659742630150536 -0.88150140648606767 0.36190103703501492 -0.22944509375318109 -6.0176429106567477 0.93386279202721745 0.60862100546731823 -1.1292908032761029 -1.0925339430218364 -0.092745342326240029 -0.024693290434100994 -1.4142098467577875 -0.23364603461443229 1.7499371652409101 4.9862423002005123 -0.87078880885003895 -1.3513707188227959 -1.6659742630150536 1.0606991318966712 -2.3805485318847128 -1.1976163355518674 -1.6476001148789534 -1.2404683786799324 -1.0925339430218364 1.3044662699387259 -0.2973841613934019 -2.0094963541027875 -2.9318825508925195 -1.8785297122085172
decision_type=2 2 2 2 2 2 2 2 2 2 2 2 2 2 2 2 2 2 2 2 2 2 2 2 2 2 2 2 2 2
left_child=5 3 -3 12 -5 6 9 8 -8 27 -11 -12 26 -14 15 18 -17 -16 19 -7 21 -19 -22 -4 -9 -20 -2 -1 -29 -28
right_child=1 2 23 4 -6 14 7 24 -10 10 11 -13 13 -15 17 16 -18 20 25 -21 22 -23 -24 -25 -26 -27 29 28 -30 -31
leaf_value=0.060836241663618756 0.1494388273345415 -39.117569432156934 -2.1512679196808766 -13.238307379001563 -0.052053775031896232 -0.14155276717591833 -0.04958053185573074 -0.050427978793587729 -31.443663654232388 -0.06603915396222769 -1.0149537322683115 -4.1779414357647235 -5.6246312643394232 -0.055892608668866452 1.1932514517757116 -50.001248070839537 -0.050066454107820041 1.170864668598288 -0.022043979898030266 -3.8455722577958635 -0.79011425816150527 0.066689824310908544 -0.0010560717646514108 -0.050156060369276528 -1.6734657605792724 -0.075329243610666702 -0.078835538810462846 -0.084635314560061181 -0.0577915488049233 -0.097786735092825539
leaf_weight=0.26593137669853506 0.34939044904325323 0.0076774048124528217 0.022701911628246307 0.01516523275683121 0.080971981920847785 1.1990004642272041 0.0031819059549548635 0.014320125239584605 0.003177426168085105 0.22023975885495911 0.046836673815145592 0.047282901836911105 0.017940401719397162 0.099055544715562424 0.087435341051801951 0.001000976655710758 0.0066167531754559496 0.089652151218615472 29.879299934998578 0.026352417133394312 0.067665235150809688 0.38973923475476979 13.726588016015702 0.0078866248374110971 0.028985411100988713 5.8976117255170655 0.50128746137049529 0.25436277033278454 0.76934470620985473 0.24987192464458152
leaf_count=17 11 125 1 77 254 1897 32 80 13 35 25 23 39 113 98 23 392 21 167732 237 153 228 9240 79 38 17033 75 194 321 2
internal_value=-0.0439248 -0.497591 -9.13488 -0.245997 -2.13213 -0.0323579 -0.277405 -3.00607 -15.7356 -0.192917 -0.825891 -2.60395 -0.0970687 -0.909815 -0.0244697 -0.0384861 -6.6137 0.011652 -0.0371324 -0.221211 0.00441391 0.273184 -0.00492666 -1.60954 -1.13677 -0.0308277 -0.0106682 -0.0386243 -0.0644615 -0.0851396
internal_weight=54.3766 1.35195 0.0382659 1.31368 0.0961372 53.0246 1.65366 0.0496649 0.00635933 1.604 0.314359 0.0941196 1.21755 0.116996 51.371 37.0099 0.00761773 14.3611 37.0023 1.22535 14.2736 0.479391 13.7943 0.0305885 0.0433055 35.7769 1.10055 1.28964 1.02371 0.751159
internal_count=198608 776 205 571 331 197832 778 163 45 615 83 48 240 152 197054 187314 415 9740 186899 2134 9642 249 9393 80 118 184765 88 532 515 77
is_linear=0
shrinkage=0.05


Tree=159
num_leaves=31
num_cat=0
split_feature=3 6 21 24 2 29 17 4 23 14 27 1 0 22 0 17 17 15 29 24 0 24 29 28 26 1 25 5 7 9
split_gain=15.2512 40.1958 137.014 49.007 368.46 3564.12 35.5539 22.5675 20.5626 11.5034 1367.4 7586.5 6.44957 14.1544 8.2155 781.991 6.8997 8.37591 7.21628 5.4095 4.4247 3.20114 5.27538 3.24401 2.42011 2.25746 76.69 1.97162 1.86055 1.739
threshold=0.48615219757438455 -1.6659742630150536 2.2457657455174087 -1.0047507516831395 -0.37499243803862237 -1.0000000180025095e-35 1.9382816900277899 2.6839106295361099 -0.97476909113781096 -1.7475136117440979 -1.3442826784282014 0.52384049683827871 -0.6791685144053522 -2.2361691977285409 -0.72104344636239792 -0.57085932421694485 -1.0801135138516449 -3.2656479115144936 1.1529124604541126 -1.5303750164315941 -0.16991786729434438 -0.57268463101459133 0.82310300098989575 0.15268498555693691 2.7529616263015506 0.58546402763119698 1.5202596944217215 -0.43758955467343358 0.074557079187637335 -1.3316176775407014
decision_type=2 2 2 2 2 2 2 2 2 2 2 2 2 2 2 2 2 2 2 2 2 2 2 2 2 2 2 2 2 2
left_child=1 2 3 4 7 -6 8 -1 -5 10 11 -2 14 -14 16 -16 18 -18 -11 27 -21 25 24 -24 29 -3 -27 -15 -12 -23
right_child=9 21 -4 6 5 -7 -8 -9 -10 12 28 -13 13 19 15 -17 17 -19 -20 20 -22 22 23 -25 -26 26 -28 -29 -30 -31
leaf_value=-0.2561071228735835 -0.050139462921568671 -0.060109068795790789 -2.702518009300797 0.85803371330059086 -99.630596162333063 -0.050212532890044848 -1.9403067992218912 -1.7837565646297211 -0.12473661491861553 0.030378137649654288 -0.050721640301196885 149.43058460421278 0.75850508550102325 0.036934136633064801 -39.540790812344653 -0.03224773430271579 -0.48170840011285332 -0.057440636539935391 -0.2240448449737521 0.048990503298852545 -0.0062442647547348608 -0.006509678405105278 -0.051860624840043883 0.050215792591166798 0.096024141147609765 -0.089292701658179485 -4.1171214508755858 -0.078238137448811224 0.072114997912729822 -0.065511312562663959
leaf_weight=0.17156833486828593 0.0055056530674597037 4.5185805955725522 0.05650920702736284 0.054933871078742036 0.0010042119491048265 0.0085403569032160582 0.026470230314044163 0.028140846187755947 1.7107595365432893 4.1035426098370298 0.54003943581627578 0.0010035249919204117 0.061677502023892994 0.43383287188477426 0.0012661182164592213 0.11599544223434116 0.11780812461692391 9.2718368354660843 0.29901030865233025 5.2551092498838434 11.694057222701131 1.5455048525107331 1.0821257739617061 2.7726121056674966 0.27738553354739792 0.7384163251528908 0.01201000976589961 2.5900750990747454 0.71827029958443267 6.5063770293175498
leaf_count=137 92 30167 175 292 166 110 76 27 1267 713 1325 52 62 504 95 444 21 7352 114 10749 29111 3867 16612 11500 591 8445 284 1812 3450 68996
internal_value=-0.0300674 -0.0655273 -0.274525 -0.205972 -0.930045 -10.5274 -0.121428 -0.471367 -0.0941609 -0.0104174 0.137638 22.9954 -0.0159342 0.00222578 -0.0420913 -0.458837 -0.0385481 -0.0627638 0.0130984 -0.000109635 0.0108813 -0.0408839 -0.0268021 0.0215603 -0.049184 -0.0734464 -0.153755 -0.0617146 0.0193962 -0.0541863
internal_weight=54.72 19.5109 2.05793 2.00142 0.209254 0.00954457 1.79216 0.199709 1.76569 35.209 1.26482 0.00650918 33.9442 20.0348 13.9095 0.117262 13.7922 9.38964 4.40255 19.9731 16.9492 17.453 12.184 3.85474 8.32927 5.26901 0.750426 3.02391 1.25831 8.05188
internal_count=198608 142712 2250 2075 440 276 1635 164 1559 55896 4919 144 50977 42238 8739 539 8200 7373 827 42176 39860 140462 101566 28112 73454 38896 8729 2316 4775 72863
is_linear=0
shrinkage=0.05


Tree=160
num_leaves=31
num_cat=0
split_feature=14 26 2 20 18 1 20 27 28 1 10 20 14 15 7 26 24 7 13 21 9 12 3 16 11 5 24 6 6 28
split_gain=418.088 15724 175242 252895 1472.93 13306.6 650.623 1348 141.537 857.585 32.9985 902.542 17.0923 729.196 514.69 2852.38 194.335 15.0669 12.919 47.5165 7.52152 5.86033 4.64554 4.15693 2.94932 7.68334e-07 1.56292e-07 2.44709e-09 7.307e-10 1.48124e-10
threshold=-2.0192743714938 -1.1852659040292879 -0.63870558494747776 0.057937571516655982 1.4655934130874122 0.50749999997045248 2.3580492622531444 0.23618287377091463 1.9450288559682647 -0.56139936622653142 -2.3440883907735719 0.81508089726867039 -1.7475136117440979 -2.8416237019844579 -0.27985240509702142 -1.3831358290626821 -1.1916953917779793 -2.833118398091794 0.16475384260344331 2.5338510928012665 1.8851872074952911 -0.1361358599218235 -1.5690814439844909 0.80830092704937162 -2.0094963541027875 2.3809235066945833 1.1968626539363292 0.33180464274665938 0.33951328188871105 -1.3649213781868161
decision_type=2 2 2 2 2 2 2 2 2 2 2 2 2 2 2 2 2 2 2 2 2 2 2 2 2 2 2 2 2 2
left_child=1 2 -1 -4 6 27 8 -8 23 -10 11 25 13 -12 15 -15 -16 18 24 -20 21 -19 -22 -3 -14 26 29 -6 -29 -2
right_child=10 4 3 -5 5 -7 7 -9 9 -11 12 -13 17 14 16 -17 -18 20 19 -21 22 -23 -24 -25 -26 -27 -28 28 -30 -31
leaf_value=0.048223449278785302 -0.050022941359222445 -0.067854649741543357 -1008.3566329459502 -29.927177567837209 -0.050003856111709127 -185.03030746086577 -33.433566227754213 -0.050393433320094043 -0.050035057855893787 -49.984989729653677 36.062805382071168 -46.840815407608233 0.054226626248479418 -83.049357571644023 -9.8993434723583462 -3.2265185069602653 -0.098463524527329968 0.0077040636103402936 -0.15795372636064181 -1.4839501494223852 -0.37544716094835923 -0.02993906422519213 -0.075049427804210506 0.095169295951974403 -0.066405949032017936 -0.050658519328866725 -0.05031126242902173 -0.050080945063160576 -0.050034910452637298 -0.05000439709610735
leaf_weight=0.029892485911017858 0.0012446325911413701 1.5828341503595709 0.001090937981933771 0.0016735188812236714 0.00617937125802729 0.0010811961907755139 0.004493257564616728 0.0092475223034802368 0.0060851621600118899 0.0010013023904777776 0.0013845500518691036 0.0010674899979298677 0.63399866172350128 0.0012048287584177217 0.005076489542956141 0.015740266928072219 1.3726000975118955 19.558475363615372 2.1331728618560173 0.069771398841753096 0.13336168276389848 21.934737679480676 3.6828960830200672 0.51932564427152605 2.5230369390789424 0.012830235995352268 0.0077660848575359506 0.0016136622289195657 0.0018505601991300677 0.0079869181907838548
leaf_count=43 42 4432 181 61 478 133 56 42 174 15 39 41 38 53 371 414 2948 80948 1171 166 666 100493 2789 1379 796 8 145 1 48 437
internal_value=-0.0617777 -0.742375 -35.1747 -416.045 -0.215381 -18.6984 -0.12201 -10.9667 -0.0513612 -7.10574 -0.0334758 -1.66706 -0.0325064 -0.2051 -0.241106 -8.90208 -0.134578 -0.0277512 -0.107024 -0.199951 -0.0183735 -0.0121954 -0.085547 -0.0275806 -0.0421804 -0.0503664 -0.050146 -0.0500227 -0.0500564 -0.0500069
internal_weight=54.2627 2.16637 0.0326569 0.00276446 2.13371 0.0107248 2.12299 0.0137408 2.10925 0.00708646 52.0964 0.0308954 52.0655 1.39601 1.39462 0.0169451 1.37768 50.6695 5.35998 2.20294 45.3095 41.4932 3.81626 2.10216 3.15704 0.0298279 0.0169976 0.00964359 0.00346422 0.00923155
internal_count=198608 7043 285 242 6758 660 6098 98 6000 189 191565 673 190892 3825 3786 467 3319 187067 2171 1337 184896 181441 3455 5811 834 632 624 527 49 479
is_linear=0
shrinkage=0.05


Tree=161
num_leaves=31
num_cat=0
split_feature=14 9 15 21 19 24 25 18 9 15 25 26 7 13 2 5 9 12 6 28 7 14 11 23 3 11 1 16 5 23
split_gain=291.967 3311.18 26008.7 2450.12 9280.98 11592.9 2212.72 1110.95 7912.02 1181.61 3154.23 1040.08 14.5205 12.6674 26.1944 210.226 6.98746 5.34811 13.7632 55.6358 11.029 591.961 7.20294 6.1142 4.01188 2.74892 2.65511 2.22848 2.15674 1.48469
threshold=-1.7475136117440979 1.5478203050074728 0.69617250045076795 -1.4284052271931944 -0.79664813374256738 0.50254824281987331 -0.3768557601589882 1.7970179530675068 -0.28730194803010528 -2.8416237019844579 -0.97696106632036117 -2.3805485318847128 -2.833118398091794 0.16475384260344331 0.039140141327161468 1.3286364421093106 1.8851872074952911 -0.1361358599218235 -1.5358683843737935 1.4346860662495897 0.54820167569678457 -1.2644205618452242 -2.4823734980974708 1.2773484043187058 -1.5690814439844909 -2.0094963541027875 -2.4348507839296079 0.71039386245514313 0.9406507197488484 1.0126592022484682
decision_type=2 2 2 2 2 2 2 2 2 2 2 2 2 2 2 2 2 2 2 2 2 2 2 2 2 2 2 2 2 2
left_child=1 3 -3 4 5 -1 -6 9 -9 10 -5 -11 13 25 28 27 17 18 19 -14 22 -22 -19 -20 26 -2 -18 -16 -15 -26
right_child=12 2 -4 7 6 -7 -8 8 -10 11 -12 -13 16 14 15 -17 24 20 23 -21 21 -23 -24 -25 29 -27 -28 -29 -30 -31
leaf_value=-231.79189554431073 0.05286510836394534 -244.66002158168473 -3.867800559942606 0.059164255327637388 -0.050066454793283525 -0.0057491328886851269 -61.188696835811051 149.78454593572991 -0.050033158517377989 -17.595495046885937 -14.055516718240412 -0.084213371685817162 0.085504600884909215 -0.18383006740071275 -0.051257253655832113 -4.2848013810513015 -0.51287436125093255 0.049630701415176337 -0.0016244319786475571 1.5635484840153906 -29.787543746902823 -0.1093443568419199 -0.03042867611209701 -0.21466791032855848 -0.086781199595710443 -0.065147160459082754 -0.05071455894552182 -0.30392732801533845 -0.066021054591794567 0.001940129574387798
leaf_weight=0.0010787864993447873 0.61821628578197119 0.0012264418775855832 0.013097635976400013 0.13105133424086413 0.015545014892410875 0.0010790443212534708 0.0016356254757057655 0.0010011042376961779 0.0073472769065858687 0.0085009561715153614 0.056709347250318287 3.3606690588731043 1.6448716350134949 0.62056937529841949 0.12778025012232447 0.034605013007513286 0.087985508143901825 3.413483040256609 17.571335760545015 0.066231353360097001 0.0016813763081126023 2.3808665277494043 15.87746893474236 0.34335827018206089 3.0400641392590813 2.4451873122892387 0.04804746115755465 0.27522445258381861 1.038803682925906 0.55810738719005826
leaf_count=71 38 190 42 9 385 52 110 267 350 92 56 9329 900 382 212 108 2 2932 76592 57 724 11694 85396 3686 2463 797 664 74 588 346
internal_value=-0.0578927 -0.492916 -24.4847 -0.397045 -18.1462 -115.885 -5.87057 -0.300772 17.9175 -0.343531 -4.20389 -0.128397 -0.0267012 -0.106145 -0.200829 -0.544946 -0.0175977 -0.0116754 0.00723276 0.142715 -0.0287972 -0.130288 -0.0162624 -0.00570769 -0.0830966 -0.0413315 -0.349637 -0.223814 -0.110079 -0.0730198
internal_weight=53.7928 3.59894 0.0143241 3.58462 0.0193385 0.00215783 0.0171806 3.56528 0.00834838 3.55693 0.187761 3.36917 50.1939 5.16039 2.09698 0.43761 45.0335 41.2993 19.6258 1.7111 21.6735 2.38255 19.291 17.9147 3.7342 3.0634 0.136033 0.403005 1.65937 3.59817
internal_count=198608 10953 232 10721 618 123 495 10103 617 9486 65 9421 187655 2199 1364 394 185456 181981 81235 957 100746 12418 88328 80278 3475 835 666 286 970 2809
is_linear=0
shrinkage=0.05


Tree=162
num_leaves=31
num_cat=0
split_feature=14 2 18 27 9 15 28 18 16 15 24 20 18 7 20 20 8 14 9 9 7 13 21 24 9 12 6 7 11 11
split_gain=9786.55 160354 1.38121e+06 4.09177e+06 43853.4 19202.9 9766.33 69509.1 8653.03 822004 1.25307e+06 7542.13 1571.24 8654.57 958.166 833.618 475.952 299.148 996.752 79.1235 10.8337 9.05653 74.3398 93.9246 6.36492 4.98763 13.4422 10.8148 2.66807 2.61729
threshold=-1.7971138603895425 1.1353930664745528 1.7970179530675068 -0.23015859018826437 0.22372825295686993 -2.8416237019844579 1.7263104653808419 0.83675869893595001 0.90122592834491844 -1.0831370368738928 0.50254824281987331 -0.24753411314678878 1.7970179530675068 0.84819241779022148 0.5228119596385522 0.041927931268810475 -1.3059954184526588 -1.7475136117440979 -0.29882573871868151 0.55169411721039185 -2.833118398091794 0.80494058472636643 2.5338510928012665 -1.1916953917779793 1.8851872074952911 -0.1361358599218235 -1.5358683843737935 0.54820167569678457 1.8918770667543445 -2.0094963541027875
decision_type=2 2 2 2 2 2 2 2 2 2 2 2 2 2 2 2 2 2 2 2 2 2 2 2 2 2 2 2 2 2
left_child=1 6 5 4 -4 -3 8 15 12 10 -10 -11 16 -14 -7 -8 -1 18 -2 28 21 29 -23 -24 25 26 -22 -27 -20 -19
right_child=17 2 3 -5 -6 14 7 -9 9 11 -12 -13 13 -15 -16 -17 -18 20 19 -21 24 22 23 -25 -26 27 -28 -29 -30 -31
leaf_value=11.874612634644301 -7.1929857800801429 -130.06890166180071 -337.1341239386997 -3734.8820493919347 -0.050052212757346184 -0.050426513795818764 -47.473108316441355 -442.70533561824561 -2264.3875034101015 -55.087416787489019 -57.122434524429949 -0.010530135792098634 -16.608525494582533 -0.63437594452002588 -49.024981035706254 -0.050027083207220727 -0.055993623501057459 0.051517087458157723 -0.053877979692915703 -2.4552474733598202 0.14517553932355659 -0.13047410914927371 -1.2477289790753039 -7.7362268869511226 -0.079831567938021764 -0.015664138259657595 -0.0054476755785850288 -0.13113060316148548 -0.33900175808990701 -0.063447144456444463
leaf_weight=0.0083859631983996819 0.062142248861889626 0.00307632456484734 0.0017799713976275749 0.0010040612149216496 0.0021070106639724528 0.045889771546672585 0.0010543383639947009 0.0010165922956725951 0.0010157432832744227 0.0063593115334080732 0.001752159422176263 0.27538909514418741 0.096249028954703664 0.71225989668664624 0.0010209295111437344 0.007653160740482997 2.6447684225717136 0.60305797529079574 0.23613486618353408 0.04160928592067642 1.6151374021643317 1.89973756393839 0.039103931800536479 0.0065052296744361462 3.6885250155690619 19.036992326564789 17.867806476065699 2.2696784461734465 0.12573800981044769 2.7647316444575356
leaf_count=357 386 42 43 184 35 2024 119 85 390 306 237 559 157 29 196 273 5135 44 264 131 957 746 65 88 3475 88328 80278 12418 1 1256
internal_value=-0.222026 -2.66493 -87.5166 -889.431 -154.411 -9.05233 -1.42515 -51.4687 -1.29525 -9.67727 -867.127 -1.25366 -0.606328 -2.53602 -1.11627 -5.7922 -0.0182839 -0.0367904 -1.29825 -0.390374 -0.0249938 -0.0924746 -0.178366 -2.17318 -0.0169329 -0.0112451 0.007039 -0.0279641 -0.152948 -0.0428609
internal_weight=54.0677 3.81078 0.0548781 0.00489104 0.00388698 0.049987 3.7559 0.00972409 3.74618 0.284516 0.0027679 0.281748 3.46166 0.808509 0.0469107 0.0087075 2.65315 50.2569 0.465624 0.403482 49.7913 5.31314 1.94535 0.0456092 44.4781 40.7896 19.4829 21.3067 0.361873 3.36779
internal_count=198608 10171 2524 262 78 2262 7647 477 7170 1492 627 865 5678 186 2220 392 5492 188437 782 396 187655 2199 899 153 185456 181981 81235 100746 265 1300
is_linear=0
shrinkage=0.05


Tree=163
num_leaves=31
num_cat=0
split_feature=18 25 14 23 11 9 14 27 1 14 20 6 5 3 3 8 7 6 9 22 3 0 4 13 13 3 28 17 12 2
split_gain=348.551 83156.2 36834.9 2489.12 328.439 9279.29 111.983 88.8147 651.985 64.7532 22.1227 50.9334 24.93 17.5193 16.7898 9.92561 9.63587 8.16819 7.22192 50.4236 12.2045 8.10531 5.33848 4.81277 23.5799 2.50267 1.42972 1.2419 0.725934 0.367816
threshold=1.7970179530675068 -1.924026694924392 -2.2510299451914242 -2.542994944530601 0.84759411532441953 0.56458845709108363 -1.7475136117440979 -1.5897995290799491 -0.22973988897780759 -1.7971138603895425 0.53637622255200734 1.3067270395843529 -0.6788802883029873 2.6159816495256254 0.69810665306352315 -1.6017636471146728 -2.833118398091794 -1.4414049317151225 -2.0607210003385319 -3.6248907980556369 -0.45979882604603134 -1.6174608663727368 0.84768604250068635 0.80494058472636643 0.9818769786980347 -1.5690814439844909 0.33988707324035544 0.16202405509190151 -0.12669752893535022 1.6952241444776786
decision_type=2 2 2 2 2 2 2 2 2 2 2 2 2 2 2 2 2 2 2 2 2 2 2 2 2 2 2 2 2 2
left_child=6 -2 -3 -4 9 -6 7 8 -1 -5 13 12 -12 14 -9 -13 23 -15 19 -18 -21 25 -23 27 -25 -20 -26 29 -29 -8
right_child=1 2 3 4 5 -7 16 10 -10 -11 11 15 -14 17 -16 -17 18 -19 21 20 -22 22 -24 24 26 -27 -28 28 -30 -31
leaf_value=-0.07117813059760332 -320.68114577871495 -74.24041022661234 -62.494554395644258 -0.53221433089808534 -53.559038145728962 -0.05969750097053117 -0.064984883470094165 -0.088549195710569184 -6.4079586992751123 -0.026360682495232525 -1.6930150718007952 -2.8473470240920036 -0.2401929446289385 0.44821162535752396 -0.16711355240684131 -1.3819353357661932 1.3811351008280404 0.021526128931896552 -0.27782172968145463 0.69507718410563335 0.01367625032484115 -0.0017428963544822386 -0.055694382318456637 -1.4156210091375243 -0.1618308443554746 -0.073027298022844953 -0.055344917887677682 -0.053643022399766031 0.047543802428188113 -0.13215704534159115
leaf_weight=0.29239072268972921 0.0020266722434748577 0.016825708669615191 0.0016014207086570966 0.71273488606929092 0.0084098154249371559 0.22368402924840367 1.5262888671081203 11.270894536033447 0.047135734565771914 5.6290403870420143 0.030227091057376421 0.017251845449209213 1.2771634590769092 0.12843726575374592 17.145003454603433 0.034994165983288084 0.069764281799597927 0.88520055451107182 0.15362425909062416 0.06683914125003898 3.9018497019497267 24.305487387825529 5.6511890009711605 0.036656780327719685 1.1651721440408607 5.155037539820059 0.43211554021734144 0.31175651474123628 0.41083308187677675 0.23519830431943511
leaf_count=128 85 252 190 230 738 94 603 5596 127 5440 158 8 612 14 3013 86 34 560 722 637 353 151217 20516 108 470 5736 292 314 263 12
internal_value=-0.105088 -0.453516 -0.355068 -0.166006 -0.150823 -1.99822 -0.0742683 -0.146644 -0.9509 -0.0832122 -0.137775 -0.334959 -0.273782 -0.128666 -0.135952 -1.86582 -0.0223826 0.0755911 -0.0147585 0.0485768 0.0251521 -0.0220114 -0.0119206 -0.0951496 -0.161798 -0.0789537 -0.133023 -0.0513107 0.00388741 -0.0739539
internal_weight=81.1448 6.59432 6.5923 6.57547 6.57387 0.232094 74.5505 31.1287 0.339526 6.34178 30.7892 1.35964 1.30739 29.4295 28.4159 0.052246 43.4218 1.01364 39.3038 4.03845 3.96869 35.2653 29.9567 4.11802 1.63394 5.30866 1.59729 2.48408 0.72259 1.76149
internal_count=198608 7029 6944 6692 6502 832 191579 10302 255 5670 10047 864 770 9183 8609 94 181277 574 179215 1024 990 178191 171733 2062 870 6458 762 1192 577 615
is_linear=0
shrinkage=0.05


Tree=164
num_leaves=31
num_cat=0
split_feature=14 18 15 3 11 1 0 27 2 4 17 7 16 25 0 0 13 21 1 11 28 25 8 4 11 28 25 29 25 25
split_gain=209.196 1284.88 9460.94 952.847 169.945 1098.19 76.6848 57.7358 19.7392 34.718 15.6191 9.6488 8.94221 7.6163 319.487 556.925 7.07525 27.1894 6.08682 132.956 6.68164 34.5292 3.64097 3.41356 2.36771 1.15842 0.819462 0.464663 0.323852 0.0568474
threshold=-1.7475136117440979 1.7970179530675068 -1.0143685083042542 0.83678368518183321 0.92315531101199699 0.49060883797746113 -0.88288924917535583 -2.2002698322111542 -4.0088752521451889 -1.3553789728315657 -1.5589413389355686 -2.833118398091794 -1.3674811573116694 -2.25743248810149 -0.66650424994607704 -1.1689360690379484 0.80494058472636643 2.5338510928012665 -1.0614569906907059 -3.2946583790412771 1.4346860662495897 -1.6203645108391245 1.0280955108409571 3.3391884763309219 -2.0094963541027875 0.33988707324035544 0.18729739657276365 1.6476266496504373 -2.25743248810149 1.1453678368749398
decision_type=2 2 2 2 2 2 2 2 2 2 2 2 2 2 2 2 2 2 2 2 2 2 2 2 2 2 2 2 2 2
left_child=1 7 3 -3 6 -6 -5 -1 -9 12 -11 16 -10 14 15 -13 24 25 19 -15 22 -22 -20 -21 -2 26 -18 28 -26 -27
right_child=11 2 -4 4 5 -7 -8 8 9 10 -12 13 -14 18 -16 -17 17 -19 20 23 21 -23 -24 -25 27 29 -28 -29 -30 -31
leaf_value=-1.6523977194949475 0.049930163090923067 -6.8380969461349395 -22.44719732697866 1.216649932527434 -16.069828183439352 -0.052115744349817389 -0.19895686042459665 0.60032671927931558 -2.4863640002853398 -1.0185369397383661 -0.131056114493139 -0.050089826169598776 -0.050002052986589822 6.5717433061170283 -0.056700238514307159 44.217616736864365 -0.17685015888909092 -0.97787757260875985 -0.0095651086761442683 -0.047199256109039217 1.8545553513091155 0.036121943148369376 -0.059691470068731517 -0.1316814897195682 -0.12194838154237733 -0.054975769658439567 -0.088879124620710487 0.015560606694113297 -0.060969997953884053 -0.085344841305731237
leaf_weight=0.062545686644766785 0.58702589407475203 0.05893678352040832 0.053583555755349233 0.11768975853919983 0.012406590394675732 0.077830999380132937 0.51125746077686696 0.09180525690317054 0.019705286249518394 0.04965454915259826 31.64107959450201 0.0019152981594065285 0.0046560756656671689 0.0075506203392466933 0.10563530278450103 0.0011294934511322202 0.81444709949822092 0.096931754394063874 27.770760512249336 5.1321763999770091 0.02624009163874319 5.0882363597924254 4.1660979596472982 1.5588662300836809 0.24200617265523705 0.42216072400261451 0.39219916820477407 0.18296933597415455 2.1713551479587831 0.2426743310583821
leaf_count=118 44 50 319 13 106 57 106 24 4 341 8968 79 847 18 415 90 303 153 146778 10586 226 6676 19950 638 19 243 162 44 1193 38
internal_value=-0.0874515 -0.185393 -2.12548 -0.726075 -0.225198 -2.25436 0.0659341 -0.134762 -0.131778 -0.133897 -0.132447 -0.0221019 -2.02071 -0.0144984 0.403552 16.3714 -0.0868328 -0.161348 -0.0155369 -0.0593987 -0.00760702 0.0454515 -0.016104 -0.0668818 -0.0407565 -0.119057 -0.148257 -0.0612606 -0.0670848 -0.0660609
internal_weight=81.7115 32.7012 0.831705 0.778122 0.719185 0.0902376 0.628947 31.8694 31.8069 31.7151 31.6907 49.0104 0.0243614 43.8586 0.10868 0.00304479 5.15177 1.96841 43.7499 6.69859 37.0513 5.11448 31.9369 6.69104 3.18336 1.87148 1.20665 2.59633 2.41336 0.664835
internal_count=198608 10953 651 332 282 163 119 10302 10184 10160 9309 187655 851 185456 584 169 2199 899 184872 11242 173630 6902 166728 11224 1300 746 465 1256 1212 281
is_linear=0
shrinkage=0.05


Tree=165
num_leaves=30
num_cat=0
split_feature=25 24 20 15 15 14 18 7 16 4 20 29 28 2 27 8 17 0 13 4 29 0 21 18 14 28 8 18 2
split_gain=2225.73 21771.7 4441.43 31656.6 4870.04 172.153 703.514 12217.4 54360.1 543.49 164.927 162.295 1443.2 26.0864 17.2996 55.474 13.631 9.10061 10.7579 8.95847 8.94839 7.53135 53.6455 7.25095 4.08616 4.45982 2.00593 0.156868 0.116019
threshold=-2.25743248810149 0.52064380411727318 -0.90151985684089531 -0.16515161688043875 -0.78195307144722992 -1.7475136117440979 1.7970179530675068 0.77777357311119999 0.80830092704937162 -0.63075904487137258 0.094064053653270904 -0.33123010713486239 -0.44845612535318141 -4.0088752521451889 -1.5897995290799491 -0.10269749645044696 -1.7962390877043364 -1.0285477065035764 -0.99722442418013379 3.3391884763309219 -1.980277404455945 -1.0602221026434242 2.2457657455174087 3.283747335452579 2.2949331403264845 1.4598908066522018 -0.48088915720682923 2.7786210890898873 1.6952241444776786
decision_type=2 2 2 2 2 2 2 2 2 2 2 2 2 2 2 2 2 2 2 2 2 2 2 2 2 2 2 2 2
left_child=1 2 28 4 -4 6 13 8 -8 -10 -6 -9 -13 -2 15 -15 -16 18 20 24 -7 26 -23 -22 25 -19 -20 -26 -1
right_child=5 -3 3 -5 10 17 7 11 9 -11 -12 12 -14 14 16 -17 -18 19 21 -21 23 22 -24 -25 27 -27 -28 -29 -30
leaf_value=-0.055134229052330987 0.95630354345194279 -73.456108362520737 -56.914072129359639 -199.02026114480054 -0.050433958679738912 0.28807988000267087 -196.49547334037422 -0.086397067978872533 -17.208589609733242 -2.3535604542066548 -9.6010604224180867 -0.093484994040093597 -10.537832853768652 -1.1979244463899135 -0.95078750553196212 -0.13330034603515581 -0.12317314438007212 -0.013013175429858021 -0.10426826237469425 0.36060056674417784 -0.0095832671351336364 -0.10594764290318558 -1.7374041072964621 -0.25007644966244724 -0.069225008839365249 0.037818432508073749 -0.055372317531451234 -0.11119315586386834 -0.11372183095652431
leaf_weight=0.12861393158624435 0.055360026657573225 0.010898337392009072 0.0043964653293807185 0.0022616453040003445 0.033103859856763902 0.24363698522958088 0.0043269004219900686 0.7601628676252985 0.0087422039359843183 0.02082320854652096 0.0052351657292594089 0.24878580868244168 0.038146952721661603 0.15869804037371127 0.049832155593039995 0.5343654787854909 31.007203169123549 24.107785599634276 3.8868293014974302 0.16490710889966109 7.5181560072392308 0.51523147506610145 0.055849304461568661 0.32705643167791976 1.9936314634944245 5.2558408621936108 4.5564469896746349 0.25064953368800358 0.24636021256446838
leaf_count=56 30 120 160 174 246 142 242 48 45 157 25 38 117 53 169 192 9692 159184 4017 54 2633 630 5 75 519 10569 9159 54 3
internal_value=-0.101197 -3.68539 -1.87483 -16.7181 -7.07032 -0.0823095 -0.170758 -1.42516 -30.9706 -6.74605 -1.35456 -0.46884 -1.48203 -0.128124 -0.130015 -0.377079 -0.124501 -0.0227967 -0.0522034 -0.00696713 -0.0103415 -0.0897673 -0.265497 -0.0196091 -0.00888483 -0.00391475 -0.0778814 -0.0739122 -0.0936266
internal_weight=82.1933 0.43087 0.419971 0.0449971 0.0427355 81.7625 32.8864 1.08099 0.0338923 0.0295654 0.038339 1.0471 0.286933 31.8055 31.7501 0.693064 31.057 48.876 17.1032 31.7728 8.08885 9.01436 0.571081 7.84521 31.6079 29.3636 8.44328 2.24428 0.374974
internal_count=198608 784 664 605 431 197824 10783 647 444 202 271 203 155 10136 10106 245 9861 187041 16661 170380 2850 13811 635 2708 170326 169753 13176 573 59
is_linear=0
shrinkage=0.05


Tree=166
num_leaves=28
num_cat=0
split_feature=14 0 18 24 19 27 16 20 0 13 25 0 27 4 29 28 0 5 29 25 14 28 17 19 14 6 8
split_gain=100.426 415.905 96.562 387.546 49.515 15.8704 11.9017 11.381 7.77441 13.6651 71.6887 18.2308 27.5997 9.97494 7.20599 9.92316 5.31954 23.5642 5.24303 4.06688 4.13648 3.73178 3.58663 2.10267 1.96025 0.740841 0.120081
threshold=-1.7475136117440979 -4.9494740817275611 1.862469253377194 -0.43847668179515381 -0.096514948145056081 -1.9429691855345437 1.9197669766505479 0.057937571516655982 -1.0285477065035764 -3.3356271479323412 -2.25743248810149 -1.2955036886223532 0.53214557995041667 3.3391884763309219 1.1529124604541126 -0.23663065550179693 -1.0925339430218364 1.7423005124743642 -1.4855632152596203 -1.3023747174173632 2.2949331403264845 1.4598908066522018 -0.33319640542737605 4.8077962034842194 1.1177421913278962 -1.6659742630150536 1.3044662699387259
decision_type=2 2 2 2 2 2 2 2 2 2 2 2 2 2 2 2 2 2 2 2 2 2 2 2 2 2 2
left_child=1 -1 5 4 22 -3 7 -7 9 11 -11 14 -13 19 18 -16 24 -18 -2 23 21 -21 -4 25 -12 -10 -22
right_child=8 2 3 -5 -6 6 -8 -9 13 10 16 12 -14 -15 15 -17 17 -19 -20 20 26 -23 -24 -25 -26 -27 -28
leaf_value=6.6001694968300271 0.23548059540736094 -0.56932764691711113 0.15236218886534705 -2.9778281061410672 -0.80048919494485438 -0.086219912403860524 -0.77514690902885786 -0.14665385041182358 -0.17058308476501247 -3.6754874886718967 -0.069379079470806335 0.055134847544160363 1.1291634696404509 0.42201226066008418 -0.74456605609134363 -0.056596883984219429 -0.12381742113170041 -1.3973745930383237 0.0064142737820955427 -0.0072053138364812867 -0.06840443834391495 0.042046504684881927 -0.090165915615466025 0.077901101244628373 -0.023061621448693656 -0.071985800787772308 -0.10544751934925736
leaf_weight=0.022904369980102923 0.27371047890443501 0.19841926884674066 0.22047287225723272 0.14808191847272145 0.27928767614221495 14.228098089620795 0.069328797314720414 17.21748232163247 0.20721785539499027 0.01379394788931243 8.5714429872409941 0.16712261714105325 0.093157594479578165 0.13452694276619581 0.072375638925373187 0.1900466444389502 1.671104855012445 0.037127845770751233 2.8600757542573456 22.361185237111464 1.7654263431113066 4.6449189055290416 0.49402259314530977 0.22988155484199513 3.1143471210510727 2.363965089270831 0.24972335012907421
leaf_count=30 63 156 64 289 119 5912 209 4110 18 111 12624 38 20 54 55 17 1307 115 361 149262 438 9779 64 9 2072 11222 90
internal_value=-0.0675215 -0.135129 -0.139824 -0.59156 -0.235986 -0.123559 -0.120752 -0.119309 -0.0221779 -0.0494268 -0.0727929 0.036253 0.439543 -0.00762754 0.00534547 -0.246338 -0.0690826 -0.151498 0.0264213 -0.00944382 -0.00389068 0.00126576 -0.0153287 -0.0669787 -0.0570351 -0.079932 -0.0729949
internal_weight=81.8992 32.8781 32.8552 1.14187 0.993783 31.7133 31.5149 31.4456 49.0212 17.0643 13.4078 3.65649 0.26028 31.9568 3.39621 0.262422 13.394 1.70823 3.13379 31.8223 29.0213 27.0061 0.714495 2.80106 11.6858 2.57118 2.01515
internal_count=198608 10953 10923 536 247 10387 10231 10022 187655 16783 16229 554 58 170872 496 72 16118 1422 424 170818 159569 159041 128 11249 14696 11240 528
is_linear=0
shrinkage=0.05


Tree=167
num_leaves=31
num_cat=0
split_feature=14 2 27 18 25 5 28 12 28 17 0 13 0 25 4 29 18 0 17 19 2 29 25 14 5 22 7 19 3 6
split_gain=90.3135 78.1213 544.476 148.191 320.427 4725.51 32.0867 9.41893 14.7616 8.42231 7.39228 12.7994 23.1488 39.8901 11.4862 7.82569 10.2317 7.7527 52.1895 466.307 13.7697 5.52044 3.78024 3.85092 3.43326 2.17641 3.03585 1.94662 1.13381 0.528292
threshold=-1.7475136117440979 -4.0088752521451889 -2.2002698322111542 1.862469253377194 -0.78190072685677836 0.55522592021561035 -0.056258140511342279 -0.40432401248109689 -1.9132643284150401 1.9382816900277899 -1.0285477065035764 -3.3356271479323412 -1.2955036886223532 -0.88377492913001221 3.3391884763309219 1.1529124604541126 2.7786210890898873 -1.2091114501369102 -0.96678348501057798 -1.5042300163445546 1.1762330605625946 -1.4855632152596203 -1.3023747174173632 2.2949331403264845 -0.68616044320081793 1.2898102499495432 -0.31338901656317003 4.8077962034842194 -1.5690814439844909 -1.6659742630150536
decision_type=2 2 2 2 2 2 2 2 2 2 2 2 2 2 2 2 2 2 2 2 2 2 2 2 2 2 2 2 2 2
left_child=1 -1 -3 7 6 -6 -5 8 -4 -9 11 12 15 -14 22 21 -17 25 19 -19 -20 -2 27 24 -24 28 -27 29 -13 -12
right_child=10 2 3 4 5 -7 -8 9 -10 -11 14 17 13 -15 -16 16 -18 18 20 -21 -22 -23 23 -25 -26 26 -28 -29 -30 -31
leaf_value=0.78680823898760266 0.2555836789315924 -13.829269875879422 -1.0388914139092351 -0.086703065588021738 -0.061535919917501028 -29.00392253382358 -0.85019426464793113 -0.091093784389420673 -0.14609849331825561 -0.57543256287595579 -0.15167597994418297 -0.18209942483252728 1.5702226427328252 0.058253580185774458 0.51285131435510634 -0.056183619985928537 -0.79703853912554701 -26.145784360507832 -0.11288766808630078 0.045924546217887087 -0.87417041664014228 0.0060941449337641703 -0.033168225672435873 -0.071419494184903204 0.010465334080142191 -0.053969649554453762 0.0505793816131637 0.075810075366496421 -0.063637177168751072 -0.070722659579364938
leaf_weight=0.23115167225841204 0.24035731509613745 0.0072574714299794554 0.046476792282926449 0.48820906327900027 0.15232280421187119 0.01554230762854511 0.19162638466526294 19.249172115017878 12.115515827713056 0.090178397707279312 0.22100022713183642 0.20771974762469803 0.065573941613063652 0.13031824816736512 0.10578575872188167 0.15163203319932961 0.067283204066109992 0.0019160252523655599 2.4285108427614479 0.015027504536312519 0.060887427612633771 2.8598083720984686 5.7230588288679227 1.9579701194569796 21.238048732734509 1.9478212032565143 1.0789863736537162 0.22454604506492604 7.3162861433610225 2.2878206980961111
leaf_count=36 63 119 126 114 47 229 138 6526 3450 168 18 1203 23 35 54 66 6 13 2873 417 287 361 28104 528 130937 1152 1900 9 8384 11222
internal_value=-0.0647884 -0.129118 -0.135661 -0.132589 -0.784959 -2.74126 -0.30191 -0.115034 -0.14951 -0.0933522 -0.0214134 -0.0484834 0.036208 0.564378 -0.00728767 0.00503542 -0.283884 -0.0712822 -0.150331 -2.91591 -0.131508 0.0254372 -0.00902603 -0.00371373 0.0012032 -0.0525042 -0.0167004 -0.0652303 -0.0669076 -0.0778538
internal_weight=80.9178 32.5875 32.3563 32.349 0.847701 0.167865 0.679835 31.5013 12.162 19.3394 48.3304 16.5721 3.51497 0.195892 31.7582 3.31908 0.218915 13.0572 2.50634 0.0169435 2.4894 3.10017 31.6524 28.9191 26.9611 10.5508 3.02681 2.73337 7.52401 2.50882
internal_count=198608 10953 10917 10798 528 276 252 10270 3576 6694 187655 16783 554 58 170872 496 72 16229 3590 430 3160 424 170818 159569 159041 12639 3052 11249 9587 11240
is_linear=0
shrinkage=0.05


Tree=168
num_leaves=31
num_cat=0
split_feature=14 2 18 4 27 13 3 17 7 25 4 1 7 28 7 23 11 28 6 1 5 9 19 29 11 13 20 3 2 22
split_gain=75.2078 66.2034 52.6192 253.99 28.237 21.1285 8.12558 7.57717 7.13288 7.26008 194.905 6.10605 12.6628 5.39051 5.34254 291.187 699.047 4.74135 4.51913 3.23972 3.15814 2.05055 1.10199 0.671394 0.249037 0.174915 0.000170461 5.01645e-05 3.2718e-05 7.27396e-06
threshold=-1.7475136117440979 -4.0088752521451889 1.862469253377194 -1.0000000180025095e-35 -1.9429691855345437 -0.25976590854406534 2.6159816495256254 1.9382816900277899 -2.833118398091794 -2.25743248810149 -0.58184654256241919 -1.0614569906907059 1.0341503001629344 0.84555883898657491 -3.9584527856389777 -0.10086775608981197 0.51732992509307885 -0.61973826440863855 -2.2225653003597254 2.1379613037422156 0.53773136599234894 -0.60979297849492164 1.9693493246126252 1.6476266496504373 -2.0094963541027875 1.1958038513189462 -1.3289340304063069 0.87226229062828453 1.4441646367183496 2.3073817170819648
decision_type=2 2 2 2 2 2 2 2 2 2 2 2 2 2 2 2 2 2 2 2 2 2 2 2 2 2 2 2 2 2
left_child=1 -1 4 -4 -3 -5 7 -6 14 10 -10 12 21 17 19 16 -16 -13 -15 22 -8 -11 23 -2 -21 -24 -12 -7 29 -17
right_child=8 2 3 5 6 27 20 -9 9 11 26 13 -14 18 15 28 -18 -19 -20 24 -22 -23 25 -25 -26 -27 -28 -29 -30 -31
leaf_value=0.69744817761319955 -0.071796718047152888 -0.86712259976942674 -2.7168823535520232 -0.74167884740744605 -0.11291433145103774 -0.084068784278620232 -0.071638721190051047 -0.58821137457713113 10.127644222335872 -0.031179764652342373 -0.055234807325553782 -0.00010054675333637643 0.56521655188783426 0.22258255550768569 -0.050007933385295071 -0.050693935619674481 -49.892786430634686 -0.043312688499554136 0.020141797411302991 0.059631314707547615 0.12924656276316077 -0.087650156059047274 -0.096501217306524459 0.056262677578279588 -0.052894600124209927 -0.14196753487077393 -0.050377089241402828 -0.083183806827259774 -0.052733036325597893 -0.051775446499032644
leaf_weight=0.24694127002384547 3.1107998391985943 0.12365886188674124 0.11280563765540064 0.14686393860607361 30.31188832054934 0.48204402625560766 0.33277913955967098 0.084085302545598206 0.0049126107099094476 2.6756935853228505 0.085791647434234619 15.675383892429512 0.080637233572106726 0.28405330659882011 0.0023571055077024586 0.029289254471811438 0.0010027207739313781 10.668043312732504 9.3475801335032624 0.48591027681261972 0.47478366198637612 4.0270024262082069 0.30626270896000252 0.10583376973904224 0.054705588118360182 0.68393471382854842 0.022874442527131 0.23978312314510691 0.097840048372745514 0.033136151773125039
leaf_count=36 903 154 375 95 9406 38 331 222 81 2688 13 50888 297 150 162 433 126 92956 29636 16 269 8257 87 29 282 132 490 27 9 20
internal_value=-0.0595107 -0.11812 -0.124353 -0.484848 -0.113059 -0.195002 -0.11007 -0.114229 -0.0195793 -0.0130409 0.386183 -0.0141014 -0.0576144 -0.00589673 -0.0766567 -0.357562 -14.9253 -0.0175998 0.0261121 -0.066975 0.0464661 -0.0651074 -0.0817817 -0.0675833 0.0482447 -0.127905 -0.0542122 -0.0837748 -0.0521624 -0.051268
internal_weight=80.3387 32.5556 32.3087 0.981497 31.3272 0.868691 31.2035 30.396 47.783 42.872 0.113579 42.7584 6.78333 35.9751 4.91107 0.163625 0.00335983 26.3434 9.63163 4.74745 0.807563 6.7027 4.20683 3.21663 0.540616 0.990197 0.108666 0.721827 0.160265 0.0624254
internal_count=198608 10953 10917 535 10382 160 10228 9628 187655 185456 584 184872 11242 173630 2199 750 288 143844 29786 1449 600 10945 1151 932 298 219 503 65 462 453
is_linear=0
shrinkage=0.05


Tree=169
num_leaves=31
num_cat=0
split_feature=14 4 18 5 27 29 3 13 7 25 9 24 1 18 4 14 4 16 6 3 1 28 5 23 25 19 4 0 6 17
split_gain=69.7002 69.5594 68.2435 344.51 60.397 11.3945 7.45302 6.50906 26.8227 93.9654 6.52083 24.8195 50.5538 19.2155 6.13495 5.52187 5.31325 4.49215 4.35345 4.24479 4.10607 3.31542 2.79494 2.1871 1.37558 1.31886 1.13288 0.91587 0.858605 0.70018
threshold=-1.7475136117440979 -3.5780307616273812 1.862469253377194 1.3286364421093106 -1.9429691855345437 -1.0000000180025095e-35 2.6159816495256254 0.71217423068109542 0.5854074645757591 -2.25743248810149 -1.5428703711567033 -1.8470163421329315 1.1196290124121704 3.283747335452579 1.1116003542340016 -1.7971138603895425 0.20699685504145765 0.11356830574241857 -1.2967655886065277 0.16748452933192912 0.25994543215358584 -0.94632737634261499 0.53773136599234894 1.7623222769791533 -1.7974949068075048 1.1760740401909957 3.3391884763309219 -1.9339127224549764 -1.5358683843737935 -0.0088451239356691618
decision_type=2 2 2 2 2 2 2 2 2 2 2 2 2 2 2 2 2 2 2 2 2 2 2 2 2 2 2 2 2 2
left_child=1 -1 4 -4 -3 -5 15 10 17 -10 11 12 -2 18 16 -6 20 21 -13 -18 -12 29 -8 25 -23 -19 28 -28 -16 -9
right_child=7 2 3 5 6 -7 22 8 9 -11 14 13 -14 -15 26 -17 19 23 -20 -21 -22 24 -24 -25 -26 -27 27 -29 -30 -31
leaf_value=0.8061066975203266 -0.062411782982246748 -1.669199227149659 -3.5867813910807174 -0.080706266370040303 -0.10715405149414864 -0.50475143632947106 -0.070415190887974446 0.10067078174166839 -6.1994842460232222 -0.050317921197577178 -0.010136080186736181 0.072174405933464816 1.230089615776718 -0.49733003597178471 0.054265613784474698 -0.28509301925569636 -0.046773028171039156 -0.060509721065348757 -0.0069802490778331245 0.033153871525603465 -0.061781240681807792 0.072473402222275038 0.11939348674375434 0.076709757973286663 -0.062971442704665551 -0.10735011186119697 -0.063118802850670716 -0.15539947277384958 -0.064996526924304729 -0.050561421576820247
leaf_weight=0.20375342545822306 0.18484412939662664 0.061894578423706714 0.08494521491777296 0.48327040184172859 29.612896072423126 0.23567697972794116 0.32190966142052346 0.77156357062968983 0.0080001430195465913 0.027805026062271043 10.506098836901227 2.8969108318670491 0.12807198326020242 0.18067334116133782 0.1577968103455073 0.44251314612732429 2.0885141892021979 3.6979478583659597 4.3387237315530314 8.1181605068958689 6.0735037916127341 0.22526516703554111 0.487897745454826 0.23229685040534498 1.116854744412916 2.5315831556101829 0.456117011016832 0.65497956399826718 3.4596382610519236 0.084963140733263609
leaf_count=52 72 152 387 91 8904 53 339 641 28 5657 76586 385 25 54 446 706 23643 11515 2583 16485 24076 323 269 115 9353 858 391 115 12345 1959
internal_value=-0.0575516 -0.114778 -0.120692 -0.575501 -0.10887 -0.219712 -0.105741 -0.0194307 -0.0585687 -1.42426 -0.0107579 0.0303972 0.46659 0.0119929 -0.0208515 -0.109774 -0.0115827 -0.0529225 0.0247107 0.016799 -0.0290549 0.00881171 0.0439419 -0.0739277 -0.040238 -0.0795449 -0.0733578 -0.117517 -0.0597942 0.0856693
internal_weight=79.8751 31.9348 31.731 0.803893 30.9271 0.718947 30.8652 47.9403 8.69628 0.0358052 39.244 7.72922 0.312916 7.41631 31.5148 30.0554 26.7863 8.66047 7.23563 10.2067 16.5796 2.19865 0.809807 6.46183 1.34212 6.22953 4.72853 1.1111 3.61744 0.856527
internal_count=198608 10953 10901 531 10370 144 10218 187655 30449 5685 157206 3119 97 3022 154087 9610 140790 24764 2968 40128 100662 12276 608 12488 9676 12373 13297 506 12791 2600
is_linear=0
shrinkage=0.05


Tree=170
num_leaves=31
num_cat=0
split_feature=14 2 18 12 28 22 26 3 0 13 22 29 7 15 18 20 0 3 5 29 23 14 17 14 5 1 29 22 18 19
split_gain=66.5149 92.5153 83.5423 205.719 4192.45 21647.5 21.364 6.85965 6.16359 5.50971 12.3428 12.6636 196.249 566.332 11.1824 27.7753 7.1553 6.45759 4.47667 13.6101 953.498 3.64249 4.02677 2.58876 2.49539 2.42075 1.52976 1.39498 1.32275 1.11266
threshold=-1.7475136117440979 -4.0088752521451889 1.862469253377194 1.2295587164681148 -0.44845612535318141 0.048381049401087291 -1.8290935402223878 2.6159816495256254 -1.5356828961130746 -2.1852736024447892 -3.6248907980556369 -1.980277404455945 -0.68737321699445875 0.051875267373805281 3.283747335452579 1.5392865517989789 -1.0285477065035764 0.016300630270654894 -0.68616044320081793 1.482721919918329 1.1571841862506964 2.2949331403264845 -0.52846471713079934 1.1177421913278962 0.53773136599234894 -0.0055465521249714765 -1.980277404455945 0.30450692548617436 -1.2806461805599125 -1.8279267169439317
decision_type=2 2 2 2 2 2 2 2 2 2 2 2 2 2 2 2 2 2 2 2 2 2 2 2 2 2 2 2 2 2
left_child=1 -1 6 4 -4 -6 -3 8 -8 10 -2 12 13 -12 17 -16 23 -13 19 28 -21 22 -20 29 -9 26 -25 -27 -18 -11
right_child=9 2 3 -5 5 -7 7 24 -10 16 11 14 -14 -15 15 -17 18 -19 21 20 -22 -23 -24 25 -26 27 -28 -29 -30 -31
leaf_value=1.2284754553512263 0.33408592846001489 -0.6767194730363475 -0.068432710126464513 -0.078893214496415731 -163.57381526838731 -0.05037861730636433 -0.45594240132301006 -0.069261030839405407 -0.10438913343693822 -0.049362328689942392 38.813710376511992 0.15126025290255157 -0.052505454153134526 -0.050058710462254588 0.063006665455651048 -1.0107123798109761 0.0033746651551712324 -0.0024868670211174574 -0.045899647270680799 -0.050283142303108812 -48.419438185752782 -0.068065330814479741 0.013373622165549021 0.074734445398827135 0.11129520123563688 -0.057599146519584546 -0.065023838692874633 0.089822932181038928 -0.067830124771231473 -0.085772400856813286
leaf_weight=0.12825138751258336 0.29328591655341796 0.16253586982686741 0.19680298864841464 0.46421171724796295 0.0024446847380935133 0.011758240238115801 0.12520952213453185 0.31118273242966749 29.397296313953248 3.3505886712351751 0.0012865466439466447 0.73859461684130323 0.062891855479025566 0.0034540616619693765 0.1679881548744725 0.093896410515299067 0.87108960963277215 9.0671516946425434 3.4730627264407188 0.071015602121716148 0.0010337106375189467 1.9831468573618583 16.375603880184126 0.22219562378531899 0.4969722158466246 0.21379209059769733 1.6481236351608881 0.64332514329066159 2.5959324756917344 5.6138035636660559
leaf_count=36 35 192 107 52 215 161 467 331 9122 1471 52 1086 132 20 30 28 1231 2398 35825 1701 247 528 103113 24 270 562 1186 355 25535 12096
internal_value=-0.055084 -0.111676 -0.117191 -0.667296 -1.96178 -28.1969 -0.10501 -0.101946 -0.10588 -0.0177897 0.0143161 0.00506291 0.686957 10.4971 0.000482071 -0.321966 -0.0268235 0.00909377 -0.0119097 -0.0640748 -0.744248 -0.00345344 0.00300216 -0.059186 0.0417714 -0.0165322 -0.0484204 0.0530512 -0.0499399 -0.0721635
internal_weight=78.7879 31.2967 31.1684 0.675218 0.211006 0.0142029 30.4932 30.3307 29.5225 47.4913 10.4285 10.1353 0.0676325 0.00474061 10.0676 0.261885 37.0627 9.80575 25.3709 3.53907 0.0720493 21.8318 19.8487 11.6918 0.808155 2.72744 1.87032 0.857117 3.46702 8.96439
internal_count=198608 10953 10917 535 483 376 10382 10190 9589 187655 3781 3746 204 72 3542 58 183874 3484 168180 28714 1948 139466 138938 15694 601 2127 1210 917 26766 13567
is_linear=0
shrinkage=0.05


Tree=171
num_leaves=28
num_cat=0
split_feature=9 3 20 15 29 12 27 2 21 0 13 14 2 26 0 1 7 28 13 18 12 23 25 15 2 15 16
split_gain=366.703 11133.6 107895 532.413 55.8553 1131.74 15345.7 684.995 272.855 721.072 176.826 42.5973 209.854 36.4984 8.90633 5.69163 9.14114 6.37108 22.2047 4.6939 1.60684 0.0561752 0.00290004 2.22245e-07 9.89026e-09 2.58012e-09 9.66477e-10
threshold=5.199622342376883 0.22850168836861443 -1.5971679600687103 -2.1655690976334547 -1.980277404455945 -1.2404683786799324 -1.7525352122118416 -2.3693439412189554 -1.313918666259104 -0.12820221829392642 -2.1852736024447892 -1.7475136117440979 -4.0088752521451889 -1.8290935402223878 -1.5356828961130746 -1.0614569906907059 1.0341503001629344 1.3053424597371979 -3.9074159136352793 3.283747335452579 -1.5190162595383889 1.7623222769791533 -1.5676628191589017 -1.7138531292788928 -2.5850591075142884 -1.662064214305935 2.9537189418341754
decision_type=2 2 2 2 2 2 2 2 2 2 2 2 2 2 2 2 2 2 2 2 2 2 2 2 2 2 2
left_child=4 2 3 -2 5 6 -1 -7 9 -9 -10 12 -6 -14 -15 16 20 19 -19 -17 -13 22 -3 -5 -8 -25 -26
right_child=1 21 -4 23 11 7 24 8 10 -11 -12 15 13 14 -16 17 -18 18 -20 -21 -22 -23 -24 25 26 -27 -28
leaf_value=-165.12584012397019 -29.95319494740535 -0.06420724109964486 -459.04570463055444 -0.050517609823842319 3.2397657745782462 33.939778267600126 -0.05012307800522306 -50.004739651725515 -1.0375991277567991 -0.050004603824898755 -0.060443545288650348 0.0522255781832641 -1.0548184291351304 -0.58430819798819911 -0.096732377978866579 -0.016184859181753317 0.38968456815055058 0.55533068141156006 0.019854571257406667 -0.17029958635950521 -0.070828928909215244 -0.092897636096705039 -0.05370606837896455 -0.050106114586542544 -0.050012687104829305 -0.050023198111596438 -0.050059432837513566
leaf_weight=0.0015144557864230869 0.0016664845170453182 0.1723104873825182 0.0014161348848959832 0.010141255411868163 0.047063827001127545 0.0014710301274200024 0.0024504555520365968 0.0010009060751629299 0.52403534820714659 0.0025959242329382758 3.9734419092109285 0.27624695711188252 0.10010547726311259 0.093977387740021068 27.742729486837181 31.523624263056956 0.11184942991872748 0.20055944591083008 5.5792312992502771 0.50193329585676849 6.6867275529887742 0.24853871762752533 0.10630837354209599 0.0021132894326001414 0.016366850098208242 0.0016872872950016958 0.0011858399957418433
leaf_count=29 40 6 488 33 36 93 6 249 137 193 6075 520 199 447 9911 157559 291 37 10240 594 10395 3 49 2 820 155 1
internal_value=-0.0674505 -1.36085 -41.1578 -3.24309 -0.0583555 -0.228829 -11.6684 -0.174159 -0.185309 -13.9511 -0.174299 -0.0477709 -0.0961857 -0.101806 -0.0983784 -0.0175832 -0.0587436 -0.00988046 0.0384357 -0.0186003 -0.0659469 -0.0756162 -0.0602005 -0.0503954 -0.050029 -0.0500693 -0.0500158
internal_weight=77.9323 0.544182 0.0170245 0.0156083 77.3881 4.52406 0.0215176 4.50255 4.50107 0.00359683 4.49748 72.864 27.9839 27.9368 27.8367 44.8802 7.07482 37.8053 5.77979 32.0256 6.96297 0.527158 0.278619 0.0139418 0.0200031 0.00380058 0.0175527
internal_count=198608 776 718 230 197832 7603 856 6747 6654 442 6212 190229 10593 10557 10358 179636 11206 168430 10277 158153 10915 58 55 190 827 157 821
is_linear=0
shrinkage=0.05


Tree=172
num_leaves=27
num_cat=0
split_feature=29 2 16 9 26 15 14 6 25 26 0 21 1 8 6 28 13 8 5 13 4 0 12 15 21 4
split_gain=1303.48 1.60709e+06 381.018 203.531 2301.41 53.7999 39.1319 1526.59 2919.31 95.9927 16.4631 360.581 5.46542 7.48905 972.07 5.97054 51.9952 4.93793 4.07937 4.04264 42.3366 3.52896 1.51008 0.684747 0.20625 0.00016998
threshold=-1.980277404455945 -2.3693439412189554 1.9197669766505479 2.1865104116138987 -1.6476001148789534 2.3751547501625816 -1.7475136117440979 -4.1861157910569906 -0.29598401875028474 -1.8290935402223878 -1.5356828961130746 0.90390296642969126 -1.0614569906907059 -1.4840893921435103 -0.64339588514578727 1.4346860662495897 -3.9074159136352793 0.24961967076608835 0.73866272153231216 -0.013051465048227405 3.3391884763309219 -0.20049927484194036 -1.5190162595383889 -3.2656479115144936 -1.3666122778523591 -3.5780307616273812
decision_type=2 2 2 2 2 2 2 2 2 2 2 2 2 2 2 2 2 2 2 2 2 2 2 2 2 2
left_child=1 -1 3 4 -3 -6 7 8 -2 -9 11 -11 13 14 -8 19 -17 -12 -18 20 -14 -21 24 -24 -15 -16
right_child=6 2 -4 -5 5 -7 12 9 -10 10 17 -13 15 22 25 16 18 -19 -20 21 -22 -23 23 -25 -26 -27
leaf_value=-1218.5598679636137 73.855304351794402 -57.62568417302748 -6.6126995625338072 -2.1993325972043576 -0.046616552291989008 -2.8408684501930082 48.905253235091543 -2.5410392224032057 0.049601426997798653 -0.052769232075894006 -0.098824410625233283 -18.988975115548822 -0.0088229937002199717 0.069342432057696121 -0.054205834328848269 1.3053417794783126 0.048359246240870582 -0.0084642078014774864 -0.051678450582622194 -0.074709138209648265 2.1509813548748031 -0.012991116084770805 0.05657274924536343 -0.071580644964546455 -0.050332696864994753 -0.050709176681987468
leaf_weight=0.0027082255423519488 0.0020323770586401224 0.0017368447303017778 0.022858901268170473 0.11672321650813966 4.1356913393463666 0.017298283766621014 0.0010213408419143524 0.040177018827249777 0.003931691336016451 0.052626852951172226 25.671241135032691 0.0026400676280978466 23.409802152174635 0.22948237321931519 0.071616172583833709 0.079953448174098329 3.6200254392090736 1.6065454723743489 1.4183546921384591 4.9268087371821494 0.022711629567015446 4.3709442233884115 0.10590149510984126 6.6203007261361773 0.042701080551311166 0.067528174767874455
leaf_count=112 27 178 115 156 7077 9 382 200 37 353 3864 106 75141 51 61 32 4822 6043 2105 33147 31 53816 101 9367 462 813
internal_value=-0.096437 -0.942521 -0.174625 -0.140171 -0.0823209 -0.0582553 -0.0461977 -0.0933281 25.2004 -0.098839 -0.0952492 -0.95734 -0.0175141 -0.0576431 0.30423 -0.0099455 0.0402729 -0.0935026 0.0201976 -0.0177986 -0.00672963 -0.045695 -0.0648908 -0.0695629 0.0505674 -0.0525089
internal_weight=76.6634 4.29702 4.29431 4.27145 4.15473 4.15299 72.3663 27.3792 0.00596407 27.3732 27.3331 0.0552669 44.9872 7.13855 0.140166 37.8486 5.11833 27.2778 5.03838 32.7303 23.4325 9.29775 6.99839 6.7262 0.272183 0.139144
internal_count=198608 7647 7535 7420 7264 7086 190961 10630 64 10566 10366 459 180331 11237 1256 169094 6959 9907 6927 162135 75172 86963 9981 9468 513 874
is_linear=0
shrinkage=0.05


Tree=173
num_leaves=31
num_cat=0
split_feature=1 0 8 8 0 24 6 24 9 21 2 14 13 0 22 29 9 16 24 3 26 28 13 18 8 13 5 16 16 12
split_gain=7592.53 114697 1.10283e+07 11121.4 42909.1 956750 1.35346e+06 20269 10824.7 26496.2 711.008 36.1824 364.056 163.062 2546.28 28.472 1488.74 172.432 155.969 7.55434 6.52872 5.56916 56.9914 3.97916 45.2478 4.68622 3.47477 3.08398 2.1244 17.7386
threshold=-1.0614569906907059 0.4801098451684862 -1.4840893921435103 -1.4840893921435103 -1.0285477065035764 0.42092428983233809 0.28625429720868556 0.46532607734054615 0.66702093620236724 -1.5935388368785965 0.73562339033423474 -1.7475136117440979 -3.3356271479323412 -1.5356828961130746 0.21404034410437137 -1.980277404455945 2.1865104116138987 2.5229466155712399 -1.8470163421329315 2.6159816495256254 -1.5010748656684729 1.3053424597371979 -3.9074159136352793 3.283747335452579 -0.60513740424251761 -0.32114645761992439 0.73866272153231216 0.80830092704937162 1.9197669766505479 -1.011864226144825
decision_type=2 2 2 2 2 2 2 2 2 2 2 2 2 2 2 2 2 2 2 2 2 2 2 2 2 2 2 2 2 2
left_child=1 3 -3 4 8 6 -6 -7 10 -10 -1 12 -2 14 -14 16 17 18 -13 20 -15 23 -23 25 -25 -17 -24 -21 -5 -30
right_child=11 2 -4 28 5 7 -8 -9 9 -11 -12 15 13 19 -16 21 -18 -19 -20 27 -22 22 26 24 -26 -27 -28 -29 29 -31
leaf_value=-0.67763774584999581 5.9161206520794041 -4288.2008563215986 -0.057100043939363465 -0.059872711443136585 -2407.4595130699113 -0.66741391578044684 -0.050008234776670837 -74.446596012015505 -0.93151060177476475 -46.107654719554859 -5.1960064387293698 7.8480696631779825 -45.292096327769144 -0.35811664516957947 -0.052623244113632978 -0.00053609895498169695 -15.138713191662049 -4.3987008909126732 -0.019551138970558612 -0.066305506280188234 -0.092858428178838576 1.4266040989983129 0.040775637189340505 -0.059710444964311153 -2.4359517885269035 -0.040431790318345193 -0.050740926689653687 0.15291941509622553 -1.0667681867371108 -0.05584331269420692
leaf_weight=1.0187719916083624 0.025200434580486042 0.0015158048148309613 0.13827010250770497 6.4540248756295986 0.0010176914182146613 0.069313621975595652 0.0013694610719785191 0.010753235112680878 0.10125441521697764 0.047768868350069771 0.095202759950177129 0.0063304872484520871 0.0033155084275619034 0.23386984342379591 0.050268228374132022 19.771757713811716 0.016569593976315855 0.022472586200654177 1.2782784554507691 0.25360442749307294 28.541492802185157 0.072753750484469637 4.178512402645385 0.50333987477314568 0.020863894291238805 11.725786500587619 1.379680858841694 0.43662423009009205 0.049307459859385783 0.36176381889409548
leaf_count=243 35 350 1913 9217 268 9 124 164 5 128 20 240 156 215 172 45150 181 50 6594 509 8656 39 7570 221 373 113066 2675 98 19 148
internal_value=-0.222714 -1.64616 -46.5567 -0.88155 -5.0383 -39.985 -1026.38 -10.5762 -2.75682 -15.4126 -1.06379 -0.0492442 -0.0909764 -0.0961046 -2.85183 -0.0176109 -0.245535 -0.056737 0.0192201 -0.0910933 -0.0950143 -0.00959842 0.0362578 -0.0176621 -0.154287 -0.0153883 0.018059 0.0723716 -0.0668922 -0.177102
internal_weight=76.8711 8.35033 0.139786 8.21055 1.34545 0.082454 0.00238715 0.0800669 1.263 0.149023 1.11397 68.5207 29.5444 29.5192 0.0535837 38.9763 1.32365 1.30708 1.28461 29.4656 28.7754 37.6527 5.63095 32.0217 0.524204 31.4975 5.55819 0.690229 6.8651 0.411071
internal_count=198608 12608 2263 10345 961 565 392 173 396 133 263 186000 9841 9806 328 176159 7065 6884 6834 9478 8871 169094 10284 158810 594 158216 10245 607 9384 167
is_linear=0
shrinkage=0.05


Tree=174
num_leaves=31
num_cat=0
split_feature=1 8 20 18 23 7 10 14 2 0 2 10 26 15 3 24 10 19 7 8 17 29 4 27 2 16 12 15 29 21
split_gain=71.8936 254.836 486.983 5259.49 987.69 1413.3 240.315 31.4165 94.9996 80.3789 31.9388 967.433 25.2694 107.147 16.5829 503.531 146.797 12.1105 7.83969 25.9887 6.43877 6.38373 14.0395 12.2203 5.49687 4.28724 28.7379 2.72861 1.6193 1.10319
threshold=-1.1927497892169672 -1.5221263244835039 0.20366174062274053 -1.0386832616612998 -0.042346252059485168 0.35049576769018914 -0.060369896009405927 -1.7475136117440979 -1.8261451536754394 -1.5356828961130746 1.9205968780487737 -1.6333262842629959 -1.6476001148789534 0.092821221055636546 -1.5690814439844909 -2.4437036499176403 2.1418474339096316 0.6018017175121011 1.0341503001629344 -1.4840893921435103 0.69358039136891547 -1.4855632152596203 3.3391884763309219 2.9996133201763011 -1.6490298684530373 1.9197669766505479 -0.88185113263202719 0.77315521657731701 -1.980277404455945 0.25029250024910527
decision_type=2 2 2 2 2 2 2 2 2 2 2 2 2 2 2 2 2 2 2 2 2 2 2 2 2 2 2 2 2 2
left_child=1 2 6 -4 5 -5 -1 8 -2 -10 14 -12 13 -11 15 -9 -17 -6 19 -3 29 23 -23 -16 -14 28 -27 -22 -21 -8
right_child=7 18 3 4 17 -7 20 10 9 12 11 -13 24 -15 21 16 -18 -19 -20 25 27 22 -24 -25 -26 26 -28 -29 -30 -31
leaf_value=-2.663547900799538 1.4581211381035288 -1.3872128588893071 -41.808018590986705 -0.050386983214726601 -1.231057453865787 -31.910882419875431 -0.21564424303575913 -25.566083207803686 -2.1385948631770475 -6.7466699174047227 -49.956724512768261 -0.051091362552003798 0.16740141746498918 -0.051578617833596865 -0.069069483702094148 -0.058657976658747391 -3.9560264305874484 -0.27544652821787768 0.31148095696676514 0.06619426476048737 -0.35341863561486608 -0.0069070759659864119 0.64873752668312246 0.38138153544400105 -0.08965388364853448 -1.7247078992660889 -0.053321335641103654 -0.71875394468649123 -0.063723498978303358 -0.10813818388352654
leaf_weight=0.11033847708645628 0.099067387738091095 0.03744779010329935 0.008381704146597474 0.0078436684663152501 0.042418357380163446 0.0062576183885339884 0.53411029614608363 0.0019586465503234054 0.047936210467212415 0.0074668201802498687 0.00100186032568672 0.031623686041604482 0.20948716723500282 0.029929929774927297 6.5522724381757795 0.75840108215984903 0.024956029737897789 0.15180955141064173 0.13475884768371038 0.25007908250418598 0.24294375470905905 33.766629920653699 0.081847864305614304 0.1541074152066918 28.730319877414292 0.029869732575581232 0.18504247180239719 0.064725570380687714 5.8604988402167351 0.43134658126294312
leaf_count=206 172 61 127 115 36 27 128 125 276 107 56 294 59 73 14679 8986 84 201 278 200 87 153961 64 39 9389 21 114 8 8606 29
internal_value=-0.064005 -0.205102 -0.770313 -2.97419 -1.41179 -14.1889 -0.42509 -0.0477974 -0.0875801 -0.0928558 -0.0197925 -1.58359 -0.0894716 -1.38835 -0.0185584 -0.246128 -0.18282 -0.484147 -0.0659086 -0.0739012 -0.231089 -0.0141517 -0.00532168 -0.0587185 -0.0877931 -0.0661263 -0.28562 -0.430276 -0.0584065 -0.167613
internal_weight=78.5949 8.09787 1.60018 0.216711 0.208329 0.0141013 1.38346 70.497 29.1242 29.0251 41.3728 0.0326255 28.9772 0.0373967 41.3402 0.785316 0.783357 0.194228 6.4977 6.36294 1.27313 40.5549 33.8485 6.70638 28.9398 6.32549 0.214912 0.307669 6.11058 0.965457
internal_count=198608 10244 964 506 379 142 458 188364 10076 9904 178288 350 9628 180 177938 9195 9070 237 9280 9002 252 168743 154025 14718 9448 8941 135 95 8806 157
is_linear=0
shrinkage=0.05


Tree=175
num_leaves=31
num_cat=0
split_feature=13 26 27 8 5 5 12 21 6 25 28 26 18 29 2 10 12 20 26 7 5 17 29 26 12 0 29 29 0 22
split_gain=32.3619 168.421 529.104 26.2984 188.337 34.5667 325.694 18.5989 16.2457 244.14 10.8614 11.5564 18.3022 9.89305 41.0872 91.183 25.4108 149.654 20.3277 7.04403 6.37482 9.22649 6.57164 5.74684 763.334 6.285 4.18281 3.13369 2.77082 2.94903
threshold=-0.73032980294142147 -5.114207234298088 -3.1932199849054825 -1.3059954184526588 -1.7891778384094923 -0.96615182524923882 0.7150711594174487 -2.5379325835587596 -1.2967655886065277 -1.3792926969988828 1.5604938824904886 -2.3805485318847128 3.283747335452579 -1.815372674723837 -2.1983436038647186 1.5397938394133266 -1.0283920593139955 -0.26821920116809123 -3.5480525807114893 1.3641146814177991 0.19307449444559063 -2.6977004545520193 1.482721919918329 -2.3805485318847128 -1.4087053142596395 -1.0285477065035764 1.1529124604541126 -1.815372674723837 0.78375209110840405 -0.48908733807185462
decision_type=2 2 2 2 2 2 2 2 2 2 2 2 2 2 2 2 2 2 2 2 2 2 2 2 2 2 2 2 2 2
left_child=8 2 -2 4 -3 6 -6 -7 9 -1 11 19 -13 14 15 -10 17 -16 -18 -11 21 -15 -23 24 -5 26 -25 -27 -22 -30
right_child=1 3 -4 23 5 7 -8 -9 13 10 -12 12 -14 20 16 -17 18 -19 -20 -21 28 22 -24 25 -26 27 -28 -29 29 -31
leaf_value=3.1064713449028369 -34.97813128149928 -4.8670154296364938 -0.050179979219644545 -38.459660732988731 -4.606173586775042 -1.0610738634576586 -0.19528015148171715 -0.091852551642035873 -0.050474386685390484 0.39033081121427837 0.54094917294030009 0.011773765218284087 -0.50751376086491062 0.40197121596551588 -8.8787969178866373 -6.852305732460346 -1.1086780653075381 -0.051186927450010078 -0.061660132950532125 0.066482751031048878 -0.05276554824297406 0.0048658253157721825 -0.24396543518345962 -0.066815208892993791 -0.079410924333082222 -0.075128079796686523 -0.29718134912246541 -0.0070714121829805066 -0.42899391251186558 -0.052500695398158326
leaf_weight=0.065516177405975706 0.0014315136143949539 0.02076441051800415 0.0044697881171377385 0.0013017561736890495 0.043916510127662733 0.049584249926737267 0.88942646972512507 28.188577221470151 0.015316311889431581 0.30412590478909507 0.1028327711876863 3.6851592975460155 0.17786866814687297 0.14420963069822512 0.0056634404072373459 0.0072640498835750142 0.047165840454864383 0.031532486340502069 2.7045802930258032 0.37489296472631395 5.2004522585032369 13.363637955254084 0.27071587011626874 6.1306662266925844 0.26975424462212999 1.9245875542098616 0.20359128749480149 13.962000779393216 0.10298121659798198 0.10508865352518526
leaf_count=22 59 81 265 77 487 141 225 13117 49 34 45 1912 40 32 56 16 26 71 1291 18 8641 15929 1057 9466 1247 9058 2121 132472 3 550
internal_value=-0.053404 -0.0764957 -8.52286 -0.0755313 -0.106838 -0.10345 -0.402826 -0.0935544 -0.00871442 0.0755568 0.0328057 0.0213012 -0.0121362 -0.0267588 -0.114352 -2.23861 -0.0971534 -1.39528 -0.0796064 0.211531 -0.0139235 0.00413308 -7.48248e-05 -0.0348985 -0.263733 -0.0321071 -0.0742195 -0.0153162 -0.059924 -0.238841
internal_weight=78.3991 51.6901 0.0059013 51.6842 29.1923 29.1715 0.933343 28.2382 26.709 4.7104 4.64488 4.54205 3.86303 21.9986 2.81152 0.0225804 2.78894 0.0371959 2.75175 0.679019 19.1871 13.7786 13.6344 22.4919 0.271056 22.2208 6.33426 15.8866 5.40852 0.20807
internal_count=198608 168816 324 168492 14051 13970 712 13258 29792 2071 2049 2004 1952 27721 1509 65 1444 127 1317 52 26212 17018 16986 154441 1324 153117 11587 141530 9194 553
is_linear=0
shrinkage=0.05


Tree=176
num_leaves=31
num_cat=0
split_feature=13 26 23 8 21 5 5 9 24 13 20 12 11 27 27 15 28 4 2 29 5 26 24 0 29 19 15 0 29 10
split_gain=32.0949 163.736 834.838 24.8285 211.692 44.9136 20.7775 17.1094 100.697 179.023 14.5974 44.5837 9.51753 101.164 7.89973 6.87075 30.4584 165.446 5.98902 7.91329 329.282 5.8406 40.1142 6.04377 5.80075 3.78844 34.9721 3.66777 2.97844 2.74379
threshold=-0.73032980294142147 -3.5480525807114893 0.05837556344423226 -1.3059954184526588 -2.5379325835587596 -1.5596358989794232 -0.63742914634252179 -1.6320907716769968 -1.8470163421329315 -1.6441681997257596 -0.63240776895658113 -0.12669752893535022 -0.19606007013282531 0.060798660277143382 0.56988061267868184 -0.06225960141247059 2.0784155246126192 -0.59193573373523101 0.19566831998291315 1.482721919918329 -1.1002804587977522 -2.3805485318847128 1.0000000180025095e-35 -1.0285477065035764 1.1529124604541126 0.65575674613844159 -0.18376756548639975 0.28115279641175878 -1.815372674723837 -0.53077284340319586
decision_type=2 2 2 2 2 2 2 2 2 2 2 2 2 2 2 2 2 2 2 2 2 2 2 2 2 2 2 2 2 2
left_child=7 2 -2 4 -3 -6 -7 8 9 -1 11 -10 14 -14 -12 16 25 -18 19 27 -21 22 -5 24 -23 -9 -27 -17 -25 -20
right_child=1 3 -4 21 5 6 -8 15 10 -11 12 -13 13 -15 -16 18 17 -19 29 20 -22 23 -24 28 -26 26 -28 -29 -30 -31
leaf_value=2.8274646167611999 -50.026692441733225 -5.4462005231296304 -0.050146558260009966 -0.079986213402503364 -0.9818832135976765 -0.28279667279471593 -0.086620800860447808 -0.046117470303195685 1.0634452973476403 -0.059267785802398568 0.059073773633835147 0.048198548640240674 -5.4632383984871664 -0.052233645009499279 -0.060593956502752913 -0.058304073985084616 -0.051269169739013076 -9.8843961681322394 -0.054715289208601373 -16.855542562762192 -0.051791470410921761 -0.065423627846118687 -2.3006002787059514 -0.074228291176603609 -0.37656333873565379 -0.10342376401431874 -1.955416935775967 0.0045365937940062091 -0.0067393731998425348 0.076958037654963021
leaf_weight=0.090090660522873067 0.0010004664185660718 0.018534727777651194 0.0050714985329635455 0.23928116607532918 0.14394903998964181 1.4209290546101438 26.930758397974408 5.8503665197953199 0.13368924436726981 0.13298918193343623 3.4076429029999242 0.56576342114002287 0.0092369303007950598 0.13320697497878156 2.3167002507158689 3.9353026186943749 0.027070326739094215 0.005080565057640477 0.47360070199393733 0.0029752106749764409 0.14497812627206816 5.9525584334937873 0.02222633501700183 1.8523667096417824 0.1536677559579348 1.1632764558136113 0.026061853988625816 5.6639447674850674 13.918533624375355 2.4033068821292929
leaf_count=36 325 155 432 639 116 2620 11110 9119 60 12 285 50 142 207 255 4947 135 11 3051 94 449 9466 302 9058 2121 1430 151 6037 132472 3321
internal_value=-0.05122 -0.074539 -8.28469 -0.0735549 -0.1044 -0.100926 -0.0964527 -0.00661723 0.0618308 1.10654 0.0263382 0.242247 0.000597065 -0.403116 0.010643 -0.0302117 -0.0696681 -1.60512 -0.00810877 -0.0268186 -0.3897 -0.0338267 -0.268723 -0.0310189 -0.0732537 -0.0626555 -0.144006 -0.0212255 -0.0146663 0.0552818
internal_weight=77.1442 50.6589 0.00607196 50.6528 28.5142 28.4956 28.3517 26.4853 6.78932 0.22308 6.56624 0.699453 5.86679 0.142444 5.72434 19.696 7.07186 0.0321509 12.6241 9.7472 0.147953 22.1386 0.261508 21.8771 6.10623 7.0397 1.18934 9.59925 15.7709 2.87691
internal_count=198608 168816 757 168059 14001 13846 13730 29792 1047 48 999 110 889 349 540 28745 10846 146 17899 11527 543 154058 941 153117 11587 10700 1581 10984 141530 6372
is_linear=0
shrinkage=0.05


Tree=177
num_leaves=31
num_cat=0
split_feature=13 8 5 21 4 0 13 9 25 23 18 8 23 29 26 16 2 0 29 13 25 10 12 29 5 26 1 5 3 26
split_gain=30.3498 22.8477 44.1236 25.0513 663.714 1104.77 98.7959 15.1581 73.2808 18.0257 12.4318 8.03734 6.53572 11.2811 6.1659 445.004 549.736 5.81574 8.66259 881.142 5.04118 4.5938 4.70755 4.49761 17.3513 15.1058 3.21038 3.10232 2.83113 4.27799
threshold=-0.73032980294142147 -1.3059954184526588 -1.5596358989794232 -1.5935388368785965 0.75741702288716073 -1.0925339430218364 -0.26715254311558623 -2.5366060588563664 -1.1973755900350633 1.0569171359414737 3.283747335452579 1.0280955108409571 1.2773484043187058 0.98800773072200399 -2.3805485318847128 -0.13785790142269225 0.19566831998291315 -1.0285477065035764 1.1529124604541126 -0.13207139233219126 -0.69935896365012085 -1.0805294644884449 0.80770373892924907 -1.980277404455945 0.03169356494883855 -3.5480525807114893 1.5411155936351106 -0.59058827930657942 0.54417072451530257 0.35047063256204641
decision_type=2 2 2 2 2 2 2 2 2 2 2 2 2 2 2 2 2 2 2 2 2 2 2 2 2 2 2 2 2 2
left_child=7 2 -2 4 6 -6 -4 8 -1 10 20 12 21 -14 15 16 -3 18 -16 -20 -10 -9 -23 24 26 -26 -13 -5 -19 -30
right_child=1 14 3 27 5 -7 -8 11 9 -11 -12 23 13 -15 17 -17 -18 28 19 -21 -22 22 -24 -25 25 -27 -28 -29 29 -31
leaf_value=0.976399747543932 -0.79013665396664801 -0.050012611013727594 -5.175421895089066 -0.14926115125800035 -29.989208136869362 -0.050260493011215962 -0.10815003854198663 -0.093627157366500416 0.16812950948780939 0.45371524769327176 -0.33199598483158443 -0.074958102887272698 -0.078431605681296424 -0.70308962487549764 -0.064083939479914906 -0.07714183670540968 -50.047968252672106 -0.039113282571512094 -44.576016312160903 -0.050824908184719443 0.0037127272325988359 0.01721670668323021 -0.081931388012395662 -0.062188459695674547 -1.9923859169883287 -0.050448570149286588 -0.36964835998008466 -0.083006751879445367 0.0161631040503399 -0.092378971355763534
leaf_weight=0.21773371242268025 0.23039184857068917 0.0012210786919646726 0.0097561413675766318 1.9001854904238999 0.0050101948821836837 0.0080037701118649274 0.6843766414540372 1.1747638208890343 0.5595947463346217 0.23933694210847978 0.25348934088833619 0.44036772590678042 1.1617389864102354 0.077072957391548624 5.7776114439936892 0.239025222598337 0.0010000406673704651 6.5494946240469885 0.0011229391158456966 0.10587258813037016 2.7936496629878298 14.280673243423392 1.3067476596573264 3.6008599354872617 0.024465754115030935 0.016953379216689712 0.11696758307550426 25.177501223075243 8.0902401708030638 1.022521231468249
leaf_count=29 126 355 103 2844 11 104 841 4437 33 18 33 113 1251 324 9466 908 336 104618 441 1680 263 14865 3453 4787 12 122 52 10071 31314 5598
internal_value=-0.0482415 -0.0711767 -0.101043 -0.0953286 -0.389115 -11.5763 -0.179371 -0.00475118 0.0840309 0.0335121 0.00562809 -0.0210027 -0.0064715 -0.117295 -0.0327751 -0.284149 -22.5612 -0.0299606 -0.0723394 -0.518126 0.0311509 0.00171891 0.00890478 -0.0832882 -0.21018 -1.19753 -0.136805 -0.0876562 -0.0140381 0.00398386
internal_weight=76.0678 49.8033 28.0152 27.7848 0.707147 0.013014 0.694133 26.2644 4.0638 3.84607 3.60673 22.2006 18.001 1.23881 21.7881 0.241246 0.00222112 21.5469 5.88461 0.106996 3.35324 16.7622 15.5874 4.19961 0.598754 0.0414191 0.557335 27.0777 15.6623 9.11276
internal_count=198608 168816 14100 13974 1059 115 944 29792 376 347 329 29416 24330 1575 154716 1599 691 153117 11587 2121 296 22755 18318 5086 299 134 165 12915 141530 36912
is_linear=0
shrinkage=0.05


Tree=178
num_leaves=31
num_cat=0
split_feature=13 8 21 5 9 24 27 7 20 12 21 25 9 22 23 29 20 24 8 3 3 9 26 26 17 18 6 12 19 3
split_gain=26.1528 15.5081 111.57 16.1933 14.8896 74.348 15.8505 18.3867 50.9422 12.5775 30.3753 7.88382 7.60969 5.95916 7.60652 125.412 6.76835 4.66802 105.942 4.01013 27.715 879.21 5.15368 7.20028 4.99848 2.85197 2.792 3.65919 2.60662 2.54997
threshold=-0.49148731920288874 -1.3059954184526588 -2.5379325835587596 -1.5596358989794232 -2.5366060588563664 -1.570636774675531 0.58506619275646077 0.77777357311119999 1.0355901608215732 -0.017483366081311482 -0.050334897301481323 -1.4601212662814049 0.52801215169651805 -0.02910339701886409 0.74604536419597478 1.3178171901862206 -1.8435797755306733 1.2357340607817484 -0.3933013381167007 0.59171743425844647 0.55573180410100187 -1.8671817460998901 0.35047063256204641 0.36296893382796297 0.58309473657231881 2.7786210890898873 1.1238098533298482 -0.29081753583606357 0.14683177919996235 -0.77219978857067584
decision_type=2 2 2 2 2 2 2 2 2 2 2 2 2 2 2 2 2 2 2 2 2 2 2 2 2 2 2 2 2 2
left_child=4 2 -2 -4 5 -1 9 8 -8 10 -7 -5 13 14 16 -16 -6 -15 -19 20 26 -22 24 -24 -21 -13 -3 -28 -14 -30
right_child=1 19 3 11 12 6 7 -9 -10 -11 -12 25 28 17 15 -17 -18 18 -20 22 21 -23 23 -25 -26 -27 27 -29 29 -31
leaf_value=1.087819842938744 -5.7140547802973112 -0.06599986500823643 -0.49481829891400314 -0.50964056658972445 0.42768341920363406 0.078941037037573852 0.021587909774340216 0.015330928838600752 -1.1627104623402504 0.059118031671808714 0.88998052845185249 -0.088163767130766457 -0.044511525593884063 -0.040029208072249772 -0.06376151755070715 -6.3866018953272032 0.021736297880435268 -5.5706543513987299 -0.058232246642702261 0.032753769529076437 -45.505979093096997 -0.050012332888015626 -0.52712105335628345 -0.060938335064859996 -0.062536223886850845 0.072391400026718053 0.068707196133615908 -0.075849372087955197 -0.18079534626067129 -0.069328210893681352
leaf_weight=0.17530798072119136 0.0088282859734140073 7.2163436511252792 0.24729133416724991 0.1104982570196843 0.10355532025284553 0.34573469072347546 0.28382297936375606 1.6010476753693696 0.133517539711488 1.3160362167996924 0.1733188939324794 24.788390194226515 6.2475871471369873 4.757743475672557 1.2850183998630318 0.0078906814789506674 12.140120672542894 0.0090571157082051379 0.23148456775222734 5.4686665064908873 0.0010975494516158304 0.0345720697804483 0.086385087098815982 2.0114675799903519 1.8389944764542834 0.27971082750923315 0.97894993708739797 0.79190243507716285 0.77260441093938181 1.5273929922348504
leaf_count=42 157 99564 110 200 65 16 46 129 24 91 47 11897 6876 13623 3435 421 14896 117 338 24239 3 1875 113 6060 5099 133 1877 2592 1881 2642
internal_value=-0.0439589 -0.0688293 -0.0941356 -0.0921843 -0.00889478 0.0807882 0.0349749 -0.0617173 -0.357298 0.141325 0.349758 -0.0882298 -0.022236 -0.00423752 0.01299 -0.10235 0.0251697 -0.050894 -0.265791 -0.0339016 -0.0577152 -1.44869 -0.0110568 -0.0801347 0.00877376 -0.0863723 -0.0521945 0.00406336 -0.0612646 -0.106772
internal_weight=74.9743 43.8631 25.4347 25.4259 31.1112 4.02879 3.85348 2.01839 0.417341 1.83509 0.519054 25.1786 27.0825 18.5349 13.5366 1.29291 12.2437 4.99829 0.240542 18.4284 9.02287 0.0356696 9.40551 2.09785 7.30766 25.0681 8.9872 1.77085 8.54758 2.3
internal_count=198608 153919 12497 12340 44689 395 353 199 70 154 63 12230 44294 32895 18817 3856 14961 14078 455 141422 105911 1878 35511 6173 29338 12030 104033 4469 11399 4523
is_linear=0
shrinkage=0.05


Tree=179
num_leaves=31
num_cat=0
split_feature=13 8 5 6 25 29 5 21 28 25 12 15 0 21 1 21 3 26 26 7 4 17 18 6 7 1 3 3 29 15
split_gain=23.5228 15.9656 38.9577 14.4428 209.574 19.7227 31.2313 17.8804 17.1671 12.3928 6.01826 21.5071 4.6374 4.18961 15.1567 5.61587 3.88985 4.89568 3.65044 3.5064 3.78289 3.17155 2.64751 2.42304 2.39525 2.28237 2.13937 1.80116 0.924575 0.787323
threshold=-0.49148731920288874 -1.3059954184526588 -1.5596358989794232 -1.2967655886065277 -1.1973755900350633 -1.980277404455945 -0.79819904817063758 2.2457657455174087 1.5604938824904886 -1.4601212662814049 -0.80823663432347315 -3.2656479115144936 -1.0285477065035764 -1.0000000180025095e-35 1.5411155936351106 0.0095247875532544404 0.54417072451530257 0.35047063256204641 0.36296893382796297 -0.0086777050222177892 0.82837858173633327 0.58309473657231881 2.7786210890898873 2.4516057181716353 -0.12744561993628614 -0.82185866772784577 -0.25374515205197573 0.55573180410100187 1.6476266496504373 -1.0143685083042542
decision_type=2 2 2 2 2 2 2 2 2 2 2 2 2 2 2 2 2 2 2 2 2 2 2 2 2 2 2 2 2 2
left_child=3 2 -2 4 -1 6 -6 8 -7 -4 11 -5 -13 19 15 -15 23 21 -19 20 -12 24 25 28 -18 -11 -14 -23 -3 -25
right_child=1 16 9 10 5 7 -8 -9 -10 22 13 12 26 14 -16 -17 17 18 -20 -21 -22 27 -24 29 -26 -27 -28 -29 -30 -31
leaf_value=2.6702013960781414 -0.75256247758566852 -0.066909275371180452 -0.73424919579836301 1.0405443564504215 2.6414128511550157 -0.0047428940246540992 -0.051335106978435789 0.96764076656952769 0.80836178096205957 -0.13453103971819097 0.031442351461548494 -0.066239183700122217 -0.071526320687434308 -0.30815334618839973 -0.5291162963137227 -0.046368238166045135 0.061353479979869036 -0.33671496348001606 -0.060055299332445411 -0.061135767424483893 -0.074466309408348544 0.082963078949002803 0.068805250484963429 0.074968650390800209 -0.003660757490853133 -0.081087906824215072 0.034842607003121279 -0.061854426196254413 0.01430243615768278 -0.053247218622548234
leaf_weight=0.076421003517544217 0.22126700621182749 7.3222274915255188 0.073534291960284714 0.050604574725187201 0.018570946529507634 4.2404495809039453 0.025628192640363315 0.049062791914960324 0.065924118325377701 2.1975326597326434 4.404083060145644 1.7223346855879516 0.5142792526511214 0.20909358559514934 0.16893548211217435 10.129071171111766 2.8221778657516299 0.12700136990720068 1.9490367143054164 2.4227087397023581 1.0427768962649553 0.2443172278116249 0.27957647919335826 0.44589167558619536 2.8446547024649536 21.974645258586037 5.8484700440088124 1.7716824182389952 0.36808284084469445 0.16368483185952076
leaf_count=45 115 99643 218 11 5 2363 58 36 55 2361 8049 852 1882 147 311 18940 6632 125 6543 6753 1592 154 134 53 19173 9669 3590 5404 3297 398
internal_value=-0.0419805 -0.0659995 -0.092085 -0.00880216 0.0742732 0.0291823 1.08006 0.0185179 0.00770452 -0.0861262 -0.0228277 0.0129751 0.00654358 -0.0386783 -0.0593395 -0.0516629 -0.0302536 -0.00885282 -0.0769799 -0.0110922 0.0111666 0.00955634 -0.0841771 -0.0554162 0.0287174 -0.0859465 0.0262452 -0.0443041 -0.0630222 0.0405398
internal_weight=73.7937 42.8053 24.7466 30.9884 4.47606 4.39964 0.0441991 4.35544 4.30637 24.5253 26.5124 8.13569 8.08508 18.3767 10.5071 10.3382 18.0588 9.75887 2.07604 7.86957 5.44686 7.68283 24.4518 8.29989 5.66683 24.1722 6.36275 2.016 7.69031 0.609577
internal_count=198608 153919 12497 44689 2562 2517 63 2454 2418 12382 42127 6335 6324 35792 19398 19087 141422 38031 6668 16394 9641 31363 12164 103391 25805 12030 5472 5558 102940 451
is_linear=0
shrinkage=0.05


Tree=180
num_leaves=31
num_cat=0
split_feature=13 8 5 25 6 25 28 2 29 26 27 8 17 21 12 17 29 0 18 18 1 14 18 24 3 18 5 29 12 27
split_gain=22.5899 18.5693 55.9224 24.8285 13.2712 173.761 18.7646 22.1959 15.8746 16.4136 8.5456 5.65742 10.7286 43.8292 7.26293 982.648 6.02534 3.55816 2.53275 3.80283 3.15485 2.5824 2.42684 2.3948 2.14093 1.90009 1.66198 1.33674 1.3062 1.29818
threshold=-0.90135916658118054 -1.3059954184526588 -1.5596358989794232 -1.4601212662814049 -1.2967655886065277 -1.0662800144145475 1.5310714353593859 -0.11060844016569364 -1.6504679449917286 0.65342546345580732 2.9996133201763011 1.0701703396026374 -2.6977004545520193 -1.0000000180025095e-35 1.2514663067974947 -0.67487991518519375 1.482721919918329 -1.0285477065035764 -0.77501607172145881 -0.068177434592566907 0.25994543215358584 0.28331252211530461 2.7786210890898873 -0.88242551358805488 2.2644203941012582 1.6770401369247263 -0.59058827930657942 -1.980277404455945 0.33732227632568962 -0.32089036673817778
decision_type=2 2 2 2 2 2 2 2 2 2 2 2 2 2 2 2 2 2 2 2 2 2 2 2 2 2 2 2 2 2
left_child=4 2 -2 -4 5 -1 8 -8 9 -7 -10 12 13 -6 16 -16 -14 25 21 24 -21 23 26 -19 -20 -3 -5 28 -13 -27
right_child=1 17 3 22 11 6 7 -9 10 -11 -12 27 14 -15 15 -17 -18 18 19 20 -22 -23 -24 -25 -26 29 -28 -29 -30 -31
leaf_value=2.2301303005792619 -1.0415484291086494 -0.068484706608887155 -1.3529135781302726 -0.12395823278612324 2.6624331236829466 0.73567039442810567 2.0692976326598367 0.051325457557686707 -0.0010796541549268801 0.073969053164528453 -0.49004988253904519 -0.069815489609782816 0.0040957723561665105 -0.0071141806538169913 -49.335121495424985 -0.09325750890037611 -0.21947261810345539 -0.049304910050724654 -0.066930458356364284 0.014663000350816219 -0.044582733747046119 -0.052599828929062779 0.065449176010879156 0.055138003088948166 -0.25670181830264555 -0.053950143981938405 -0.078862914046803054 -0.058439520983732174 -0.19953467074051431 0.11373215810801192
leaf_weight=0.09191965400988511 0.15306867146587322 5.4457114846718024 0.038436256899241239 2.2370820397219289 0.019146488169184295 0.14822447910998171 0.024517270633370988 0.030675748311197529 3.5555742173209142 0.25485175822280937 0.09165821937647356 0.40181792179867126 14.573583987700037 0.078065712713889179 0.0010144926370249099 0.75935233221514764 0.30773438511121476 0.67262024516349761 2.7322766641994787 5.1024299394096735 4.0152311846352466 1.0637117287228948 0.27914639521447782 2.9826011508044226 0.15717045016077413 0.21321254627108188 23.569648729524594 2.8328853455228944 0.37533561108384206 0.25166794559482419
leaf_count=44 128 12489 245 3153 9 48 24 20 1483 37 36 192 14994 95 215 1034 911 2944 41222 51099 29813 12250 148 10552 63 443 11001 3540 54 322
internal_value=-0.0406772 -0.0600469 -0.0886403 -0.083057 -0.000439617 0.0801541 0.0320174 0.947728 0.0195392 0.317299 -0.0133679 -0.017923 -0.00497454 0.518668 -0.00822895 -0.158957 -0.000527453 -0.0268547 -0.0150706 -0.0272681 -0.0114276 0.0159655 -0.0811859 0.0359188 -0.077253 -0.0602018 -0.082772 -0.0743754 -0.132465 0.0368264
internal_weight=72.4604 48.914 26.2774 26.1243 23.5464 4.19742 4.1055 0.055193 4.05031 0.403076 3.64723 19.3489 15.7389 0.0972122 15.6417 0.760367 14.8813 22.6366 16.726 12.0071 9.11766 4.71893 26.0859 3.65522 2.88945 5.91059 25.8067 3.61004 0.777154 0.46488
internal_count=198608 175872 14675 14547 22736 1692 1648 44 1604 85 1519 21044 17258 104 17154 1249 15905 161197 147943 122197 80912 25746 14302 13496 41285 13254 14154 3786 246 765
is_linear=0
shrinkage=0.05


Tree=181
num_leaves=31
num_cat=0
split_feature=13 25 8 5 25 26 17 11 23 14 6 25 0 20 18 24 28 4 24 22 11 8 29 18 23 13 17 22 18 14
split_gain=24.0069 87.9101 22.8717 125.202 39.3665 55.0033 35.9299 381.019 19.0929 14.574 133.877 227.484 5.832 5.70267 3.97667 3.76218 227.619 767.893 5.08658 3.51494 3.49493 3.1318 3.11176 2.58029 3.49752 2.47696 1.59374 1.54933 0.891544 0.678823
threshold=-3.9074159136352793 -1.5676628191589017 -1.3059954184526588 -1.5596358989794232 -1.4601212662814049 0.3388649019265273 -2.0348783879410797 -3.2946583790412771 1.2773484043187058 0.70110896037689552 -2.2225653003597254 -0.5931194358975399 -1.0285477065035764 -0.63240776895658113 2.0262562528570487 1.0217358000866275 1.8931972183088404 -0.21444616058163959 -1.3540808224708563 -0.064494107855811958 -3.2946583790412771 -0.38421972451047898 -1.4855632152596203 1.0000000180025095e-35 0.57684209838265188 0.22446528092291892 2.0986180591278187 0.30450692548617436 -0.009198248930850042 1.259253074843417
decision_type=2 2 2 2 2 2 2 2 2 2 2 2 2 2 2 2 2 2 2 2 2 2 2 2 2 2 2 2 2 2
left_child=1 -1 3 -2 5 -5 7 -6 9 13 11 -11 23 14 -3 18 19 -18 25 -17 -8 -20 -15 28 26 -14 -25 -26 -4 -30
right_child=2 8 12 4 6 -7 20 -9 -10 10 -12 -13 15 22 -16 16 17 -19 21 -21 -22 -23 -24 24 27 -27 -28 -29 29 -31
leaf_value=1.0231771762417068 -2.1923495765464227 0.090083513978003363 -0.071145242383153104 -0.050726464715248935 20.634920385218351 -4.8201877560582194 0.10701218964505232 0.045653744204365458 0.54873137739546729 0.020371726745965445 0.026463609617835435 -9.3248050794376951 -0.068039828767488555 -0.11621227405560473 0.37817641502044219 -0.023666492704720175 -0.050021242587034581 -49.853880380893486 0.039405178509476245 -0.15135544722542646 -0.07915522168337491 -0.0046593946344613158 0.016695069590705502 -0.061829356126456805 -0.028093881263770732 0.00745761626515698 0.073507378345499905 0.085014689358000092 -0.05581531552613115 -0.22287835802298797
leaf_weight=0.22750693561078073 0.070146840332195093 0.49249801764195922 5.8291193616177761 0.014278498573480316 0.0024289698380588467 0.01048294424805438 0.25452890867746703 0.02999464379340544 0.16539507347624738 0.016449760816612979 0.23248149539745683 0.010779229800445933 3.6687462353208269 0.49772642509897558 0.15827858448028564 4.032257906774773 0.0033867517328495622 0.0010032106180699221 6.1350037743172079 0.62210506595990445 26.40994415768369 11.765045250914442 3.8237184813299283 3.1858379761693425 0.47744839758305047 1.5434717509225957 0.23347498384660248 0.8274538643070849 0.093463588242661433 0.17401024699211121
leaf_count=35 136 83 9233 241 7 32 5 296 18 8 265 46 7459 60 6 18352 124 50 38191 1867 14749 94900 263 4588 1167 5152 111 1105 58 1
internal_value=-0.0387223 0.0603981 -0.0472495 -0.0827416 -0.0772037 -2.06991 -0.0753554 1.58807 0.0198152 0.00309478 -0.362045 -3.67913 -0.0226096 0.0221669 0.160152 -0.0104767 -0.0514669 -11.4314 -0.00221429 -0.0407335 -0.0773781 0.0104432 0.00138734 -0.0537481 -0.0260115 -0.0456831 -0.0525884 0.0436296 -0.075241 -0.164501
internal_weight=71.0085 5.62483 65.3836 26.7918 26.7217 0.0247614 26.6969 0.0324236 5.39733 5.23193 0.25971 0.027229 38.5918 4.97222 0.650777 27.771 4.65875 0.00438996 23.1123 4.65436 26.6645 17.9 4.32144 10.8208 4.72422 5.21222 3.41931 1.3049 6.09659 0.267474
internal_count=198608 784 197824 15466 15330 273 15057 303 749 731 319 54 182358 412 89 166095 20393 174 145702 20219 14754 133091 323 16263 6971 12611 4699 2272 9292 59
is_linear=0
shrinkage=0.05


Tree=182
num_leaves=31
num_cat=0
split_feature=11 25 5 24 20 1 25 2 8 5 29 22 21 8 24 16 25 23 5 12 11 18 10 19 19 18 7 13 8 0
split_gain=24.7686 1268.91 2721.65 126.041 24.806 131.724 66.8887 1418.15 23.7743 34.9639 12.0646 9.88114 127.676 5.44567 3.75524 17.572 260.279 5.3906 251.585 4.25419 3.56598 2.12409 1.20146 0.700844 0.718804 0.464869 0.428627 0.2454 0.0269589 0.00378893
threshold=-2.0634948065297238 -1.924026694924392 -0.57306676149624292 -3.4706207386009802 -0.90151985684089531 -2.8436431899765719 0.75210906750987105 -1.2770253423325266 -1.3059954184526588 -1.4367335699459804 -1.980277404455945 -1.4142098467577875 -1.8370294977879482 1.3044662699387259 -0.29319797438616729 3.5580040536293769 -1.0000276780038933 1.2773484043187058 -1.1976163355518674 -1.5190162595383889 -0.79273322208662989 2.7786210890898873 2.6016881451477079 0.65575674613844159 0.68444373671453207 -1.3416399576507272 -1.3348375399798524 2.6788316329037967 1.3348779248875251 -4.9494740817275611
decision_type=2 2 2 2 2 2 2 2 2 2 2 2 2 2 2 2 2 2 2 2 2 2 2 2 2 2 2 2 2 2
left_child=1 2 -1 -3 6 -6 7 -5 9 -2 -7 12 -11 14 15 19 -17 20 -19 -10 -16 22 -13 27 -25 -26 -23 28 -15 -8
right_child=8 3 -4 4 5 10 29 -9 13 11 -12 21 -14 23 17 16 -18 18 -20 -21 -22 26 -24 24 25 -27 -28 -29 -30 -31
leaf_value=99.882760650502064 -0.6529168069071275 6.402593850155653 -0.050009452639825661 25.153989987877495 6.6423487570256645 0.64902842323141607 0.068996021584373859 -0.053951406564089768 0.035370327812894627 -6.9817894623194405 -0.0049019012324480202 -0.079217885798881782 -0.052228190122981501 -0.075745340304177927 -0.04399336896632651 13.871631494982205 -0.051676205376520623 -12.75327700369931 -0.058653629741861828 -0.048383474608076481 0.017161287520384091 0.08450994752693311 0.056769596156132807 -0.18825889193443771 -0.1248747854526554 -0.064533615291917062 -0.054115062380358084 0.052758803302106909 -0.057971046292267417 0.057863592383617594
leaf_weight=0.0010006728289226885 0.26779171186296835 0.0077505794453277535 0.0021349471095452035 0.005970886097421065 0.0074710116872623846 0.071106100992564758 0.19951911270618439 0.085100440588005768 1.7486373606639691 0.0072133212369086255 8.7428809983318718 24.755657835921141 0.084698050200363834 0.23090122049094342 2.8801522038982776 0.0035914943012295272 0.051311442725377118 0.003935994646559359 0.46378277460974415 11.404658471646533 13.830566547749232 0.24160427153049113 0.16349714289390149 0.19511304783801042 0.49305437671829766 0.90513839284649744 0.072492909902979075 0.049634946984809747 2.8038553916400386 0.12389393614952893
leaf_count=53 181 56 72 60 31 5 15 213 3832 29 8849 14803 235 523 6738 10 241 337 7876 54245 86053 6 3 58 421 2388 156 13 11028 78
internal_value=-0.036331 0.039897 31.8416 0.0291093 0.0237608 0.0059988 0.401789 1.59875 -0.0479515 -0.0845915 0.000373627 -0.0785819 -0.596069 -0.0212085 -0.0134775 -0.033523 0.859122 0.00193518 -0.165483 -0.037249 0.00662106 -0.076697 -0.0783257 -0.0714298 -0.0983576 -0.0858121 0.0525156 -0.0575198 -0.0593234 0.0647314
internal_weight=69.9041 9.24683 0.00313562 9.24369 9.23594 8.82146 0.414484 0.0910713 60.6573 25.593 8.81399 25.3252 0.0919114 35.0643 30.3866 13.2082 0.0549029 17.1784 0.467719 13.1533 16.7107 25.2333 24.9192 4.6777 1.59331 1.39819 0.314097 3.08439 3.03476 0.323413
internal_count=198608 9432 125 9307 9251 8885 366 273 189176 15413 8854 15232 264 173763 159332 58328 251 101004 8213 58077 92791 14968 14806 14431 2867 2809 162 11564 11551 93
is_linear=0
shrinkage=0.05


Tree=183
num_leaves=30
num_cat=0
split_feature=0 8 8 11 23 5 29 5 11 18 13 25 0 24 12 1 6 11 16 29 12 26 22 17 2 28 7 8 15
split_gain=1919.15 776934 165.513 1240.53 8492.66 70490.5 2596.56 32629.9 87.5592 30.8675 74.3691 37.2296 23.7561 198.742 23.401 17.5637 11.9267 176.094 8.53935 0.431373 0.57279 0.0147477 0.00210358 0.000124183 2.14123e-05 6.35819e-06 2.37435e-06 6.91219e-07 4.03582e-08
threshold=1.1010720259286937 2.2808547137277246 1.9325709401710389 -2.1249738696816052 -0.23874604626213258 0.15629823265462439 -1.6504679449917286 -0.81542439502036801 -2.0634948065297238 0.084380676333066479 2.6788316329037967 -1.924026694924392 0.23649993289989724 -3.4706207386009802 1.5664871097304682 3.2982404163652039 3.3868888178297554 -1.8431998949678123 -1.615368533818313 -1.980277404455945 0.33732227632568962 1.2418605543081427 -0.53449960804788688 -1.5100055362840301 -2.5850591075142884 -1.9132643284150401 -0.18455540703120027 -1.4469206738650715 -2.6130763050215537
decision_type=2 2 2 2 2 2 2 2 2 2 2 2 2 2 2 2 2 2 2 2 2 2 2 2 2 2 2 2 2
left_child=2 22 9 4 5 -4 15 -8 -5 10 12 -11 14 -14 -1 -6 18 -18 -13 20 -10 -21 -2 25 26 -24 -25 -26 -7
right_child=1 -3 3 8 6 28 7 -9 19 11 -12 16 13 -15 -16 -17 17 -19 -20 21 -22 -23 23 24 27 -27 -28 -29 -30
leaf_value=-0.079987223660021992 -0.058244196897367206 -1217.0542956112326 -444.64614946559743 -1.6074485439115973 -0.055045194051370261 -0.050284512110699377 -295.09712248218642 -4.8474813415778044 -0.065183701297126362 0.98753335396676611 -2.0393532747922314 0.06611466437427059 9.9750407942601367 -0.0082664596310618021 -0.31723948754196263 -1.2435147577645858 9.4452202888775414 -0.051174933568928473 -0.017121555010836679 -0.055994241100849218 -0.14249744360900643 -0.06602185610899769 -0.052791621768145697 -0.050402625077372323 -0.050320137197327558 -0.051919379989964688 -0.051132864091069145 -0.05002467895493188 -0.050015659834085083
leaf_weight=32.988145060436572 0.12157242509361255 0.0013147036597443975 0.0010121321420833787 0.096679371824045179 0.15985899812174159 0.0056260782293975353 0.0010164458038875576 0.020445322493974669 0.50884753629180712 0.095847546202572853 0.047823999845397647 3.7477940946789472 0.004987385803471577 11.320356883483697 1.0731420992978034 0.038591876626014709 0.0052656804648639468 0.066935293760424425 17.328001810267384 1.0828552695898757 0.45268953038786997 0.55438477004102282 0.050084319980527425 0.013463307202982833 0.02177163109555405 0.035846543454418178 0.064271757480021591 0.2180762318802722 0.0018564721468316212
leaf_count=49858 28 313 196 119 300 3 43 277 130 803 455 417 12 44293 2593 3 15 238 79839 3927 32 958 3 37 235 702 110 12558 111
internal_value=-0.0843105 -3.09198 -0.0615635 -0.429768 -3.96775 -53.0233 -2.07286 -18.5939 -0.129966 -0.0454176 -0.0686799 0.00433371 -0.0666034 -0.00387007 -0.0874621 -0.286162 -0.00012238 0.641406 -0.00232011 -0.075001 -0.101583 -0.0593897 -0.0524786 -0.0507415 -0.0502852 -0.0524278 -0.0510064 -0.0500515 -0.0502178
internal_weight=70.1286 0.526401 69.6022 2.92386 0.228407 0.00849468 0.219913 0.0214618 2.69546 66.6783 45.4345 21.2438 45.3866 11.3253 34.0613 0.198451 21.148 0.072201 21.0758 2.59878 0.961537 1.63724 0.525086 0.403514 0.317583 0.0859309 0.0777351 0.239848 0.00748255
internal_count=198608 13986 184622 6099 933 310 623 320 5166 178523 97211 81312 96756 44305 52451 303 80509 253 80256 5047 162 4885 13673 13645 12940 705 147 12793 114
is_linear=0
shrinkage=0.05


Tree=184
num_leaves=31
num_cat=0
split_feature=3 3 7 13 17 2 28 9 25 10 23 16 23 12 8 15 5 25 18 11 19 22 25 16 5 1 22 5 2 10
split_gain=28.2267 812.601 3173.9 240.336 8179.24 115.757 3875.33 23.604 31.7596 81.5321 33.8221 28.3094 144.51 255.625 17.3887 36.3672 2579.42 14.3607 14.3071 10.9659 258.535 10.2772 8.89832 80.0189 8.36787 8.25747 6.0675 0.00331158 0.0029867 2.28747e-06
threshold=-0.48722108413833182 -0.50475919414441306 -0.26280596310467874 1.7475977891695236 0.094347486216242074 -1.9895382302551712 -0.23663065550179693 -1.6320907716769968 -1.5676628191589017 1.9188123405428437 1.2537368370968751 3.5580040536293769 0.43946373350331547 2.3512846477495555 -1.3059954184526588 -1.2181815906752449 -1.5596358989794232 -1.0121317916496901 3.283747335452579 -2.0634948065297238 0.11260165820222096 -3.6248907980556369 -1.4601212662814049 1.9197669766505479 -1.5596358989794232 -1.0614569906907059 4.2542692037071399 1.4953771559533475 -1.2264205457632602 2.0212287399551299
decision_type=2 2 2 2 2 2 2 2 2 2 2 2 2 2 2 2 2 2 2 2 2 2 2 2 2 2 2 2 2 2
left_child=1 3 -3 5 -5 6 -1 8 9 27 18 14 17 -14 15 16 -9 -13 21 20 -7 -10 23 -16 -21 -24 -17 -2 -19 -8
right_child=7 2 -4 4 -6 19 29 11 10 -11 -12 12 13 -15 22 26 -18 28 -20 24 -22 -23 25 -25 -26 -27 -28 -29 -30 -31
leaf_value=-99.918625752886044 -0.05322244187149771 -99.851546500253335 -0.050006732776686304 -0.051876485818943288 -140.51307494181694 -4.6545970755579074 -0.050283757293054093 -65.597165853888669 0.59012767500058161 1.4086082091518923 0.81891569907933315 -0.40717677899566368 -0.051516949105110614 -7.1438514114757439 -0.089014735681048673 -0.073201629580830471 -0.012761665426767516 -0.055234927190710242 -0.39417372100950432 -0.51326318821042827 -0.079509964176252709 0.012767940040150642 -0.075358171036484373 -4.221295501484656 -0.073576389590784261 1.3441949348219832e-06 -0.40378635486829018 -0.065594139130284265 -0.062702867266854506 -0.051204643535473965
leaf_weight=0.001001312952837132 0.077103894375610937 0.0010019569433933817 0.0038875173859835369 0.035370732113847052 0.001067716277664727 0.032264680098607279 0.0095454838147930182 0.0015232932750350306 0.077922850578686531 0.14841891825199127 0.13052514617647482 0.43005056736441816 0.032522622429288384 0.020849414988504122 2.6108761640918594 18.029276033587919 0.094814582117726809 0.74716980662935273 0.21578173862105376 0.10936078080376788 0.7188804215630088 7.0941631577843287 4.2771748366165196 0.011768087346872291 10.28455080797745 24.213191394634404 0.13987520561604583 0.18121801316738129 0.16311259235599296 0.022972514852881432
leaf_count=616 51 229 1345 404 704 1247 722 19 49 9 108 12 76 15 4464 2930 876 498 46 426 845 1215 6976 20 54105 120503 35 22 38 3
internal_value=-0.0497944 -0.122459 -20.5015 -0.113574 -4.16766 -0.100359 -3.03425 -0.0359047 0.0443487 0.474685 0.0210678 -0.0484316 -0.270663 -2.82209 -0.0421592 -0.080884 -1.04978 -0.169066 0.00697181 -0.0915355 -0.276028 0.0190408 -0.019425 -0.107557 -0.0782026 -0.0113122 -0.0757466 -0.0619014 -0.0565731 -0.0509343
internal_weight=69.9172 11.2199 0.00488947 11.215 0.0364384 11.1786 0.0335193 58.6973 7.92513 0.406741 7.51839 50.7722 1.39371 0.053372 49.3785 18.2655 0.0963379 1.34033 7.38787 11.1451 0.751145 7.17209 31.113 2.62264 10.3939 28.4904 18.1692 0.258322 0.910282 0.032518
internal_count=198608 60646 1574 59072 1108 57964 1341 137962 1500 82 1418 136462 639 91 135823 3860 895 548 1310 56623 2092 1264 131963 4484 54531 127479 2965 73 536 725
is_linear=0
shrinkage=0.05


Tree=185
num_leaves=31
num_cat=0
split_feature=13 8 14 9 25 27 12 23 5 4 23 18 27 27 12 16 8 5 13 3 15 0 23 11 6 20 5 18 21 12
split_gain=19.3966 83.6786 2732.01 18.2927 166.91 633.047 32.3207 18.547 45.761 16.2239 22.9928 12.1171 9.90075 7.34062 7.25694 7.09943 6.77046 11.3689 24.5513 5.41566 5.04105 4.78202 8.36337 4.77352 3.78913 3.36007 3.1998 2.24351 1.91865 1.78788
threshold=-0.49148731920288874 2.614623787093826 0.0096145090348858098 -1.6320907716769968 -1.2237025225145131 0.53214557995041667 -0.47951149870754972 1.0569171359414737 -1.1002804587977522 -3.5780307616273812 -0.30064529027881043 3.283747335452579 -0.053255776620741734 0.12957983554483052 1.5664871097304682 3.5580040536293769 -1.3059954184526588 -1.2938759228960632 -0.02655941892363051 0.54417072451530257 0.63217627298714063 0.69044063550245538 1.2773484043187058 -2.3154392134860551 3.3868888178297554 -0.065509963326653917 -0.59701087355704174 2.7786210890898873 -0.65735655682644256 -1.825336033404567
decision_type=2 2 2 2 2 2 2 2 2 2 2 2 2 2 2 2 2 2 2 2 2 2 2 2 2 2 2 2 2 2
left_child=3 9 -3 4 5 6 -1 11 -9 10 -2 14 15 25 -6 29 17 18 -11 23 -17 26 -23 -18 -21 28 -15 -19 -14 -5
right_child=1 2 -4 12 7 -7 -8 8 -10 16 -12 -13 13 21 -16 20 19 27 -20 24 -22 22 -24 -25 -26 -27 -28 -29 -30 -31
leaf_value=0.03345440623254306 -2.1249357661775234 -70.474878149464374 -0.05095999819344308 0.054791215834839938 0.042768535754084701 13.286001318800325 2.2486321596698895 1.6034897262349403 -0.026252656798012849 -0.99357398820889786 -0.050316325047848991 -0.32177180284791285 0.061104637350270177 -0.065032543458151348 -0.28149701582659592 -0.28994985141308399 -0.14643494102022186 -0.075473236436412017 -0.069356580481560612 -0.0077591225592364508 -0.086890619848929734 -0.092595248961158103 -0.6574706183676553 -0.048374114004589297 -0.24473371924140813 0.073988939556709807 0.0031321219346595558 0.068364980255889982 -0.05300549255045555 -0.057296149311160255
leaf_weight=0.059900360814345577 0.022976569071283669 0.0014197424984381942 0.045906337235836855 0.37213132752204003 5.9410790484885432 0.011247958780996964 0.022709426663056281 0.064524926288868301 0.12955209831167902 0.10662186971125878 0.031893908761202884 0.25001875040243948 0.56370448158651476 2.4377261392393832 0.17770173857511906 0.56945001866612521 1.5238528629224504 20.137063537723233 0.22037625601017138 9.8596463247366586 0.65975885099437004 0.9541952027612205 0.070357978814891697 6.6871271937698511 0.17162102779845234 3.3810380603706793 5.8609720022945568 0.27479342902354531 1.0630844976176803 8.0902518722922085
leaf_count=47 129 559 596 288 863 38 97 17 48 65 362 35 2398 3494 67 60 3857 11994 179 37664 239 935 97 98294 91 5400 11210 129 3630 15726
internal_value=-0.0390772 -0.0624359 -2.16362 -0.00931986 0.0640244 2.15762 0.642407 0.0340832 0.515589 -0.0598885 -0.919046 0.0194102 -0.0296437 -0.00324689 0.0333512 -0.068677 -0.0586791 -0.0782225 -0.370709 -0.0364611 -0.180961 -0.0294732 -0.131386 -0.0665729 -0.0118134 0.0455797 -0.0168911 -0.0735368 -0.0134648 -0.0523671
internal_weight=69.7627 39.0833 0.0473261 30.6794 6.65673 0.0938577 0.0826098 6.56288 0.194077 39.036 0.0548705 6.3688 24.0227 14.3311 6.11878 9.69159 38.9811 20.7389 0.326998 18.2422 1.22921 9.32325 1.02455 8.21098 10.0313 5.00783 8.2987 20.4119 1.62679 8.46238
internal_count=198608 153919 1155 44689 1212 182 144 1030 65 152764 491 965 43477 27164 930 16313 152273 12367 244 139906 299 15736 1032 102151 37755 11428 14704 12123 6028 16014
is_linear=0
shrinkage=0.05


Tree=186
num_leaves=31
num_cat=0
split_feature=16 12 21 18 28 25 28 21 17 13 24 12 8 11 27 4 22 17 28 1 14 19 23 18 25 6 29 14 14 4
split_gain=20.1207 25.5538 63.7871 189.985 22.6266 17.9663 179.985 800.744 17.5566 147.078 41.0785 15.3642 13.9068 12.4157 11.1148 5.7523 6.83307 16.7933 5.62637 4.94866 35.845 4.21182 4.76681 3.62389 3.52883 3.04419 2.44654 2.24568 1.87533 1.83934
threshold=-1.8632890144386625 -0.025610242485148805 1.1024055870811813 1.862469253377194 1.4346860662495897 -1.2237025225145131 -1.5770808628201129 -0.58622943419861062 2.7755498580744491 -3.9074159136352793 -1.9307281212793288 0.090461017456927709 -1.3059954184526588 -0.22602750520120601 -0.6055056419048005 0.11697613984306775 -0.31787745922745075 -0.49669256154434799 -1.5307979053909275 -1.603775286148841 -1.2137418214893423 0.059191455330623859 1.1571841862506964 0.0094976479567723971 0.59239380666485342 -1.6659742630150536 1.1529124604541126 0.39510767809088931 1.5153570238507188 -0.80074275820352425
decision_type=2 2 2 2 2 2 2 2 2 2 2 2 2 2 2 2 2 2 2 2 2 2 2 2 2 2 2 2 2 2
left_child=1 2 4 -4 25 6 7 -2 9 -8 -10 -3 19 -11 18 24 -17 -18 28 20 -7 22 -16 -23 29 -1 -20 -21 -14 -13
right_child=5 11 3 -5 -6 12 8 -9 10 13 -12 15 14 -15 21 16 17 -19 26 27 -22 23 -24 -25 -26 -27 -28 -29 -30 -31
leaf_value=0.089571996561599337 -0.050112641776130833 -0.45920611157474672 0.024838078833473942 4.4592778206815229 0.49071118650483991 -2.0581799002407926 -7.552733663402079 -49.25812721813594 2.7309509986822551 -0.18478739885591078 -0.047442032642546407 -0.048775332085514635 -0.18772135654533859 -0.05269859303037349 0.015072401061658223 -0.071676891217711786 -1.337278102542772 -0.052744871215058865 -0.070415825716116751 -0.070680932999419133 -0.13399111558992374 -0.072813908693668147 -0.10062609054521153 -0.010278695570554318 0.10452455473168883 -0.048675161173154215 0.073457977974202338 0.014063906833318957 -0.42605258383569833 0.054560489733633789
leaf_weight=1.258969079536308 0.0044474457117653745 0.20253334315717353 0.083203006739372684 0.034033288568803013 0.33834624376685751 0.024914427993214194 0.0066601184090647738 0.0010154948881680882 0.017973434180021286 3.5724882227281936 0.05120246717320931 1.379076355969987 0.40437121147147281 3.5436588183350239 15.992268802883299 0.58609254721875692 0.038905512541532516 0.073535927066924023 6.5806901077121642 20.450229085806011 0.84788062828345345 3.5513630544589727 0.94272988930847823 6.6635149989915057 0.86074778506008431 0.5824078579440487 0.3093712339853959 0.81280736553912092 0.10370614943513756 0.6261447963579857
leaf_count=86 48 42 62 17 25 100 67 80 9 4476 72 111 748 10817 91576 65 12 67 11154 9121 597 20466 8280 33233 70 187 2155 4777 49 39
internal_value=-0.0424776 0.0445626 0.176007 1.31214 0.1149 -0.05074 -0.125154 -9.19729 -0.118263 -0.125961 0.674446 -0.0355858 -0.0412913 -0.119011 -0.0214674 -0.0115159 -0.140173 -0.497202 -0.0757964 -0.0722312 -0.188918 -0.00666309 0.00863175 -0.03202 0.0198422 0.0458459 -0.0639557 -0.0674415 -0.236368 -0.016508
internal_weight=69.9453 6.064 2.29696 0.117236 2.17972 63.8813 7.19745 0.00546294 7.19198 7.12281 0.0691759 3.76704 56.6838 7.11615 34.548 3.5645 0.698534 0.112441 7.39814 22.1358 0.872795 27.1499 16.935 10.2149 2.86597 1.84138 6.89006 21.263 0.508077 2.00522
internal_count=198608 783 377 79 298 197825 15569 128 15441 15360 81 406 182256 15293 167661 364 144 79 14106 14595 697 153555 99856 53699 220 273 13309 13898 797 150
is_linear=0
shrinkage=0.05


Tree=187
num_leaves=31
num_cat=0
split_feature=16 12 5 21 12 28 0 6 14 25 11 8 26 13 18 6 15 4 23 22 5 9 8 0 29 11 12 4 9 4
split_gain=18.3643 24.4283 41.3294 107.468 21.4928 17.5428 14.3835 183.39 812.413 12.4653 19.781 68.2723 195.279 38.9375 8.78708 6.10763 6.72365 5.95138 6.63749 4.89734 5.62091 4.0644 3.68747 3.28548 3.20672 3.06634 3.00787 2.48459 2.59632 2.38717
threshold=-1.8632890144386625 1.0000000180025095e-35 -1.2938759228960632 -0.58622943419861062 0.1105471920737832 1.4346860662495897 0.13845691185058165 -1.5358683843737935 0.30995017484401144 -1.2768744350923471 -0.22602750520120601 -1.6017636471146728 0.91036177070529434 1.007480259279329 0.1018897232769868 0.23718992883419143 1.6477443067121802 0.11697613984306775 -0.37173651836053256 0.3475145611533873 -1.2938759228960632 -0.14044189479180147 -0.71373586080781148 -2.2568472765086613 1.482721919918329 -3.2946583790412771 -0.80823663432347315 0.070738718328141867 0.30457128906180625 -3.5780307616273812
decision_type=2 2 2 2 2 2 2 2 2 2 2 2 2 2 2 2 2 2 2 2 2 2 2 2 2 2 2 2 2 2
left_child=1 2 3 -1 -3 25 9 8 -8 10 11 12 -2 -13 19 27 24 23 -19 21 -21 -11 29 -6 -17 -4 -24 -9 -29 -16
right_child=6 4 5 -5 17 -7 7 15 -10 14 -12 13 -14 -15 22 16 -18 18 -20 20 -22 -23 26 -25 -26 -27 -28 28 -30 -31
leaf_value=0.056526585549750721 -0.050391691866813394 -0.52668039872357575 0.087285247670220847 2.7291364915488585 -0.025298425691991935 0.42391734343171389 49.823650649260976 -0.017778899663789007 -0.050194534667143922 -0.015577300666704486 -0.048391585736438716 -0.18438956986532193 -13.683055477461275 -1.3100969239780442 -0.23148578105611681 -0.067468554919791021 0.042209780225429067 -0.48631217555266332 -0.06968074234895992 -0.24299394935031923 -0.090215842071916671 -0.067929442249672053 0.052205600369715291 0.087634226674602647 -0.31099870571531946 -0.054240433175900431 -0.016438495672302374 0.015029478683049304 0.08835840316302894 -0.046983401021500427
leaf_weight=0.11764634442396016 0.0094320717274810617 0.21347016018895937 1.3485111873360569 0.055291774264260574 1.4438800143928281 0.36952224419144286 0.0010025333364416808 3.2708650095095786 0.0044009440066586341 4.724240102792062 2.9402213944236912 2.2120307357786197 0.0036408016458153733 0.079580527449254812 0.18217029021391251 4.9631295962657127 1.6425251941151584 0.11611581394973647 0.54095214724722684 0.6671541393832382 6.1683252153447015 17.224322429059736 2.1283926012831218 1.1625671475696768 0.13895959803141522 0.53439818665350003 6.378080702273432 4.0790888415819628 1.7144729770233107 4.6586158998067964
leaf_count=23 173 46 58 40 130 37 505 61250 113 24590 5545 1281 1 1113 77 12856 145 74 62 1035 9096 15344 7665 85 734 228 26657 14112 3595 11938
internal_value=-0.0400099 0.044334 0.166125 0.911013 -0.0406215 0.108934 -0.0478881 -0.00659963 9.20314 -0.0616705 -0.134361 -0.244036 -3.8471 -0.223482 -0.0526213 -0.00974749 -0.0457759 -0.00882781 -0.143307 -0.0681706 -0.105127 -0.0566611 -0.0190885 0.0250735 -0.0741013 0.0471181 0.000736846 0.0170603 0.0367295 -0.0539267
internal_weight=69.093 5.90236 2.42537 0.172938 3.47699 2.25243 63.1907 15.8144 0.00540348 47.3762 5.24491 2.30468 0.0130729 2.29161 42.1313 15.809 6.74461 3.26352 0.657068 28.784 6.83548 21.9486 13.3473 2.60645 5.10209 1.88291 8.50647 9.06443 5.79356 4.84079
internal_count=198608 783 386 63 397 323 197825 93310 618 104515 8113 2568 174 2394 96402 92692 13735 351 136 50065 10131 39934 46337 215 13590 286 34322 78957 17707 12015
is_linear=0
shrinkage=0.05


Tree=188
num_leaves=31
num_cat=0
split_feature=0 1 6 0 5 6 16 0 0 5 26 29 18 5 7 0 18 24 25 13 24 20 23 16 10 12 9 27 3 25
split_gain=34803.8 1.18032e+06 5736.72 436677 2.01971e+06 30767 19364 6570.01 16320.6 66117.8 33.8481 186.029 29.4542 11.2811 72.4035 9.79272 12.2427 8.43256 7.55321 6.1677 4.82072 4.25363 4.23227 1.97533 0.662159 2.36041e-06 7.96224e-11 5.58732e-12 2.66394e-12 8.20706e-13
threshold=1.176414160487832 -0.93619809395581666 -1.5358683843737935 0.67826551944869606 3.2987211318532692 -1.8785297122085172 0.41218256951044691 0.13845691185058165 0.67342934800998233 -0.21279514748853542 -2.3805485318847128 -1.6504679449917286 3.283747335452579 -1.7891778384094923 0.19841158453082955 0.49759934177419701 0.084380676333066479 -1.4568273757632901 -1.924026694924392 -3.9074159136352793 -1.4905515267970701 0.049789176789123264 1.2773484043187058 2.0592047045816702 2.6016881451477079 -2.1964093862375278 -1.0066819171892623 -0.14164907261510606 -0.46873538724017977 -0.79215535827616634
decision_type=2 2 2 2 2 2 2 2 2 2 2 2 2 2 2 2 2 2 2 2 2 2 2 2 2 2 2 2 2 2
left_child=2 -2 3 7 -5 -6 -7 10 9 -9 11 -1 -12 14 17 16 18 20 -15 -18 -4 22 -17 -23 -19 -3 -27 29 -29 -28
right_child=1 25 13 4 5 6 -8 8 -10 -11 12 -13 -14 15 -16 21 19 24 -20 -21 -22 23 -24 -25 -26 26 27 28 -30 -31
leaf_value=3.5644013818684614 -1736.2767616416932 -0.050836153381335937 -0.051444848341878915 -819.07877905619523 -4.2158215179736773 -127.94975161465034 -37.198699431138031 -0.047099679082563503 -0.98946441127575513 -135.06044300347256 -0.013675588578783629 0.075041893015486819 -0.82768737787839908 -0.25215239962078911 -2.1882395079104935 0.01969833676602464 0.11377775828121611 -0.07624776408801176 -0.066128088296123516 -0.023369068934156412 -0.86103644257750789 -0.044336688761859359 -0.211492283179889 -0.21308041659137678 0.052997918096661156 -0.050015915532731769 -0.050001545087700175 -0.05000088788073679 -0.050003208010361927 -0.050000448652696372
leaf_weight=0.042709958997875219 0.0010079328566283121 0.016669190699602151 0.027698742625691726 0.0090950381304480965 0.046880882851837669 0.0097656396725358044 0.0147655895225332 0.035193493745382609 0.14324391400441575 0.012215196622401864 6.6268000699839344 0.36149508243384421 0.11302397067877468 0.55553757317416952 0.044635345560404605 9.3327539343712917 0.86525721308278392 0.514015611670394 30.728216770829835 15.593617948031865 0.054697480052709462 2.5712482224319269 0.20224807533312272 0.18597415053776911 0.12276822875719517 0.0010071323051401527 0.00218773348000345 0.00168655881271097 0.0046435535737413183 0.0077624378327772791
leaf_count=24 537 20 96 368 16 30 19 26 4 64 3652 323 65 832 173 50822 94 366 55690 52460 3 25556 3911 123 9 39 271 355 120 2540
internal_value=-0.228945 -50.1011 -0.203382 -1.51634 -117.331 -27.9562 -73.3258 -0.245136 -9.4055 -34.8343 -0.000673457 0.443742 -0.0273262 -0.043249 -0.234193 -0.0408197 -0.0510663 -0.112917 -0.0694315 -0.0161591 -0.58888 -0.00102197 0.0147945 -0.0557184 -0.0513299 -0.0504116 -0.0500023 -0.0500014 -0.0500026 -0.0500007
internal_weight=68.2488 0.0349645 68.2139 7.41519 0.0805072 0.0714121 0.0245312 7.33468 0.190653 0.0474087 7.14403 0.404205 6.73982 60.7987 0.763815 60.0349 47.7426 0.71918 31.2838 16.4589 0.0823962 12.2922 9.535 2.75722 0.636784 0.0339566 0.0172874 0.0162803 0.00633011 0.00995017
internal_count=198608 3882 194726 4591 433 65 49 4158 94 90 4064 347 3717 190135 647 189488 109076 474 56522 52554 99 80412 54733 25679 375 3345 3325 3286 475 2811
is_linear=0
shrinkage=0.05


Tree=189
num_leaves=31
num_cat=0
split_feature=16 14 12 12 28 3 5 8 27 17 6 8 25 5 23 9 13 1 25 27 25 29 25 28 24 14 11 22 1 15
split_gain=18.34 19.8139 13.0645 22.2564 13.1005 11.1102 33.4574 441.19 41.5405 9.27732 14.5681 9.18183 9.88899 264.676 9.16331 87.3489 7.53468 6.14243 259.686 5.95937 4.78778 4.34363 3.60209 2.96012 2.16476 0.282943 0.233967 0.221146 0.163796 0.00581774
threshold=-1.8632890144386625 -1.7475136117440979 0.016133088011481587 0.12012453781825976 1.4346860662495897 -0.015752500163395612 -1.5596358989794232 -1.6017636471146728 0.82195307414792163 -3.0126110942844968 -1.5358683843737935 -1.3059954184526588 -1.924026694924392 -0.7248739537363531 1.7055145981352815 1.0408210062344079 -3.3356271479323412 1.014847457314757 -1.4906379228193292 2.9996133201763011 -1.3023747174173632 -1.815372674723837 0.59239380666485342 -0.34209019439438254 2.0937128840642232 -0.76694304224020493 -0.44748280211260444 -0.38740341677543311 -3.4905747586158653 -1.2466033256009659
decision_type=2 2 2 2 2 2 2 2 2 2 2 2 2 2 2 2 2 2 2 2 2 2 2 2 2 2 2 2 2 2
left_child=1 -1 4 -4 19 6 7 -2 -9 10 -8 24 13 -13 16 -16 -11 20 -19 23 -14 -5 -23 -3 26 -26 27 -7 -28 -15
right_child=5 2 3 21 -6 11 9 8 -10 14 -12 12 17 29 15 -17 -18 18 -20 -21 -22 22 -24 -25 25 -27 28 -29 -30 -31
leaf_value=0.50438530185783315 -23.458634482240576 0.082102768584400701 -0.54787575598308003 -0.18178067685770063 0.37053325184165936 -0.058700255264411617 -1.3841972578345787 -0.052327975663984963 -2.6654736173905049 -0.5396334294300249 -0.051479324660883022 -6.8345851489399649 -0.089046655734424149 -0.064217943039395195 -0.052353071801511802 -5.0185521600021472 -0.069294397808846747 12.771921641313481 -0.097785154200597038 0.32711922149649136 -0.0011028573696071496 -0.024392255968464876 0.10137730990198186 -0.043949292128585005 -0.032982560650246295 0.058617276072905691 -0.10543522437331028 -0.085850338141755689 -0.064464210971390504 -0.054779773739753117
leaf_weight=0.22417761927708912 0.0021359222489175508 1.2515119536982171 0.20328713525031483 0.32018322841869817 0.40459861823066434 0.98975620232300476 0.034817218807211392 0.087524824430285517 0.018406846886819067 0.085601384779326106 0.049884375520502566 0.01474092967966123 1.65223141290022 0.3428956653311358 0.086470826647127366 0.0098642527882062264 16.13347434603676 0.0039246860812366382 3.0727344521274031 0.1916275803832902 24.442297558306581 1.9210389376713239 0.8090716886446826 0.74180876082614422 0.10854756401070215 0.37746652319444923 0.2493367193486965 3.0966151748149238 11.27869940784475 0.31169043676509145
leaf_count=59 50 199 45 21 37 127 11 643 163 161 375 65 3432 45 2206 104 93597 66 4589 15 87787 209 91 107 39 56 55 460 2711 1083
internal_value=-0.0399074 0.0430848 0.0253865 -0.0413133 0.10919 -0.0479706 -0.0831524 -0.960036 -0.506392 -0.0773742 -0.599303 -0.0353285 -0.0189094 -0.20893 -0.0746646 -0.560868 -0.0717768 -0.0145494 -0.0813681 0.0607958 -0.00667121 -0.0075534 0.0128797 0.0351928 -0.0657598 0.0381591 -0.0689943 -0.0792743 -0.0653504 -0.0597238
internal_weight=68.5164 6.06731 5.84313 3.25358 2.58955 62.4491 16.5082 0.108068 0.105932 16.4001 0.0847016 45.9409 29.8405 0.669327 16.3154 0.0963351 16.2191 29.1712 3.07666 2.18495 26.0945 3.05029 2.73011 1.99332 16.1004 0.486014 15.6144 4.08637 11.528 0.654586
internal_count=198608 783 724 366 358 197825 97310 856 806 96454 386 100515 97067 1193 96068 2310 93758 95874 4655 321 91219 321 300 306 3448 95 3353 587 2766 1128
is_linear=0
shrinkage=0.05


Tree=190
num_leaves=31
num_cat=0
split_feature=16 14 25 6 20 4 12 12 5 28 13 19 21 7 6 8 29 4 8 16 1 1 25 17 29 25 5 18 4 28
split_gain=17.3765 21.8409 16.0551 63.5918 201.844 43.9419 12.143 25.5252 61.7514 178.676 11.8551 229.098 10.9306 45.2358 138.877 9.56617 9.06056 12.1628 8.19806 6.55055 5.5759 6.89966 5.51824 4.73356 4.06532 3.3872 2.01781 1.88826 1.19795 1.05778
threshold=-1.8632890144386625 -1.7475136117440979 -1.2768744350923471 -2.87618420856808 2.3580492622531444 2.4177255450218422 0.016133088011481587 0.23179011948045286 0.37449774208311448 -0.34209019439438254 1.4202528053315191 0.22236859926602978 0.79356299210683223 0.69160161182903301 1.3067270395843529 -1.3059954184526588 0.49329354152567906 -1.6516605694776931 1.0280955108409571 0.41218256951044691 -1.0265325544042938 0.93403692656948289 -1.1730884852872356 -3.0126110942844968 -1.815372674723837 0.59239380666485342 -1.3575345130014977 2.7786210890898873 -3.5780307616273812 -0.34209019439438254
decision_type=2 2 2 2 2 2 2 2 2 2 2 2 2 2 2 2 2 2 2 2 2 2 2 2 2 2 2 2 2 2
left_child=1 -1 3 4 -2 10 12 8 9 -8 19 -12 16 14 -14 26 29 -18 20 -5 23 -22 -20 -17 -9 -26 -4 28 -28 -3
right_child=2 6 15 5 -6 -7 7 24 -10 -11 11 -13 13 -15 -16 18 17 -19 22 -21 21 -23 -24 -25 25 -27 27 -29 -30 -31
leaf_value=0.57147891290572095 -0.050450969062045541 0.053268476659051649 0.036208481226683943 -0.047000976446198051 -13.438494356973331 2.0285170113047903 -6.6459202810921969 -0.17894937441779948 -0.053702252327576278 0.012772499201357241 -6.1810446293888885 -0.05923866886617124 5.0173585795149318 0.087206858497609202 -0.052227205864808793 -0.38290191900861981 0.50756668507946423 0.072699152649198046 0.082351584408388648 -0.13840934872970675 0.0062510629720615015 -0.081187576716228019 -0.088633335550927117 -0.055771073322925385 -0.02308850022634551 0.10207384997025558 -0.19036855990462354 0.050458157618055846 -0.068827876172282032 -0.036091681751154035
leaf_weight=0.18875604446148297 0.011436576928233744 0.50483404933683718 0.47508296124844207 3.2818842665976682 0.0037346023601685383 0.024041068789100062 0.015161772520730928 0.30927464363982737 0.12036907348851963 0.030026167656760937 0.016312051286237472 0.2422087099677448 0.020027216431419401 0.25476016325470385 0.041506700592755366 0.11364980268738456 0.23369388282299042 0.51541007985406384 0.51438370217560159 4.8658729066609059 22.697201430052502 2.5051249776345044 5.7097045668673845 4.0966258056361387 1.8952401196597701 0.75623619777205675 0.20492973590179531 0.33023926675616522 18.953383417122151 0.9626645210730157
leaf_count=59 75 101 234 10486 14 121 25 19 18 34 1180 125 34 15 49 65 11 79 751 2012 130749 9099 19840 8550 187 83 125 164 14235 69
internal_value=-0.0401165 0.0423875 -0.0476499 -0.111883 -3.34611 -0.106062 0.0247402 -0.0411845 -0.645364 -2.2214 -0.112167 -0.44551 0.10611 0.381078 1.59775 -0.0378931 0.0668738 0.208362 -0.0223703 -0.10159 -0.0113385 -0.00244039 -0.0745025 -0.0646015 -0.00740043 0.0126095 -0.0656027 -0.0680846 -0.070128 -0.0053509
internal_weight=69.8938 5.84796 64.0458 8.44549 0.0151712 8.43032 5.6592 3.12631 0.165557 0.0451879 8.40628 0.258521 2.5329 0.316294 0.0615339 55.6003 2.2166 0.749104 35.6367 8.14776 29.4126 25.2023 6.22409 4.21028 2.96075 2.65148 19.9636 19.4886 19.1583 1.4675
internal_count=198608 783 197825 14013 89 13924 724 366 77 59 13803 1305 358 98 83 183812 260 90 169054 12498 148463 139848 20591 8615 289 270 14758 14524 14360 170
is_linear=0
shrinkage=0.05


Tree=191
num_leaves=31
num_cat=0
split_feature=16 14 14 25 6 2 20 13 12 12 24 28 8 27 8 13 6 26 25 18 28 17 13 18 5 18 4 12 6 21
split_gain=14.643 24.2038 40.9004 15.0017 89.6906 14.9802 15.0728 178.548 9.5221 15.7691 38.4884 13.1837 9.28683 7.85753 7.70591 7.49118 6.7966 5.37656 4.36963 4.32685 3.01932 2.33247 2.14615 2.08498 1.89856 1.77823 0.885081 0.733776 0.497181 0.389106
threshold=-1.8632890144386625 -1.7475136117440979 -2.4556013819608444 -1.2768744350923471 -2.87618420856808 -2.9865825183719816 1.5392865517989789 -1.0520847818836552 0.016133088011481587 0.28470641480401698 -0.43847668179515381 1.4346860662495897 -1.3059954184526588 2.9996133201763011 1.0701703396026374 1.4202528053315191 -1.4414049317151225 -0.82177370551250795 0.59239380666485342 0.23112171483821584 -0.61973826440863855 -3.0126110942844968 2.6788316329037967 1.862469253377194 -1.3575345130014977 2.7786210890898873 -3.5780307616273812 1.7524459797098402 -0.90554298680789957 -0.81768943267378968
decision_type=2 2 2 2 2 2 2 2 2 2 2 2 2 2 2 2 2 2 2 2 2 2 2 2 2 2 2 2 2 2
left_child=1 2 -1 4 -2 -6 15 -8 11 10 -10 13 24 20 16 -7 21 -18 19 -11 -3 -14 27 -20 29 26 -26 -16 -27 -5
right_child=3 8 -4 12 5 6 7 -9 9 18 -12 -13 14 -15 22 -17 17 -19 23 -21 -22 -23 -24 -25 25 28 -28 -29 -30 -31
leaf_value=0.0566430442193991 -4.6445184104551123 0.081620875768800907 1.7314276636277057 -0.054178709370407974 0.29308734184568314 -0.097646238385644291 -9.9469201318989562 -0.051753820765999603 -1.3467914324237606 -0.16793845552973641 -0.047863611298123533 0.34899989420945121 -0.27791766388120948 0.3861658235542148 -0.074398321392110334 -0.32773283444307555 -0.057957486008056162 0.0050625944698557855 0.051645746066970567 0.00021530510878185741 -0.037314055372221815 -0.073914206729005907 0.07439572583353303 0.24643556333153427 -0.1690183398368319 0.084944905054993677 -0.067873626859980468 -0.12024767365807405 -0.052652566735760534 0.058231846459840676
leaf_weight=0.10432305809956688 0.010883547695700879 0.97122415077893287 0.056035207273242515 0.097131647934249055 0.23256037369628302 7.7061554257654459 0.0050015438782653734 0.051496150629427889 0.077365777313947282 0.51044440665246171 0.216958551565332 0.40869131054556085 0.14754208892080889 0.15382035095157665 3.7594951024175396 0.37077991607530769 3.9574375272810647 23.37463171810451 0.54473511464825497 1.5269602975756285 1.1843145331863529 2.783043903086162 0.22057838166690569 0.18370299693197012 0.21888053615968672 0.24215543000389061 18.276050357054192 1.1364280620309655 0.090067720648088989 0.37111342115831408
leaf_count=22 89 152 37 45 65 12371 17 198 26 82 70 37 16 15 16039 1273 8649 137532 46 105 154 3623 84 37 125 11 14235 3111 153 189
internal_value=-0.0391112 0.035947 0.641876 -0.0461807 -0.108489 -0.102588 -0.113901 -0.927738 0.0191311 -0.0413606 -0.389298 0.0872368 -0.0366343 0.0409121 -0.021416 -0.108209 -0.0118211 -0.00406215 -0.00433513 -0.0419134 0.0162746 -0.0841849 -0.0781673 0.100769 -0.0645377 -0.0670111 -0.0690706 -0.0850407 0.0476414 0.0349137
internal_weight=68.99 5.93858 0.160358 63.0514 8.37688 8.36599 8.13343 0.0564977 5.77822 3.06017 0.294324 2.71805 54.6746 2.30936 35.3792 8.07694 30.2627 27.3321 2.76584 2.0374 2.15554 2.93059 5.1165 0.728438 19.2954 18.8272 18.4949 4.89592 0.332223 0.468245
internal_count=198608 783 59 197825 14013 13924 13859 215 724 366 96 358 183812 321 169054 13644 149820 146181 270 187 306 3639 19234 83 14758 14524 14360 19150 164 234
is_linear=0
shrinkage=0.05


Tree=192
num_leaves=30
num_cat=0
split_feature=13 25 23 25 13 5 22 12 12 8 17 14 29 20 8 1 27 1 9 29 25 17 18 14 8 4 4 28 7
split_gain=13.3027 54.9357 15.1433 12.3916 10.6399 822.32 10.0449 14.9282 9.35657 7.99803 56.2375 7.56368 51.6952 7.37788 6.9602 6.13461 4.54359 4.34297 4.09225 2.7216 2.66507 1.84123 1.49449 0.734411 0.689377 0.659433 0.008059 0.000296308 2.04306e-05
threshold=-3.9074159136352793 -1.5676628191589017 1.2773484043187058 -1.2768744350923471 1.4202528053315191 -0.88150140648606767 -3.6248907980556369 0.90976630323266139 1.5664871097304682 -1.3059954184526588 -2.0348783879410797 1.0079582785638557 1.1529124604541126 1.5392865517989789 1.0280955108409571 -1.0265325544042938 -1.3442826784282014 0.93403692656948289 -1.2181563309097192 1.1529124604541126 -1.2237025225145131 -3.0126110942844968 2.0262562528570487 -2.5810700781294806 2.88336522349331 -3.5780307616273812 3.3391884763309219 -0.36928898558231321 -2.0903794231873163
decision_type=2 2 2 2 2 2 2 2 2 2 2 2 2 2 2 2 2 2 2 2 2 2 2 2 2 2 2 2 2
left_child=1 -1 8 4 6 -6 7 -2 11 10 -5 16 -13 18 15 21 -3 -17 -8 25 26 -11 -21 -22 -15 -12 -16 28 -7
right_child=3 2 -4 9 5 27 13 -9 -10 14 19 12 -14 24 20 17 -18 -19 -20 22 23 -23 -24 -25 -26 -27 -28 -29 -30
leaf_value=0.7930674417244572 -0.052294313033020595 0.12897659078286414 0.42365036426333513 2.6305464691534306 -21.057841951622969 -0.057860856661826013 -0.14249519028067628 -1.3669859977921235 -0.29118579783397652 -0.22231885031797352 -0.1522378830047901 -0.019962907525559626 -2.8900484508069302 0.061044708356953331 0.056319759458119005 0.0055570072204400326 -0.0052239953974541143 -0.070475951137654647 -0.066698345659918751 -0.056654112025739327 0.053569931388912709 -0.056804978127822807 0.082252612058683894 -0.081834014723765156 0.18902549310831263 -0.067113277660665535 0.072682911525424054 -0.053567490579225441 -0.05690476523127589
leaf_weight=0.22975390581714439 0.049966499338689532 0.74019010720013767 0.20745433041156491 0.019382616554802889 0.0047375481863441418 0.11740053445100791 2.8136168484902715 0.038023867503906225 0.28365283722715151 0.17445617686866377 0.2305281709902357 0.14378189140784228 0.017610843523242686 0.22917179845780822 0.11585251323776091 22.6034223108697 4.2642194119852581 2.0483140684396828 4.8508113921713827 0.3258412872111589 0.10206146185318932 4.5593873990181653 0.47724517265383282 5.3247620792706272 0.19454662501811981 17.377703896912838 0.21468621492385864 0.064831884464532807 0.1066208939336024
leaf_count=35 67 121 18 281 123 6 2445 12 32 65 118 159 43 184 371 130831 376 8981 9949 2801 676 8570 66 19558 5 11482 3 407 823
internal_value=-0.0366809 0.0351519 0.00436932 -0.0434963 -0.0996951 -0.395433 -0.0890757 -0.620421 -0.0115922 -0.0346116 -0.0612884 0.0037602 -0.333141 -0.0832952 -0.0206209 -0.0107716 0.0146253 -0.000760575 -0.0945234 -0.0641223 -0.0708919 -0.0629047 0.0258931 -0.0792875 0.119806 -0.0682277 0.0669477 -0.0565443 -0.0574058
internal_weight=67.93 5.88666 5.65691 62.0434 8.46973 0.293591 8.17614 0.0879904 5.44946 53.5736 18.4307 5.1658 0.161393 8.08815 35.1429 29.3856 5.00441 24.6517 7.66443 18.4113 5.75736 4.73384 0.803086 5.42682 0.423718 17.6082 0.330539 0.288853 0.224021
internal_count=198608 784 749 197824 14021 1359 12662 79 731 183803 14748 699 202 12583 169055 148447 497 139812 12394 14467 20608 8635 2867 20234 189 11600 374 1236 829
is_linear=0
shrinkage=0.05


Tree=193
num_leaves=31
num_cat=0
split_feature=9 25 10 23 24 29 18 25 16 8 22 2 8 12 26 1 1 13 28 16 10 25 3 18 3 4 6 17 6 10
split_gain=13.5996 40.1825 310.563 27.3272 110.905 146.406 16.8195 8.3759 20.7018 8.46091 8.37372 12.9394 8.18284 5.49794 6.25696 4.47132 5.64243 3.35835 5.13322 3.43973 2.70068 2.5763 2.3389 1.57249 0.843344 0.541522 0.418052 0.408269 0.146981 0.00760064
threshold=-2.5366060588563664 -1.6203645108391245 1.2117891545641262 0.84919097349259098 -0.18001270237153991 -0.49613483686697074 3.283747335452579 -1.2768744350923471 3.5580040536293769 -1.3059954184526588 -3.6248907980556369 -1.0000000180025095e-35 1.0280955108409571 1.5664871097304682 2.7529616263015506 -1.0265325544042938 0.93403692656948289 1.5038535464645848 -0.47053383314700292 0.32974389486961497 1.6352791279517049 -1.2237025225145131 1.5544933477906173 2.7786210890898873 2.6159816495256254 -3.5780307616273812 -0.90554298680789957 1.6949434743436285 -1.4414049317151225 2.6016881451477079
decision_type=2 2 2 2 2 2 2 2 2 2 2 2 2 2 2 2 2 2 2 2 2 2 2 2 2 2 2 2 2 2
left_child=1 2 -1 6 5 -5 13 8 10 20 11 -2 15 14 -3 22 -17 19 -19 -12 23 -14 -11 25 28 -9 -25 -23 -22 -6
right_child=7 3 -4 4 29 -7 -8 9 -10 12 17 -13 21 -15 -16 16 -18 18 -20 -21 24 27 -24 26 -26 -27 -28 -29 -30 -31
leaf_value=-0.057227454379628034 -0.052802658801970097 0.10767668823408881 5.9626599254438712 7.1797827784778123 -0.052680768985003817 -0.050174177355693961 -0.4649016913106605 -0.14397968809726328 0.40188489762621038 -0.081926296066374499 -0.042353833756895977 -1.2029857474313963 0.065766977021347817 -0.25188998256329781 -0.03151036847682611 0.0067911403093126807 -0.07274195582413337 -0.54564576404291332 -0.057342188214401096 -0.112245579375716 0.052025147842378217 -0.072115098069145067 -0.0051244828942251658 0.079564056937689254 0.067578167259466734 -0.066181337082513017 -0.052354369428864872 -0.10249308800797222 -0.054411935692321646 -0.025160566752104659
leaf_weight=0.1518049412691348 0.055921334696297106 1.5554008369712251 0.024945209702373461 0.013830313459038734 0.049260047575805044 0.014182554589964091 0.18821221782416309 0.22667561336886777 0.2111447155486833 2.8694141213259892 2.6603622891936425 0.043452631334459438 0.31991151258625095 0.17554296900193467 1.6790496816994847 23.405985298687739 2.4648698624238525 0.10219951469893737 0.11369587674092055 5.2039499517661287 0.03741104900836939 4.2502380800781729 1.5145470937400469 0.23351792730250054 0.51021366829950132 16.891583212632465 0.080849345324366051 1.4951000476897709 0.24386360329751694 0.051131693348442253
leaf_count=122 67 346 24 14 46 33 28 96 6 7789 10286 22 386 35 126 130843 9081 379 629 2521 5 19861 787 10 19 14166 148 523 198 12
internal_value=-0.034812 0.0557502 0.792375 0.0208127 0.737555 3.51935 -0.00476481 -0.0404288 -0.0869354 -0.0332745 -0.0995536 -0.555736 -0.0193252 0.0206321 0.0354227 -0.00869904 -0.00078645 -0.0939433 -0.288493 -0.0886024 -0.0610752 -0.0723308 -0.0553932 -0.0651765 0.0292569 -0.0672115 0.0456371 -0.0800203 -0.0402552 -0.0386641
internal_weight=66.8383 3.90336 0.17675 3.72661 0.128405 0.0280129 3.59821 62.9349 8.39073 54.5442 8.17958 0.099374 36.3201 3.40999 3.23445 30.2548 25.8709 8.08021 0.215895 7.86431 18.2241 6.06525 4.38396 17.4326 0.791488 17.1183 0.314367 5.74534 0.281275 0.100392
internal_count=198608 786 146 640 105 47 535 197822 13910 183912 13904 89 169270 507 472 148500 139924 13815 1008 12807 14642 20770 8576 14420 222 14262 158 20384 203 58
is_linear=0
shrinkage=0.05


Tree=194
num_leaves=30
num_cat=0
split_feature=13 25 21 23 21 25 23 29 11 10 3 23 8 9 8 1 11 24 12 18 18 24 13 23 11 26 29 2 11
split_gain=12.1806 45.5504 11.8739 25.7916 15.8855 11.6037 106.421 850.667 84.9315 7.31462 6.26579 15.9811 6.38686 14.225 26.9039 6.91815 4.96256 4.10785 3.88561 6.92729 3.83927 2.58283 2.22303 2.10755 1.835 0.0425776 0.00175912 1.65466e-08 2.53625e-11
threshold=-3.9074159136352793 -1.5676628191589017 1.2067997121747993 1.2537368370968751 0.91888625802577062 -1.924026694924392 -0.39367087394112005 -0.33123010713486239 -1.7860417399945923 1.2117891545641262 -0.015752500163395612 1.8371768221587472 -1.3059954184526588 -2.5366060588563664 -1.7305301868936434 0.98519976145973598 -2.0094963541027875 -1.3540808224708563 -0.1361358599218235 2.4945878902499925 0.7102947449179754 -0.12230346277700029 -2.8694824988781913 -1.3540327647062054 -3.2946583790412771 1.0567769249598469 -0.33123010713486239 -1.5535794420663092 1.8918770667543445
decision_type=2 2 2 2 2 2 2 2 2 2 2 2 2 2 2 2 2 2 2 2 2 2 2 2 2 2 2 2 2
left_child=1 -1 4 25 18 6 7 -2 -8 26 11 20 13 14 -12 17 -17 -14 23 -20 22 -22 -7 -3 -15 -4 -10 -9 -29
right_child=5 2 3 -5 -6 10 8 27 9 -11 12 -13 15 24 -16 16 -18 -19 19 -21 21 -23 -24 -25 -26 -27 -28 28 -30
leaf_value=0.69644815791600023 -48.207662530067353 -0.055231101202354471 0.022419307394221221 0.96415887471383366 -0.46168569522830788 -0.19517433739139525 -4.4727302820478352 -0.050223731745756756 -0.053037727970767168 -0.55561839971236582 -0.049777562307267008 -0.96560225380645714 -0.044549994495768894 0.077966504845306248 1.9869499928129917 0.053121905707526576 -0.092218449059531971 0.0046844880181637375 -0.021642247464666382 -0.3572801570448878 -0.076361991413515976 0.013019763078742566 -0.07256223339006064 0.063606264398100132 -0.064426156351677463 0.059756832375225999 -0.058513959224596873 -0.050073382402727067 -0.05008199100934161
leaf_weight=0.24842894935495863 0.001038036643720811 0.45018970109422474 0.17297979600337438 0.099522455595433712 0.19236079595731403 0.38155845596685445 0.011302297430237029 0.0044348100200295448 0.20519025783783584 0.081913802647530232 0.047793946822340089 0.04919864305114785 5.3920569250832093 0.23029163503451577 0.024538634368222428 0.68537935338818456 4.1049643785942145 19.770123817943638 2.2211021907401229 0.1651625390791901 1.2290237758014817 2.3606820496759005 11.868474008760737 2.1784263461393301 12.910835691563074 0.13668824894194259 0.51398416077182485 0.0017954603675181067 0.0016344657633453608
leaf_count=35 421 43 46 6 31 253 171 13 719 112 59 413 6123 3 24 451 4350 84792 314 38 7195 13868 74618 244 3345 27 627 259 8
internal_value=-0.0348661 0.0339015 0.00459536 0.26394 -0.0157842 -0.0416019 -0.228248 -5.66518 -0.168666 -0.107942 -0.0390062 -0.0658505 -0.029125 -0.0580819 0.641177 -0.0163508 -0.0714238 -0.00586607 0.0013197 -0.044873 -0.0630559 -0.0175823 -0.0763813 0.0432536 -0.0619308 0.0389002 -0.0569515 -0.05016 -0.0500775
internal_weight=65.7411 5.86486 5.61643 0.409191 5.20724 59.8762 0.821293 0.00890277 0.812391 0.801088 59.0549 15.8889 43.166 13.2135 0.0723326 29.9525 4.79034 25.1622 5.01488 2.38626 15.8397 3.58971 12.25 2.62862 13.1411 0.309668 0.719174 0.00786474 0.00342993
internal_count=198608 784 749 79 670 197824 2330 701 1629 1458 195494 96347 99147 3431 83 95716 4801 90915 639 352 95934 21063 74871 287 3348 73 1346 280 267
is_linear=0
shrinkage=0.05


Tree=195
num_leaves=31
num_cat=0
split_feature=13 25 12 18 29 25 29 8 13 8 20 1 15 29 27 13 5 9 14 29 25 25 23 23 18 28 1 8 10 24
split_gain=10.8979 49.59 10.6326 22.9326 19.3061 8.08976 7.66313 6.87513 46.2656 7.4904 6.29267 5.19329 4.3559 4.32295 3.8278 3.72755 52.0299 3.91252 2.93271 2.33773 2.27295 1.94409 1.76108 1.50977 1.20814 1.06555 0.3503 0.21214 0.146269 0.000175977
threshold=-3.9074159136352793 -1.5676628191589017 0.0075726329000181383 2.7786210890898873 -1.6504679449917286 -1.2768744350923471 -1.815372674723837 -1.3059954184526588 -3.3356271479323412 1.0280955108409571 1.5392865517989789 -1.0265325544042938 2.3751547501625816 -1.6504679449917286 -1.1707933100639314 1.5038535464645848 -1.1602409891594807 -1.2181563309097192 1.7638370239013896 1.1529124604541126 -1.2237025225145131 -1.3023747174173632 1.7623222769791533 -1.3540327647062054 2.0262562528570487 0.79325974948294642 -1.1927497892169672 2.88336522349331 -1.4577069136527501 1.5579833500425437
decision_type=2 2 2 2 2 2 2 2 2 2 2 2 2 2 2 2 2 2 2 2 2 2 2 2 2 2 2 2 2 2
left_child=1 -1 4 6 -3 10 -4 8 -7 11 15 22 20 -8 -13 17 -17 18 -2 26 -11 -19 -9 29 -21 -25 -10 28 -12 -6
right_child=5 2 3 -5 23 7 13 9 19 12 27 14 -14 -15 -16 16 -18 21 -20 24 -22 -23 -24 25 -26 -27 -28 -29 -30 -31
leaf_value=0.78785642745667384 -0.12641519501554035 0.4855091700698328 -0.27389551244411087 -0.60834602577936714 -0.054082477931577888 2.2445251048051134 0.25355165119459627 -0.065763188117668334 -0.086209104722641094 0.065412511049216679 0.070854329128149526 -0.069992646711506776 -0.37143270058287325 -0.016376434175178277 0.0055859436063969252 -3.0156251552878226 -0.0554163275489487 -0.069856861890662036 -0.38656014028566882 -0.055642490355930642 -0.07436612558999231 0.077268358397929962 0.075242151411016575 0.060660315121306242 0.076363257283458927 -0.042906095790244056 -0.062811848060720765 0.12301209326721746 -0.050394393274226269 -0.056126092027629998
leaf_weight=0.20932185739673315 2.8243384506506146 0.25589133587108559 0.28173242124438536 0.18230119810163792 0.24706620835349236 0.021780218037238508 0.15950863286838801 4.2703135950946214 1.8048955497821122 0.30867433402295308 0.20780288579273076 1.8094300677416217 0.11956995797329639 2.1161749320692884 22.59902621552623 0.016305403783917288 0.16560859381691009 4.1954937620409396 0.11265865833691835 0.28085555879436497 5.0325735803044438 0.23723036735406111 0.23354703165263924 1.9322022167288302 0.45272676802119904 0.2849891875967 14.074349870679013 0.24125103652477264 0.028255776697959756 0.18363988399505615
leaf_count=35 2450 36 26 54 44 15 28 8439 1066 373 18 4042 86 278 135770 44 971 9517 104 2851 20149 656 196 216 67 61 10749 11 250 6
internal_value=-0.0329248 0.0321529 0.00412327 -0.0665321 0.0707864 -0.0393765 -0.0279098 -0.0320333 -0.0584206 -0.0192633 -0.086028 -0.00911953 -0.0729697 0.00254353 -1.67939e-05 -0.0971565 -0.320747 -0.0916374 -0.136394 -0.0614399 -0.0662882 -0.061983 -0.0584514 0.0307079 0.0258242 0.0473483 -0.0654713 0.0900392 0.0563411 -0.0549538
internal_weight=64.8895 5.85283 5.64351 2.73972 2.90379 59.0367 2.55742 51.0077 16.6346 34.3731 8.02894 28.9123 5.46082 2.27568 24.4085 7.55164 0.181914 7.36972 2.937 16.6128 5.34125 4.43272 4.50386 2.6479 0.733582 2.21719 15.8792 0.47731 0.236059 0.430706
internal_count=198608 784 749 386 363 197824 332 183803 14748 169055 14021 148447 20608 306 139812 13742 1015 12727 2554 14733 20522 10173 8635 327 2918 277 11815 279 268 50
is_linear=0
shrinkage=0.05


Tree=196
num_leaves=31
num_cat=0
split_feature=2 26 29 18 20 22 6 4 13 3 4 3 25 12 10 9 25 12 0 14 14 25 6 15 1 12 10 9 6 16
split_gain=10.0129 35.8257 100.907 12.3592 337.874 8.97118 83.0148 6.79408 10.6257 23.829 47.3084 7.22598 5.66613 3.87779 4.35386 3.68881 3.62317 3.03841 2.30421 1.94818 1.52902 1.12356 1.11517 0.802751 0.662475 0.281476 0.257571 0.00315897 0.000104227 1.33123e-05
threshold=-2.9865825183719816 -2.3805485318847128 -0.66103956659907903 3.283747335452579 1.5392865517989789 -3.6248907980556369 -0.16771320234934442 1.1116003542340016 -3.9074159136352793 0.078162915239254602 -0.33225458463581037 -0.47752126826565122 -1.4601212662814049 1.5664871097304682 2.3163243082536376 -2.5366060588563664 -1.924026694924392 1.3502147854662014 0.63769166273344813 -0.79874833317796712 -2.1695011465006719 -1.3023747174173632 0.28625429720868556 -1.4395136935932427 0.69721044494448792 1.2078994523125275 2.6016881451477079 2.6631567422817235 0.044480195574366825 2.5229466155712399
decision_type=2 2 2 2 2 2 2 2 2 2 2 2 2 2 2 2 2 2 2 2 2 2 2 2 2 2 2 2 2 2
left_child=1 2 -1 7 26 6 -3 8 9 10 -2 15 -13 17 23 -10 24 19 21 -7 -20 -18 -11 -15 25 -9 29 28 -8 -5
right_child=3 5 -4 4 -6 13 27 16 11 22 -12 12 -14 14 -16 -17 18 -19 20 -21 -22 -23 -24 -25 -26 -27 -28 -29 -30 -31
leaf_value=2.2604475828596411 1.9685903154423205 2.3298798872733917 0.069537014281178172 -0.051176841535398115 -8.7697812887156186 0.056854786358600411 -0.054094040074360854 -0.052135216254172827 -0.2149562861234573 0.061165437971605841 0.055100200009837633 -0.083917199640233683 -0.014029630590991944 0.061443757763504483 -0.29237700319655363 -0.064105770487455735 -0.10604301713875369 0.20009030121908375 0.12933884999471362 -0.028681706907856094 -0.026194457903970791 -0.061218406672470208 -0.055925048015658479 -0.077942139004111913 -0.3085870435928838 -0.19536066259793905 0.061866250082951761 -0.064376095282229567 -0.050406003272838479 -0.052585026743166279
leaf_weight=0.067981304104578588 0.049472037702798843 0.041978426277667125 0.23159721940071942 0.026185174832565362 0.011468937770727605 0.90852890229316985 0.069955699145793498 0.041840700285191157 0.42598077745131924 1.1200783866400605 0.093069668704442221 3.1987064035722055 31.07664123241943 0.15155950188636791 0.24671316846460983 8.3308115139431038 1.5901776952565754 0.18912837068483801 0.23750337495233431 2.4903916900195595 0.47216075837413285 11.567329153093285 0.2484524659247288 0.3243743516888235 0.13577549159526825 0.19043320417404175 0.15501577577770931 0.1734449565410614 0.026381766243018107 0.046742398291827712
leaf_count=44 21 47 164 682 35 125 2 209 219 76 59 4111 120762 3 22 53357 870 50 14 893 3758 12664 132 123 20 38 6 2 95 5
internal_value=-0.031688 0.0368268 0.566705 -0.037402 -0.395919 0.00248569 0.261499 -0.0359418 -0.0263319 0.103988 0.719216 -0.0309081 -0.0205518 -0.0162468 -0.121917 -0.071444 -0.0660119 0.00503569 -0.0619023 -0.00581787 0.0258579 -0.0666358 0.039908 -0.0335552 -0.220848 -0.169561 0.0254108 -0.0603438 -0.0530841 -0.0520794
internal_weight=63.9399 4.92204 0.299579 59.0178 0.239412 4.62246 0.311761 58.7784 44.5432 1.51107 0.142542 43.0321 34.2753 4.3107 0.722647 8.75679 14.2352 3.58805 13.8672 3.39892 0.709664 13.1575 1.36853 0.475934 0.368049 0.232274 0.227943 0.269782 0.0963375 0.0729276
internal_count=198608 1570 208 197038 728 1362 146 196310 178737 288 80 178449 124873 1216 148 53576 17573 1068 17306 1018 3772 13534 208 126 267 247 693 99 97 687
is_linear=0
shrinkage=0.05


Tree=197
num_leaves=31
num_cat=0
split_feature=15 25 9 23 23 7 7 1 23 22 21 0 25 20 27 14 4 18 20 3 10 23 18 25 12 19 3 17 23 19
split_gain=9.24196 486.192 7255.69 55.555 327.091 7.19229 37.1805 170.583 6.92013 16.4527 30.9341 5.68945 4.00907 5.86517 4.29105 5.81273 4.58747 3.71183 3.48104 3.45633 3.40735 2.834 2.58989 2.0735 1.76372 1.72317 1.65402 1.52026 1.50485 1.0599
threshold=-2.1655690976334547 -1.3513707188227959 -1.4691726545867143 1.2773484043187058 1.433804251001713 0.54820167569678457 0.69160161182903301 1.3410606024845306 -0.35089533368004311 -3.6248907980556369 -1.4284052271931944 0.13845691185058165 -1.3023747174173632 1.5392865517989789 -0.053255776620741734 -0.59117552439884147 -0.47118965131618307 0.34632956516787483 0.049789176789123264 0.37928579661274903 0.73714287886475749 -1.685021950746556 0.36469098822743379 -1.2237025225145131 -2.094363937118469 1.0314388520960531 -2.5823055605157172 1.2996138210937722 1.7623222769791533 -3.5837537788192577
decision_type=2 2 2 2 2 2 2 2 2 2 2 2 2 2 2 2 2 2 2 2 2 2 2 2 2 2 2 2 2 2
left_child=1 2 -1 5 -5 19 7 -7 9 10 -2 17 13 26 24 20 -17 23 21 -3 -16 -13 -19 -11 -14 -8 -10 -26 -28 -21
right_child=8 3 -4 4 -6 6 25 -9 12 11 -12 18 14 -15 15 16 -18 22 -20 29 -22 -23 -24 -25 27 -27 28 -29 -30 -31
leaf_value=129.1215487696804 0.057686243000161098 -0.049371300269409613 -0.050798709639133147 9.6041844929484768 -0.051504987045882369 -0.1230828586262655 0.0649213920311522 -3.4837575000614871 -0.25439025742193111 -0.12112364136024022 1.200111033502171 -0.053335531224263988 0.063055634354713438 0.087372145731005713 -0.069483244324533247 -0.074757150497679559 0.014935158062709758 0.11036710906540073 -0.051394194582275066 0.18183004955121596 0.0017041330741612095 0.059778201339689377 -0.014010772021845787 -0.047430134136440226 -0.055351243871837021 -0.038189801580521709 -0.086806866305862151 -0.095351276428879195 -0.23981514956652519 0.060174565502212
leaf_weight=0.0011612459484769784 0.23108042062066264 0.82667550749768315 0.017032072000143356 0.010358347179135648 0.057229373165472712 0.27716803036170623 0.72828227920863353 0.043714465672053393 0.15855356341857874 1.137747165814601 0.079688874833724943 0.64439986710648023 0.27712567950793321 0.47399951263474793 7.5172957750478036 1.7046679847054473 8.7087614855900028 0.46895867545274095 1.2130121340458382 0.19936692714691151 2.1650644705927098 3.936092931139402 3.8927879140068407 5.9271628211209046 10.54738888805119 0.9133264059492584 6.070298012049359 3.0658834569179456 0.1650651274110152 1.7557235468075347
leaf_count=99 55 2300 603 68 120 193 364 12 150 1506 83 4302 526 187 14600 20433 46067 240 10150 3 5440 14562 13539 16175 34445 153 8781 2603 66 783
internal_value=-0.0307142 0.0357545 8.19403 0.00490846 1.42831 -0.0153696 -0.0886648 -0.580914 -0.036213 -0.00993504 0.350632 -0.0164421 -0.0474892 -0.0823319 -0.0404482 -0.0256773 0.000252617 -0.0369065 0.0239201 0.0363391 -0.0535651 0.043865 -0.000638128 -0.0592979 -0.0618177 0.00755439 -0.0949126 -0.0643598 -0.0908574 0.0725802
internal_weight=63.2151 4.83004 0.0181933 4.81184 0.0675877 4.74426 1.96249 0.320882 58.385 17.5309 0.310769 17.2202 40.8541 6.86792 33.9862 20.0958 10.4134 11.4267 5.7935 2.78177 9.68236 4.58049 4.36175 7.06491 13.8904 1.64161 6.39392 13.6133 6.23536 1.95509
internal_count=198608 4698 702 3996 188 3808 722 205 193910 60612 138 60474 133298 9184 124114 86540 66500 31460 29014 3086 20040 18864 13779 17681 37574 517 8997 37048 8847 786
is_linear=0
shrinkage=0.05


Tree=198
num_leaves=22
num_cat=0
split_feature=3 20 9 15 3 16 15 11 23 25 14 7 8 15 15 13 25 25 24 4 16
split_gain=2226.38 10763.9 338379 366714 288.585 6722.25 832.254 55.8063 3471.26 1487.72 2491.71 667.887 21.1213 1574.91 95.6554 11.3657 52.5587 6.40575 2.95967 0.000212502 6.16235e-05
threshold=-2.5823055605157172 -0.44108908482809411 -1.4691726545867143 -0.70285111266571143 -2.1750484505419592 0.40234489588927852 -0.87837740547374088 1.229267694973313 -1.7483580404454051 -2.0366443950198452 -0.40255276334557427 0.54820167569678457 2.0190230060113197 -2.4216760821646646 -2.1655690976334547 -3.9074159136352793 -1.5240449137506304 -1.2768744350923471 0.78082303373687401 -1.1481923057763257 -0.50256255604911082
decision_type=2 2 2 2 2 2 2 2 2 2 2 2 2 2 2 2 2 2 2 2 2
left_child=1 18 3 -3 5 6 -2 12 -9 10 -10 -11 15 -14 -15 16 -6 -17 -1 -8 -21
right_child=4 2 -4 -5 7 -7 19 8 9 11 -12 -13 13 14 -16 17 -18 -19 -20 20 -22
leaf_value=-0.48578060156864389 -11.03899405432697 -1238.1312881116082 -0.05350064649827399 -0.050057328566530057 0.86455900800193664 -58.074526623251771 -0.055021181750808473 -87.306420466551813 -0.050082058589601311 -0.15150758166432257 -99.901439858028695 -17.00400552182278 -16.032055883338355 -4.8709761718210522 -0.059899302739124076 -0.082145599032345445 0.011897075227073567 -0.02855586600336657 -0.2021173070553097 -0.052983589609084808 -0.051380379379560782
leaf_weight=0.18136433410761377 0.018201487829796303 0.0011711670567525739 0.062345398010081134 0.0012222978931184176 0.18799063931510218 0.0051700422467978449 0.082931560805320631 0.0011460474893217878 0.0016610191543087113 1.8182674564262167 0.0010014883005197211 0.0058982186877066791 0.015562061469639565 0.010372481092004171 2.6169647179246374 6.3447194606654156 4.6796102045481547 46.043231415170389 0.1865291311316235 0.10752245239926084 0.13543884302970158
leaf_count=96 313 116 373 127 10 188 41 626 92 6183 77 2082 97 39 5476 10395 551 170616 76 566 468
internal_value=-0.0759608 -3.65035 -22.451 -605.866 -0.0510493 -1.48424 -0.633968 -0.0429399 -0.315084 -0.260511 -37.6086 -0.205998 -0.0346347 -0.172829 -0.078893 -0.0282556 0.0448276 -0.0350461 -0.341958 -0.0528358 -0.0520899
internal_weight=62.5083 0.432632 0.0647389 0.00239346 62.0757 0.349264 0.344094 61.7264 1.82797 1.82683 0.00266251 1.82417 59.8985 2.6429 2.62734 57.2556 4.8676 52.388 0.367893 0.325893 0.242961
internal_count=198608 788 616 243 197820 1576 1388 196244 9060 8434 169 8265 187184 5612 5515 181572 561 181011 172 1075 1034
is_linear=0
shrinkage=0.05


Tree=199
num_leaves=31
num_cat=0
split_feature=3 14 15 3 15 16 7 25 11 25 26 23 27 17 17 25 29 11 2 14 27 6 1 15 8 16 4 12 19 5
split_gain=103.611 2344.67 55557.5 38.9556 15154.2 112.627 3891.59 152.282 10.6251 80.4993 20.0813 55.8041 14.7191 13.0325 274.586 3354.38 7.27022 38.0341 4.34927 0.892368 0.474337 0.344477 0.0747584 0.0299624 0.000143215 4.76291e-05 2.65144e-05 1.89921e-05 1.02451e-06 1.00519e-06
threshold=-2.1750484505419592 -0.092794182330021638 -1.1612502760283716 -1.1600111492200591 -2.6130763050215537 0.88146583159715697 -0.0029201591123684608 -1.4601212662814049 -2.4823734980974708 -1.7266493532781408 -2.3805485318847128 0.77873235159164877 1.9439264941652399 -2.4908959895935157 -2.6977004545520193 -1.0412829892131261 -1.0000000180025095e-35 -1.6749881292122837 -1.6490298684530373 -0.66214892461536079 0.98719027370573753 -1.5358683843737935 -1.1927497892169672 -3.2656479115144936 1.8483978213177912 -0.50256255604911082 -0.72716630679166672 2.8549574796354951 -0.94709544758985986 -1.5596358989794232
decision_type=2 2 2 2 2 2 2 2 2 2 2 2 2 2 2 2 2 2 2 2 2 2 2 2 2 2 2 2 2 2
left_child=1 19 -3 4 -2 20 -7 -8 9 -5 11 -11 -12 14 21 -16 18 -18 -15 24 22 -10 -6 -21 25 28 -26 -27 -1 -4
right_child=3 2 29 8 5 6 7 -9 13 10 12 -13 -14 16 15 -17 17 -19 -20 23 -22 -23 -24 -25 26 27 -28 -29 -30 -31
leaf_value=-0.053000670700892309 -108.47645444320113 -362.55973752077034 -0.051212907281616329 2.1075677620887565 -0.073281838838714961 -99.931216652530892 -8.3227290263736524 -0.051055388424614712 -0.13936712772566925 0.038919593929429647 0.0075868093867681001 1.233440732034758 -0.36073387608945034 -0.0031053814173288069 -91.048685849032339 -0.050231507633231955 1.9407950334357904 -0.0070517691164841802 -0.053355806742194638 -0.17474676607830777 -0.1385066623582217 -0.057092190662652878 -0.059721663994980634 -0.14826464130502559 -0.054752395629329924 -0.050810227554819745 -0.053351855503810552 -0.052190409623469908 -0.052683136682738677 -0.05003467434233716
leaf_weight=0.053410336385631502 0.0032279423666884402 0.0011034186846293923 0.023122675716876755 0.04629478734870307 1.6942078479353533 0.0010011893655352119 0.0060441782654224582 0.070063310560902176 0.23005262732707643 0.44554239228568704 6.5738438776767723 0.12526097436318473 0.28292327658460958 5.0983615268284472 0.0010989137947107807 0.012909498871505217 0.025102281949814009 15.339664015918938 27.707640230764859 0.20425890386104584 0.2324420551041867 0.28462494631280766 2.5405997158299742 0.22387857914781106 0.079264082014560699 0.065576597585219942 0.05890819444038059 0.040208093822002411 0.048442277792864114 0.0019639549712611058
leaf_count=15 607 466 11 61 746 369 29 917 38 96 3873 37 61 6213 52 650 87 79473 84731 3 827 1153 16224 511 6 355 52 2 205 738
internal_value=-0.0452873 -0.610546 -15.3241 -0.0378387 -0.178593 -0.101667 -1.99629 -0.707961 -0.0264438 0.0290648 0.0161098 0.301053 -0.0076108 -0.0349627 -0.281859 -7.18876 -0.0322529 -0.00386946 -0.0455464 -0.112647 -0.0689637 -0.0938678 -0.0651466 -0.160899 -0.0529079 -0.0520779 -0.0541553 -0.0513348 -0.0528496 -0.0511207
internal_weight=61.521 0.800137 0.02619 60.7209 4.54759 4.54436 0.0771087 0.0761075 56.1733 7.47387 7.42757 0.570803 6.85677 48.6995 0.528686 0.0140084 48.1708 15.3648 32.806 0.773947 4.46725 0.514678 4.23481 0.428137 0.34581 0.207637 0.138172 0.105785 0.101853 0.0250866
internal_count=198608 2364 1215 196244 19719 19112 1315 946 176525 4128 4067 133 3934 172397 1893 702 170504 79560 90944 1149 17797 1191 16970 514 635 577 58 357 220 749
is_linear=0
shrinkage=0.05


end of trees

feature_importances:
Column_24=327
Column_12=270
Column_13=270
Column_18=265
Column_3=261
Column_11=253
Column_8=244
Column_25=225
Column_5=217
Column_7=214
Column_17=203
Column_28=195
Column_0=194
Column_16=194
Column_21=192
Column_4=188
Column_10=185
Column_23=185
Column_9=184
Column_14=181
Column_6=175
Column_26=172
Column_1=160
Column_20=160
Column_29=155
Column_15=153
Column_2=149
Column_27=140
Column_22=127
Column_19=101

parameters:
[boosting: gbdt]
[objective: binary]
[metric: binary_logloss]
[tree_learner: serial]
[device_type: cpu]
[data_sample_strategy: bagging]
[data: ]
[valid: ]
[num_iterations: 200]
[learning_rate: 0.05]
[num_leaves: 31]
[num_threads: 8]
[seed: 42]
[deterministic: 0]
[force_col_wise: 0]
[force_row_wise: 0]
[histogram_pool_size: -1]
[max_depth: 6]
[min_data_in_leaf: 20]
[min_sum_hessian_in_leaf: 0.001]
[bagging_fraction: 1]
[pos_bagging_fraction: 1]
[neg_bagging_fraction: 1]
[bagging_freq: 0]
[bagging_seed: 400]
[bagging_by_query: 0]
[feature_fraction: 1]
[feature_fraction_bynode: 1]
[feature_fraction_seed: 30056]
[extra_trees: 0]
[extra_seed: 12879]
[early_stopping_round: 0]
[early_stopping_min_delta: 0]
[first_metric_only: 0]
[max_delta_step: 0]
[lambda_l1: 0]
[lambda_l2: 0]
[linear_lambda: 0]
[min_gain_to_split: 0]
[drop_rate: 0.1]
[max_drop: 50]
[skip_drop: 0.5]
[xgboost_dart_mode: 0]
[uniform_drop: 0]
[drop_seed: 17869]
[top_rate: 0.2]
[other_rate: 0.1]
[min_data_per_group: 100]
[max_cat_threshold: 32]
[cat_l2: 10]
[cat_smooth: 10]
[max_cat_to_onehot: 4]
[top_k: 20]
[monotone_constraints: ]
[monotone_constraints_method: basic]
[monotone_penalty: 0]
[feature_contri: ]
[forcedsplits_filename: ]
[refit_decay_rate: 0.9]
[cegb_tradeoff: 1]
[cegb_penalty_split: 0]
[cegb_penalty_feature_lazy: ]
[cegb_penalty_feature_coupled: ]
[path_smooth: 0]
[interaction_constraints: ]
[verbosity: -1]
[saved_feature_importance_type: 0]
[use_quantized_grad: 0]
[num_grad_quant_bins: 4]
[quant_train_renew_leaf: 0]
[stochastic_rounding: 1]
[linear_tree: 0]
[max_bin: 255]
[max_bin_by_feature: ]
[min_data_in_bin: 3]
[bin_construct_sample_cnt: 200000]
[data_random_seed: 175]
[is_enable_sparse: 1]
[enable_bundle: 1]
[use_missing: 1]
[zero_as_missing: 0]
[feature_pre_filter: 1]
[pre_partition: 0]
[two_round: 0]
[header: 0]
[label_column: ]
[weight_column: ]
[group_column: ]
[ignore_column: ]
[categorical_feature: ]
[forcedbins_filename: ]
[precise_float_parser: 0]
[parser_config_file: ]
[objective_seed: 16083]
[num_class: 1]
[is_unbalance: 0]
[scale_pos_weight: 1]
[sigmoid: 1]
[boost_from_average: 1]
[reg_sqrt: 0]
[alpha: 0.9]
[fair_c: 1]
[poisson_max_delta_step: 0.7]
[tweedie_variance_power: 1.5]
[lambdarank_truncation_level: 30]
[lambdarank_norm: 1]
[label_gain: ]
[lambdarank_position_bias_regularization: 0]
[eval_at: ]
[multi_error_top_k: 1]
[auc_mu_weights: ]
[num_machines: 1]
[local_listen_port: 12400]
[time_out: 120]
[machine_list_filename: ]
[machines: ]
[gpu_platform_id: -1]
[gpu_device_id: -1]
[gpu_device_id_list: ]
[gpu_use_dp: 0]
[num_gpu: 1]

end of parameters

pandas_categorical:null
